CustomerID,FirstName,LastName,DOB,Province,MonthlyIncome,EmploymentStatus,CreditScore
CUST000001,Danielle,Johnson,1968-10-07,Gauteng,24213.79,Employed,389.0
CUST000002,Jeffrey,Doyle,1988-01-18,Gauteng,23229.2,Self-Employed,729.0
CUST000003,Patricia,Miller,10-27-1975,Gauteng,17352.57,Unemployed,459.0
CUST000004,Anthony,Robinson,10-28-1979,Western Cape,12285.67,Unemployed,344.0
CUST000005,Anthony,Gonzalez,1986-10-05,Mpumalanga,28100.85,Unemployed,496.0
CUST000006,Amy,Robinson,1983-11-08,Eastern Cape,83810.33,Employed,689.0
CUST000007,Lisa,Smith,03-31-1994,KwaZulu-Natal,21365.32,Employed,475.0
CUST000008,Helen,Peterson,11/01/1963,KwaZulu-Natal,26230.8,Self-Employed,632.0
CUST000009,Susan,Rogers,1960-01-08,Eastern Cape,69306.19,Employed,516.0
CUST000010,Colin,Abbott,07-18-1984,Eastern Cape,36348.37,Retired,446.0
CUST000011,Lindsay,Blair,22/04/1981,Northern Cape,64634.61,Retired,670.0
CUST000012,Teresa,Gray,24/01/1982,Northern Cape,65340.46,Self-Employed,463.0
CUST000013,Maria,Montgomery,05 Dec 1996,Western Cape,52469.02,Unemployed,311.0
CUST000014,Barbara,Bush,1957-10-07,Northern Cape,66372.2,Unemployed,745.0
CUST000015,Jeremy,Roberts,1959-05-25,Free State,65837.96,Employed,605.0
CUST000016,Jesse,Garcia,28/11/1968,KwaZulu-Natal,17504.7,Employed,631.0
CUST000017,Cynthia,Diaz,1973-05-03,Limpopo,71449.08,Employed,546.0
CUST000018,Jason,Adams,2000-07-11,Western Cape,70189.87,Self-Employed,431.0
CUST000019,Deborah,Lynch,13/10/1963,Free State,53330.81,Self-Employed,619.0
CUST000020,Jessica,Martin,10-12-1973,North West,40844.63,Employed,
CUST000021,Veronica,Bowman,20/04/1982,,61481.2,Employed,332.0
CUST000022,Gabrielle,Cameron,1992-10-24,Northern Cape,58352.71,Self-Employed,784.0
CUST000023,Jeremy,Johnson,16 Sep 1970,Mpumalanga,12302.93,Retired,720.0
CUST000024,Joseph,Clark,2000-10-29,Western Cape,63121.19,Employed,554.0
CUST000025,Nancy,Edwards,11 Jan 1987,KwaZulu-Natal,26922.88,Employed,753.0
CUST000026,Randall,Rocha,1977-08-04,Gauteng,,Employed,542.0
CUST000027,Joseph,Wright,06 Jul 1982,North West,36783.74,Retired,302.0
CUST000028,Jose,Richards,08-30-1998,North West,60575.62,Retired,458.0
CUST000029,Reginald,Robinson,13/06/2003,Gauteng,48146.71,Employed,351.0
CUST000030,William,Davis,30/10/1957,Gauteng,10948.97,Employed,540.0
CUST000031,Daniel,Burton,02/08/1993,Gauteng,38247.61,Unemployed,567.0
CUST000032,Robert,Brown,11-19-1973,Eastern Cape,15035.7,Retired,623.0
CUST000033,Wendy,Rice,2002-03-06,Gauteng,84875.58,Employed,850.0
CUST000034,Michelle,Smith,02-28-1990,KwaZulu-Natal,75409.57,Unemployed,591.0
CUST000035,Erin,Herrera,05-16-1968,,70276.88,Employed,437.0
CUST000036,Danielle,Rodriguez,1976-06-08,Northern Cape,27181.38,Unemployed,508.0
CUST000037,Shawn,Mckay,08-10-1997,Northern Cape,77379.59,Employed,733.0
CUST000038,Jose,Mason,1964-02-22,Gauteng,15030.98,Self-Employed,752.0
CUST000039,Rita,Harrell,22 Nov 1969,,10557.13,Self-Employed,336.0
CUST000040,Danielle,Lynch,26/11/1962,Mpumalanga,29314.8,Employed,666.0
CUST000041,Kathryn,Ryan,09/12/1992,Western Cape,49570.62,Self-Employed,542.0
CUST000042,Alyssa,Smith,16/02/1971,,63793.44,Retired,554.0
CUST000043,Andrew,Hickman,1997-09-29,Mpumalanga,73616.76,Retired,658.0
CUST000044,Marie,Parker,07/05/1958,,20046.95,Employed,585.0
CUST000045,Natalie,Arroyo,05 Sep 1959,Northern Cape,6721.84,Unemployed,482.0
CUST000046,Todd,Jones,01-28-1992,Gauteng,39482.38,Unemployed,746.0
CUST000047,Katie,Anderson,1978-05-19,Mpumalanga,19801.34,Retired,301.0
CUST000048,Andrea,Baker,11/06/1997,Limpopo,80884.4,Unemployed,427.0
CUST000049,Rodney,Lewis,06-14-1981,Northern Cape,37375.63,Unemployed,430.0
CUST000050,Jessica,Harris,13 Jul 1970,KwaZulu-Natal,28726.46,Employed,611.0
CUST000051,Wanda,Santos,05 Aug 1976,Limpopo,40093.86,Retired,473.0
CUST000052,Zachary,Martinez,05-09-1966,Northern Cape,54350.49,Self-Employed,617.0
CUST000053,Matthew,Chapman,12/08/1966,,24209.82,Employed,766.0
CUST000054,Jeffrey,Jones,10/11/1985,Mpumalanga,24140.75,Employed,409.0
CUST000055,Jeremy,Whitehead,30/10/1996,KwaZulu-Natal,60520.9,Self-Employed,424.0
CUST000056,Chad,Young,05 Sep 1987,Northern Cape,52433.91,Retired,816.0
CUST000057,Jason,Anderson,21 Jun 2000,KwaZulu-Natal,42711.29,Self-Employed,583.0
CUST000058,Ashley,Kennedy,24 Mar 1993,Eastern Cape,10737.41,Unemployed,643.0
CUST000059,Lindsey,Lee,1960-03-21,KwaZulu-Natal,35334.34,Self-Employed,365.0
CUST000060,Ryan,Henderson,12-25-1977,Northern Cape,9512.39,Retired,320.0
CUST000061,Jessica,Nunez,22 Oct 2002,,32816.58,Retired,525.0
CUST000062,Corey,Powell,11-08-1971,Mpumalanga,35803.0,Retired,469.0
CUST000063,Michelle,Wright,11/09/1964,,36218.63,Employed,385.0
CUST000064,Shane,Henderson,08/12/1968,North West,25442.58,Retired,634.0
CUST000065,John,Leblanc,01 Nov 1976,Free State,71469.9,Employed,
CUST000066,Michelle,Pierce,1957-12-29,Limpopo,10023.78,Employed,331.0
CUST000067,Yvette,Huff,29/01/2002,Gauteng,23702.87,Employed,523.0
CUST000068,Sara,Allison,07-20-1963,Limpopo,53383.42,Employed,467.0
CUST000069,Todd,Lewis,1974-10-26,Gauteng,50851.64,Retired,706.0
CUST000070,Brian,Gray,11/11/2002,Western Cape,71361.02,Unemployed,423.0
CUST000071,Joseph,Bowers,1977-05-29,Limpopo,57752.47,Unemployed,312.0
CUST000072,Rodney,Bernard,07 May 2003,Western Cape,33656.14,Retired,456.0
CUST000073,Angela,Higgins,12-30-1962,Northern Cape,41922.34,Unemployed,630.0
CUST000074,Kenneth,Novak,1983-05-15,Free State,24131.01,Retired,
CUST000075,Amy,Adkins,04-24-1958,KwaZulu-Natal,33063.41,Unemployed,582.0
CUST000076,Breanna,Shaw,30/06/1996,Western Cape,37217.46,Self-Employed,787.0
CUST000077,Eric,Yu,31 May 1959,North West,11990.79,Self-Employed,613.0
CUST000078,Jacob,Larson,12-23-1987,North West,32172.47,Unemployed,660.0
CUST000079,Joe,Wilson,04-20-1998,Free State,14212.8,Employed,848.0
CUST000080,John,Wheeler,18/04/1985,Eastern Cape,43477.99,Unemployed,402.0
CUST000081,Robert,Silva,08-29-1980,Eastern Cape,28832.54,Self-Employed,580.0
CUST000082,Sarah,Harris,1989-12-11,Northern Cape,80499.21,Retired,405.0
CUST000083,John,Foster,10-23-1987,North West,31926.83,Unemployed,789.0
CUST000084,Kevin,Stewart,1991-08-28,Mpumalanga,50950.2,Self-Employed,452.0
CUST000085,Charles,Ellis,06-29-2003,Western Cape,14035.35,Self-Employed,835.0
CUST000086,Wendy,Jones,19 Oct 1965,Free State,84197.52,Employed,401.0
CUST000087,Joseph,Mahoney,06/11/1997,Eastern Cape,11035.59,Employed,
CUST000088,Natasha,Wood,20 Feb 1963,North West,23133.84,Retired,372.0
CUST000089,Martha,Warner,12-04-1984,Eastern Cape,48337.27,Unemployed,445.0
CUST000090,Vanessa,Valdez,11/12/1955,Free State,70851.34,Retired,427.0
CUST000091,Lisa,Evans,05-30-1987,Mpumalanga,44788.01,Employed,340.0
CUST000092,Sheila,Taylor,02-08-1961,,22928.42,Employed,575.0
CUST000093,Daniel,Tran,21/08/1968,North West,40099.47,Retired,803.0
CUST000094,Cassandra,Robbins,04 May 1965,Limpopo,30345.19,Self-Employed,637.0
CUST000095,Cynthia,Baker,06 Jan 1979,Free State,36736.41,Employed,765.0
CUST000096,Rebecca,Mathis,12-31-1959,Limpopo,66690.11,Employed,773.0
CUST000097,Rodney,Hill,27/09/1955,Northern Cape,65393.67,Employed,508.0
CUST000098,Kellie,Walsh,21/02/1968,Free State,60709.13,Self-Employed,462.0
CUST000099,Joyce,Arnold,1976-02-05,Northern Cape,22588.4,Employed,772.0
CUST000100,Alec,Jones,15/12/1997,North West,27994.86,Retired,794.0
CUST000101,Rebecca,Gardner,18/08/1995,North West,35378.67,Self-Employed,371.0
CUST000102,Brandi,Hernandez,07 Sep 1961,Limpopo,45372.88,Unemployed,605.0
CUST000103,Kyle,Nolan,12 Oct 1993,KwaZulu-Natal,43489.48,Retired,766.0
CUST000104,Michelle,Nolan,26/08/1965,Eastern Cape,23301.78,Employed,625.0
CUST000105,John,Garcia,04 Jan 1993,Mpumalanga,68287.69,Self-Employed,807.0
CUST000106,Nicole,Russell,11/05/1985,Northern Cape,31225.57,Retired,402.0
CUST000107,Eric,Spears,25 Jan 1997,Gauteng,37503.28,Self-Employed,376.0
CUST000108,Theresa,Cochran,11-15-1997,Limpopo,36497.41,Unemployed,846.0
CUST000109,Angel,Doyle,07-06-1971,North West,7389.88,Unemployed,532.0
CUST000110,Sarah,Pham,15 Jan 1997,Western Cape,61163.21,Self-Employed,606.0
CUST000111,Lisa,Adams,1993-05-12,Limpopo,28116.11,Self-Employed,550.0
CUST000112,Daniel,Brennan,11/10/1996,KwaZulu-Natal,53564.09,Self-Employed,809.0
CUST000113,Jeffrey,Velasquez,30/08/1977,Eastern Cape,24945.18,Employed,776.0
CUST000114,Kevin,Pope,29/06/1966,Western Cape,32318.03,Retired,556.0
CUST000115,Andrew,Lee,04-29-1971,Eastern Cape,73193.5,Retired,667.0
CUST000116,Michelle,Rasmussen,12-18-1968,Gauteng,57487.5,Employed,808.0
CUST000117,Darlene,Ross,08-30-2002,Eastern Cape,32861.84,Unemployed,440.0
CUST000118,Amanda,Crosby,1961-02-07,Free State,7185.84,Self-Employed,392.0
CUST000119,Tara,White,10-08-2001,Mpumalanga,15138.86,Unemployed,843.0
CUST000120,Joseph,Rodriguez,06-04-1976,KwaZulu-Natal,70887.53,Unemployed,646.0
CUST000121,Jessica,Edwards,31 Aug 1984,Western Cape,82303.27,Retired,674.0
CUST000122,William,Cruz,30 Mar 1983,Gauteng,14448.89,Unemployed,690.0
CUST000123,Jonathan,Fletcher,08-25-1955,Western Cape,42453.89,Unemployed,526.0
CUST000124,Sara,Ryan,06 Feb 1990,Free State,13892.41,Employed,611.0
CUST000125,Judy,Lambert,1973-01-18,Western Cape,47772.5,Unemployed,729.0
CUST000126,Chad,Beck,02/06/1971,Mpumalanga,71612.29,Unemployed,333.0
CUST000127,Lee,Charles,11/02/1990,North West,23507.07,Unemployed,667.0
CUST000128,Kevin,Parker,03-03-1975,Eastern Cape,80895.37,Employed,517.0
CUST000129,Richard,Phillips,1961-09-04,Gauteng,24107.3,Self-Employed,370.0
CUST000130,Robert,Bentley,29/01/1988,Eastern Cape,23256.39,Employed,583.0
CUST000131,Raven,Gilbert,05/01/1970,KwaZulu-Natal,68780.36,Employed,
CUST000132,Amy,Smith,04/05/1969,,25862.08,Retired,838.0
CUST000133,Russell,Carpenter,1986-12-29,North West,33644.14,Retired,815.0
CUST000134,Steven,Ramos,1965-10-28,Northern Cape,56288.93,Retired,711.0
CUST000135,Thomas,Santana,1993-10-10,North West,40206.77,Unemployed,451.0
CUST000136,Gene,Miller,04-22-1980,Northern Cape,35162.8,Unemployed,764.0
CUST000137,Cynthia,Rogers,07 Nov 1994,Western Cape,13710.33,Self-Employed,740.0
CUST000138,Karen,Chambers,08/05/1966,Mpumalanga,41006.66,Employed,620.0
CUST000139,James,Johnson,04-27-1967,Limpopo,59789.09,Employed,387.0
CUST000140,Thomas,Atkinson,1959-01-23,Limpopo,49287.84,Unemployed,425.0
CUST000141,Robert,Soto,24 Nov 1964,Gauteng,52833.01,Self-Employed,458.0
CUST000142,Heather,Snyder,12/04/1967,Western Cape,49279.37,Unemployed,531.0
CUST000143,Diana,Smith,1991-08-12,,26498.27,Unemployed,
CUST000144,Kayla,Rodriguez,22/12/1975,Mpumalanga,64148.01,Employed,843.0
CUST000145,Gregory,Rubio,05 Jun 1980,North West,34289.27,Employed,353.0
CUST000146,Brent,Wright,1996-04-15,Western Cape,57786.06,Retired,724.0
CUST000147,Stephen,Solis,1987-08-11,Limpopo,27301.34,Retired,839.0
CUST000148,Vanessa,Larson,2001-03-03,Eastern Cape,,Unemployed,516.0
CUST000149,Patricia,Salazar,02-03-1990,Free State,5122.26,Self-Employed,432.0
CUST000150,William,Rivas,12/11/1981,Northern Cape,58277.88,Retired,343.0
CUST000151,Phyllis,Manning,08 May 1978,Western Cape,50848.61,Retired,596.0
CUST000152,Jonathon,Wright,1986-03-05,Limpopo,80782.95,Unemployed,390.0
CUST000153,Katie,Boyd,1985-08-26,Eastern Cape,36736.21,Unemployed,647.0
CUST000154,Joshua,Jones,13/04/1969,Western Cape,13679.14,Unemployed,659.0
CUST000155,Joseph,Flores,29/06/1981,Eastern Cape,25105.44,Self-Employed,377.0
CUST000156,Devon,Hall,16 Nov 1988,North West,65670.11,Unemployed,623.0
CUST000157,Jasmine,Brown,1975-02-18,North West,28877.05,Employed,660.0
CUST000158,Amy,Perry,06-30-1965,North West,9079.65,Employed,392.0
CUST000159,Robert,Stein,09 Aug 1983,North West,81315.63,Employed,760.0
CUST000160,Heather,Gates,25/04/1992,Limpopo,44860.07,Retired,405.0
CUST000161,Omar,Smith,06-14-1972,Western Cape,18390.99,Retired,749.0
CUST000162,Karen,Castaneda,01/05/2001,Limpopo,27272.93,Unemployed,353.0
CUST000163,Robert,Adkins,10-12-1981,Western Cape,49416.04,Unemployed,453.0
CUST000164,Carrie,Walker,05/02/1966,Limpopo,57312.4,Self-Employed,386.0
CUST000165,Ryan,Johnson,14 Sep 1971,Limpopo,58444.37,Employed,733.0
CUST000166,Erin,Powell,1963-06-28,Limpopo,81069.13,Retired,496.0
CUST000167,Tanner,Anderson,08/06/1985,KwaZulu-Natal,72476.49,Employed,644.0
CUST000168,Anthony,Long,28/08/1982,Mpumalanga,19058.1,Self-Employed,748.0
CUST000169,Anthony,Day,01-30-1962,Eastern Cape,53652.93,Retired,539.0
CUST000170,Steven,Williams,10-06-1973,North West,20118.3,Retired,772.0
CUST000171,Jason,Murphy,08 Feb 1992,Northern Cape,82284.59,Self-Employed,556.0
CUST000172,Nicholas,Walton,02 Jul 1995,Limpopo,12758.47,Employed,591.0
CUST000173,Johnny,Miller,30/06/1956,Free State,45824.9,Employed,527.0
CUST000174,Amber,Cooke,05-13-1972,Gauteng,36414.54,Retired,383.0
CUST000175,Debra,Harrington,1986-11-07,Limpopo,72053.69,Self-Employed,440.0
CUST000176,Karen,Herring,19 Feb 1965,KwaZulu-Natal,42263.37,Employed,319.0
CUST000177,Andrew,Hernandez,16/08/1961,Northern Cape,53514.85,Unemployed,543.0
CUST000178,Elizabeth,Elliott,1966-01-11,Eastern Cape,68408.88,Employed,811.0
CUST000179,Holly,Wang,1963-08-15,Northern Cape,62342.82,Employed,661.0
CUST000180,Catherine,Adkins,23 Jan 1961,KwaZulu-Natal,11391.92,Employed,838.0
CUST000181,Lori,Oconnell,1960-10-03,Mpumalanga,8004.52,Unemployed,559.0
CUST000182,Anthony,Collins,01-30-1988,Western Cape,63501.75,Unemployed,436.0
CUST000183,Susan,Sanders,11-20-1989,KwaZulu-Natal,59616.95,Retired,486.0
CUST000184,Charles,Vaughn,1985-09-03,North West,20728.07,Employed,623.0
CUST000185,Curtis,Barton,19 May 1996,Northern Cape,7447.97,Unemployed,665.0
CUST000186,Caroline,Martinez,2002-10-16,Limpopo,68847.06,Retired,750.0
CUST000187,Kimberly,Reed,17 Feb 1976,Limpopo,44444.36,Unemployed,384.0
CUST000188,Mitchell,Hunter,1971-12-12,Mpumalanga,70698.47,Unemployed,405.0
CUST000189,Melissa,Short,08-19-1960,Free State,62271.86,Retired,659.0
CUST000190,Susan,Reid,05-06-1995,Mpumalanga,83392.2,Employed,715.0
CUST000191,Jasmine,Graham,15/10/1990,Gauteng,53409.62,Employed,429.0
CUST000192,Tammy,Nelson,05-12-1994,Limpopo,50163.19,Retired,679.0
CUST000193,Amanda,Webb,1976-06-22,KwaZulu-Natal,36541.74,Self-Employed,
CUST000194,Jessica,Adams,13/06/1996,North West,78040.17,Unemployed,756.0
CUST000195,Mariah,Miller,11-19-1997,North West,15426.14,Self-Employed,755.0
CUST000196,John,Marshall,11-11-1984,Limpopo,48774.77,Unemployed,461.0
CUST000197,Nicholas,Johnson,30/05/1996,Limpopo,14269.68,Self-Employed,542.0
CUST000198,Hunter,Lewis,1993-11-11,Limpopo,34197.35,Self-Employed,388.0
CUST000199,Matthew,Beard,23 Mar 1989,North West,66417.75,Employed,428.0
CUST000200,Joshua,Smith,2001-01-27,North West,46147.48,Self-Employed,432.0
CUST000201,Christopher,Cortez,1979-01-07,Western Cape,28982.03,Self-Employed,654.0
CUST000202,Katherine,Vaughn,07-27-1986,Western Cape,55622.1,Self-Employed,610.0
CUST000203,Travis,Mcguire,1960-01-13,Northern Cape,52140.58,Self-Employed,645.0
CUST000204,Jeffrey,Holt,1970-04-07,Gauteng,80858.02,Unemployed,515.0
CUST000205,Bonnie,Kennedy,19 Jan 1981,Gauteng,54986.7,Unemployed,794.0
CUST000206,Ronald,Reese,12 Jun 1971,Free State,59933.39,Retired,795.0
CUST000207,Jacqueline,Nelson,08-20-1967,KwaZulu-Natal,62328.21,Unemployed,708.0
CUST000208,David,Lee,04-22-1961,Northern Cape,30188.83,Unemployed,760.0
CUST000209,Amanda,Gill,1964-06-15,Gauteng,35424.06,Self-Employed,463.0
CUST000210,Javier,Washington,05-07-1990,Eastern Cape,44610.38,Retired,615.0
CUST000211,Tiffany,Warren,1969-02-24,Mpumalanga,82318.27,Unemployed,349.0
CUST000212,Craig,Lee,27 Jun 1966,North West,5158.28,Self-Employed,570.0
CUST000213,Harry,Smith,16 Mar 1981,Limpopo,8618.19,Unemployed,595.0
CUST000214,Joshua,Mccann,16 Feb 1982,Northern Cape,84121.8,Employed,431.0
CUST000215,Heidi,Martinez,02 Apr 1997,Limpopo,31796.37,Self-Employed,503.0
CUST000216,Travis,Salas,14 Feb 1983,Northern Cape,7632.57,Retired,831.0
CUST000217,Taylor,Alexander,01/06/1964,Limpopo,30141.67,Unemployed,644.0
CUST000218,Brett,Everett,01 Jul 1978,Free State,5839.27,Employed,726.0
CUST000219,Lynn,Morales,1959-02-14,North West,57275.07,Self-Employed,352.0
CUST000220,Crystal,Brown,23/09/1962,Northern Cape,54388.73,Self-Employed,548.0
CUST000221,Anna,Torres,2003-04-11,,29752.24,Self-Employed,720.0
CUST000222,David,Duran,01 Sep 1984,Gauteng,46254.0,Retired,838.0
CUST000223,Krystal,Perez,25/08/1980,North West,32057.32,Unemployed,795.0
CUST000224,Shannon,Ramos,08/11/1996,Free State,22601.8,Unemployed,595.0
CUST000225,Veronica,Torres,17 May 1985,Limpopo,49619.25,Unemployed,594.0
CUST000226,Chelsea,Singh,19 Jan 2001,Mpumalanga,81346.01,Unemployed,343.0
CUST000227,Jared,Clark,1987-04-08,Limpopo,57305.75,Self-Employed,506.0
CUST000228,Eric,Thompson,03-04-1959,Northern Cape,15550.47,Self-Employed,548.0
CUST000229,Aaron,Hayes,26/01/1984,Eastern Cape,37770.76,Employed,
CUST000230,Kelly,Hall,02/07/1989,Mpumalanga,75392.12,Self-Employed,594.0
CUST000231,Jacqueline,Gibson,1988-07-24,Western Cape,23193.73,Employed,479.0
CUST000232,Sandra,French,27/07/1985,Gauteng,36458.06,Unemployed,
CUST000233,Donna,Peck,1975-12-22,Limpopo,84122.51,Retired,437.0
CUST000234,Amy,Holland,04 Mar 1999,Free State,13568.06,Retired,563.0
CUST000235,Margaret,Jones,1963-07-13,Limpopo,50206.39,Self-Employed,715.0
CUST000236,Kyle,Curry,11-21-1982,Western Cape,12178.5,Retired,631.0
CUST000237,Keith,Martinez,1988-08-15,Free State,40462.21,Unemployed,609.0
CUST000238,Holly,Bender,1979-08-04,Free State,60267.87,Employed,776.0
CUST000239,Troy,Miller,24 Jun 1957,Northern Cape,75968.01,Employed,602.0
CUST000240,Ryan,Morris,02/08/1967,Eastern Cape,42993.64,Unemployed,725.0
CUST000241,Christopher,Hayden,11 Sep 1995,Northern Cape,70961.08,Employed,838.0
CUST000242,Barbara,Sampson,07-19-2003,Western Cape,13532.81,Self-Employed,849.0
CUST000243,Emily,Adams,07-01-1957,Northern Cape,59263.77,Retired,393.0
CUST000244,Katelyn,Ruiz,03 Nov 1986,Gauteng,45816.45,Employed,773.0
CUST000245,Sabrina,White,08-30-1983,Gauteng,70224.48,Employed,346.0
CUST000246,Cynthia,Vasquez,1959-12-12,Northern Cape,79733.92,Retired,332.0
CUST000247,Michael,Cook,25/09/1987,KwaZulu-Natal,83255.83,Retired,683.0
CUST000248,Mia,Rivera,11 Nov 1988,North West,77494.77,Self-Employed,656.0
CUST000249,Keith,Landry,14 Aug 1994,Northern Cape,83287.31,Employed,605.0
CUST000250,Andrea,Gibson,31 Aug 1970,Northern Cape,22987.96,Self-Employed,582.0
CUST000251,Marcus,Cordova,1974-12-19,Gauteng,38248.87,Employed,546.0
CUST000252,Xavier,Travis,1987-02-19,Gauteng,58597.9,Self-Employed,345.0
CUST000253,Amy,Gutierrez,27/07/1964,Northern Cape,74030.28,Unemployed,539.0
CUST000254,Michael,Avila,08-02-1985,Limpopo,75038.79,Self-Employed,723.0
CUST000255,Kathleen,Harris,1981-12-05,Northern Cape,75316.97,Retired,807.0
CUST000256,Sara,Kim,01-30-1989,Mpumalanga,30158.12,Self-Employed,607.0
CUST000257,David,Dudley,16 Oct 1984,Eastern Cape,28709.28,Retired,359.0
CUST000258,John,Moore,03 Jan 1982,Northern Cape,35767.73,Unemployed,380.0
CUST000259,Andrea,Davis,03-13-2003,Western Cape,71267.21,Retired,340.0
CUST000260,Robin,Murray,16/03/1961,Northern Cape,21315.57,Unemployed,315.0
CUST000261,Marilyn,Jimenez,18/12/1989,Western Cape,65223.62,Self-Employed,706.0
CUST000262,William,Hill,08-20-1995,Free State,47458.84,Unemployed,668.0
CUST000263,Tina,Sanchez,10 Jan 1982,North West,83496.14,Unemployed,508.0
CUST000264,Patrick,Weeks,18 Dec 1979,Gauteng,22312.56,Unemployed,727.0
CUST000265,Natasha,Shields,29/10/1968,Limpopo,50368.06,Unemployed,563.0
CUST000266,Kristy,Perry,30 May 2000,North West,63488.17,Self-Employed,800.0
CUST000267,William,Hoover,1969-02-21,Northern Cape,72659.14,Employed,306.0
CUST000268,Kenneth,Matthews,07/07/2003,Western Cape,5235.89,Unemployed,361.0
CUST000269,Tracy,Hernandez,02 Jun 1981,,47343.11,Employed,842.0
CUST000270,Michael,Arnold,08-26-1981,Gauteng,60677.66,Self-Employed,409.0
CUST000271,Stanley,Morris,15/08/1964,Eastern Cape,46879.71,Unemployed,706.0
CUST000272,Heidi,Armstrong,11 Oct 1966,North West,84213.76,Employed,332.0
CUST000273,Kimberly,Williams,25 Apr 1991,Mpumalanga,,Self-Employed,384.0
CUST000274,Janet,Shepherd,05 Feb 1974,Limpopo,73565.81,Employed,535.0
CUST000275,Elizabeth,Hoover,24 Aug 2002,Free State,10485.02,Employed,483.0
CUST000276,Tyler,Johnson,09-05-1979,Gauteng,51756.41,Retired,378.0
CUST000277,Brittany,Kane,12/07/1997,Mpumalanga,48015.28,Self-Employed,380.0
CUST000278,Scott,Fox,07-01-1977,Gauteng,23187.59,Retired,
CUST000279,Jennifer,Ortiz,12-30-1986,North West,33142.8,Retired,490.0
CUST000280,Eric,Harrison,02 Feb 2002,Western Cape,28278.05,Employed,384.0
CUST000281,Matthew,Schwartz,04 Oct 1986,KwaZulu-Natal,29992.6,Employed,615.0
CUST000282,Melissa,Phelps,10-24-1996,Western Cape,19585.04,Retired,
CUST000283,Norman,Stewart,01-24-1990,Northern Cape,52642.53,Retired,312.0
CUST000284,Katherine,Brennan,16 Apr 1957,Western Cape,49542.69,Self-Employed,833.0
CUST000285,Casey,Welch,09 Oct 1999,KwaZulu-Natal,28741.07,Employed,471.0
CUST000286,Wendy,Francis,25 May 1976,Free State,10692.17,Self-Employed,807.0
CUST000287,Corey,Schultz,14/06/1997,North West,29024.97,Unemployed,689.0
CUST000288,Scott,Benson,12-06-1998,North West,70145.78,Self-Employed,607.0
CUST000289,Brandon,Flynn,25/08/1969,North West,82148.26,Unemployed,802.0
CUST000290,Nicholas,Thomas,23/01/1981,Limpopo,70227.81,Employed,504.0
CUST000291,Ashlee,Sparks,23/09/1963,,63040.68,Self-Employed,748.0
CUST000292,Christian,Pitts,1985-04-24,Mpumalanga,15703.92,Unemployed,457.0
CUST000293,John,Durham,09 Jun 1962,Western Cape,52633.68,Retired,337.0
CUST000294,Steven,King,10-28-1967,Northern Cape,78109.3,Self-Employed,663.0
CUST000295,Albert,Ballard,1998-10-29,Mpumalanga,31193.53,Employed,310.0
CUST000296,Erica,Moore,08/10/1976,Northern Cape,49418.47,Self-Employed,756.0
CUST000297,Michael,Matthews,27 Mar 1986,Northern Cape,84815.07,Unemployed,725.0
CUST000298,Roger,Wright,1996-02-21,Western Cape,63277.13,Unemployed,766.0
CUST000299,James,Cruz,05 Oct 1978,Limpopo,39772.36,Unemployed,368.0
CUST000300,John,Armstrong,1983-02-27,Gauteng,56661.58,Self-Employed,549.0
CUST000301,Victoria,Phillips,05/07/2002,Limpopo,81656.24,Retired,488.0
CUST000302,Dominique,Hill,24 Sep 1982,,53935.61,Retired,
CUST000303,Gina,Garner,02/12/1957,Eastern Cape,61152.66,Employed,849.0
CUST000304,Catherine,Crawford,12-19-1998,Eastern Cape,25619.45,Unemployed,697.0
CUST000305,Justin,Lindsey,1984-09-15,Limpopo,41357.78,Unemployed,386.0
CUST000306,Michael,Fields,05-15-1985,Western Cape,13914.39,Self-Employed,823.0
CUST000307,Erica,Le,17/03/1987,Mpumalanga,43676.95,Self-Employed,470.0
CUST000308,Mary,Fuller,06/12/1998,KwaZulu-Natal,40805.58,Unemployed,309.0
CUST000309,Debbie,Parker,22/09/1976,Mpumalanga,45187.76,Retired,725.0
CUST000310,Bethany,Oconnor,23 Nov 1959,North West,50014.52,Self-Employed,599.0
CUST000311,Kenneth,Burgess,31/12/1963,Northern Cape,67349.59,Retired,823.0
CUST000312,David,Ryan,2002-03-14,Free State,70774.27,Employed,751.0
CUST000313,Alyssa,Mcintyre,06 Jun 1995,Western Cape,57120.57,Employed,760.0
CUST000314,Jonathan,Summers,1978-09-11,North West,13949.58,Self-Employed,659.0
CUST000315,Lindsay,Francis,29 Oct 1971,KwaZulu-Natal,67680.37,Employed,659.0
CUST000316,Darius,Mccarty,28/04/1962,Limpopo,28057.09,Employed,438.0
CUST000317,Tammy,Dalton,30 Apr 1990,Gauteng,74297.33,Self-Employed,555.0
CUST000318,Tina,Coffey,03-10-1994,Eastern Cape,58936.88,Unemployed,724.0
CUST000319,Michael,Gibbs,1956-03-27,Western Cape,64859.09,Unemployed,765.0
CUST000320,Amanda,Gibson,11-12-1987,Gauteng,72696.97,Retired,666.0
CUST000321,Emily,Richards,16 Jan 1995,Eastern Cape,70900.24,Unemployed,590.0
CUST000322,Shelby,Rodriguez,16/10/1966,North West,76479.45,Employed,401.0
CUST000323,Angel,Henson,07 Jul 1982,Gauteng,73540.95,Employed,738.0
CUST000324,Rose,Walker,08/08/1958,Free State,79584.41,Unemployed,556.0
CUST000325,Madison,Blankenship,26/01/1970,Gauteng,29093.49,Self-Employed,739.0
CUST000326,Ricky,Taylor,2000-12-26,Gauteng,10774.07,Retired,
CUST000327,Kevin,Vasquez,03-25-1960,Western Cape,38496.27,Employed,534.0
CUST000328,Paige,Taylor,1977-05-05,Western Cape,75419.61,Self-Employed,446.0
CUST000329,Ellen,Paul,2000-12-21,KwaZulu-Natal,62655.78,Self-Employed,721.0
CUST000330,Robert,Newton,26 Dec 1962,Eastern Cape,12587.44,Retired,659.0
CUST000331,Robert,Garcia,01-21-1979,KwaZulu-Natal,56391.96,Unemployed,327.0
CUST000332,Ricky,Lynn,02-19-1957,Eastern Cape,45516.57,Unemployed,355.0
CUST000333,Mitchell,Ramos,12/03/2001,North West,23907.08,Employed,840.0
CUST000334,Melissa,Garcia,1988-06-24,Limpopo,15124.62,Retired,674.0
CUST000335,Amy,Levine,13/10/1972,North West,,Employed,314.0
CUST000336,Raymond,Lopez,1961-06-06,Gauteng,36536.99,Retired,733.0
CUST000337,Melanie,Gibson,1987-05-19,Northern Cape,16790.78,Employed,823.0
CUST000338,Darlene,Harper,04/08/1956,Northern Cape,51708.19,Employed,617.0
CUST000339,Kristin,Sanchez,11/08/1961,Gauteng,78932.53,Employed,616.0
CUST000340,Anne,Jones,17/04/1992,,,Retired,655.0
CUST000341,Jamie,Robinson,04-24-1997,KwaZulu-Natal,64857.0,Employed,330.0
CUST000342,Mark,Hernandez,17 Oct 1998,Free State,25667.45,Employed,808.0
CUST000343,Aaron,Garrison,07-06-1962,Gauteng,50134.33,Unemployed,405.0
CUST000344,David,King,1963-12-11,Eastern Cape,4706.76,Employed,550.0
CUST000345,Donna,Johnson,04-12-1956,Mpumalanga,18906.36,Employed,729.0
CUST000346,Kristy,Young,09/02/1971,Mpumalanga,30254.78,Unemployed,422.0
CUST000347,Grant,Williams,1991-03-03,KwaZulu-Natal,46019.82,Retired,370.0
CUST000348,Alicia,Reese,06-05-1978,Free State,,Self-Employed,598.0
CUST000349,Kimberly,Palmer,10-19-1960,Eastern Cape,52131.12,Self-Employed,551.0
CUST000350,William,Dougherty,25 Aug 1957,Gauteng,32387.11,Employed,
CUST000351,Krista,Camacho,06 Aug 1980,Free State,47150.07,Retired,361.0
CUST000352,Stephen,Maynard,27/06/1958,Free State,78662.59,Retired,681.0
CUST000353,Timothy,Morales,1988-07-01,Western Cape,55795.86,Employed,745.0
CUST000354,Tracy,Browning,04/02/1959,Eastern Cape,72998.55,Retired,634.0
CUST000355,Christopher,Franklin,09-20-1958,Eastern Cape,20818.37,Employed,459.0
CUST000356,Joshua,Schultz,20 Nov 1981,North West,14219.31,Self-Employed,762.0
CUST000357,Mark,Vang,01-12-1981,Western Cape,69511.55,Employed,520.0
CUST000358,Shawn,Jacobs,04-29-1960,KwaZulu-Natal,24481.61,Employed,606.0
CUST000359,Jacqueline,Farrell,23/10/1986,Gauteng,73295.41,Self-Employed,396.0
CUST000360,Kayla,Le,20/11/1965,,71344.97,Self-Employed,502.0
CUST000361,Shannon,Perez,11-02-1971,Western Cape,25335.06,Employed,366.0
CUST000362,Shawn,Perry,18 Feb 1960,KwaZulu-Natal,72705.67,Employed,343.0
CUST000363,Ronald,Ortega,1973-07-14,KwaZulu-Natal,39369.09,Retired,330.0
CUST000364,Elijah,Leblanc,15 Oct 1958,KwaZulu-Natal,77618.49,Retired,452.0
CUST000365,Marie,Davis,14/03/1960,Free State,75563.68,Employed,586.0
CUST000366,Joanne,Cain,10 Apr 1982,Eastern Cape,68674.43,Employed,691.0
CUST000367,Brenda,Hoffman,05-23-1971,North West,43516.7,Unemployed,697.0
CUST000368,David,Gomez,1987-07-03,Limpopo,6858.93,Unemployed,359.0
CUST000369,Karen,Parrish,06 Mar 1990,Northern Cape,51511.11,Self-Employed,402.0
CUST000370,Tanya,Burke,12/06/1972,Free State,68194.6,Self-Employed,697.0
CUST000371,Becky,Lewis,02/02/1987,KwaZulu-Natal,30099.35,Unemployed,328.0
CUST000372,Jeffrey,Rodriguez,02-23-1996,KwaZulu-Natal,19652.81,Retired,616.0
CUST000373,Michael,Farmer,1983-02-15,Western Cape,,Retired,300.0
CUST000374,Lindsay,Bruce,06/05/2002,KwaZulu-Natal,18785.52,Unemployed,
CUST000375,Loretta,Austin,01/06/1986,Western Cape,73783.89,Unemployed,705.0
CUST000376,Anthony,Hickman,05-20-1995,Free State,83056.78,Retired,798.0
CUST000377,Joseph,White,18/04/1989,Northern Cape,79272.04,Self-Employed,479.0
CUST000378,Kyle,Morgan,11-11-1955,KwaZulu-Natal,4644.73,Retired,333.0
CUST000379,Molly,Knight,10-21-1974,Eastern Cape,12880.87,Unemployed,379.0
CUST000380,Donald,Schultz,01-14-1957,KwaZulu-Natal,82027.91,Unemployed,
CUST000381,Julie,Lewis,20/09/1975,Eastern Cape,32713.73,Employed,349.0
CUST000382,Matthew,Wood,16 Mar 1990,KwaZulu-Natal,44193.1,Retired,403.0
CUST000383,Kimberly,Bradley,24/08/1959,KwaZulu-Natal,68835.16,Employed,626.0
CUST000384,Brian,Moore,1985-03-22,Western Cape,75978.47,Employed,395.0
CUST000385,Emily,Nelson,05 May 1987,Gauteng,57117.63,Retired,460.0
CUST000386,Todd,Ramos,09-05-1968,Eastern Cape,37447.03,Unemployed,588.0
CUST000387,Kari,Wilson,1976-03-15,Gauteng,48747.84,Employed,
CUST000388,Justin,Gregory,1978-12-04,Free State,54819.82,Employed,326.0
CUST000389,Elizabeth,Williams,07-16-1974,Western Cape,13798.47,Retired,800.0
CUST000390,Carol,Smith,01-13-1970,Western Cape,35695.93,Retired,678.0
CUST000391,Jason,Taylor,1967-10-31,Free State,25703.77,Employed,454.0
CUST000392,Mark,Smith,1991-06-04,Western Cape,69558.5,Self-Employed,362.0
CUST000393,Gregory,James,05 May 1989,Northern Cape,79877.1,Self-Employed,787.0
CUST000394,Vincent,Whitaker,07 Apr 1994,Gauteng,76986.63,Self-Employed,423.0
CUST000395,Charles,Hensley,06 Aug 1957,KwaZulu-Natal,17956.77,Self-Employed,429.0
CUST000396,Andrew,Morse,1996-12-12,Mpumalanga,70716.4,Unemployed,627.0
CUST000397,Barbara,Berry,1989-08-15,Western Cape,36487.08,Unemployed,832.0
CUST000398,Robert,Wilson,1956-07-26,Northern Cape,13557.77,Employed,408.0
CUST000399,Mark,Solis,1985-03-27,Free State,75350.93,Unemployed,692.0
CUST000400,Marilyn,Gillespie,19 Oct 1959,Gauteng,36939.4,Retired,339.0
CUST000401,Megan,Sanchez,11-01-1983,Eastern Cape,42755.06,Unemployed,320.0
CUST000402,Alexandria,Foster,06-17-1970,Free State,44075.35,Employed,533.0
CUST000403,Matthew,Cook,21 Aug 1963,Limpopo,38050.2,Self-Employed,752.0
CUST000404,William,Wilson,17 Jan 1980,North West,74308.71,Self-Employed,367.0
CUST000405,Rebecca,Bailey,25 Jun 1990,KwaZulu-Natal,46705.04,Self-Employed,497.0
CUST000406,Lori,Briggs,28/11/1966,Gauteng,41244.12,Self-Employed,580.0
CUST000407,Dwayne,Gonzalez,25 Jun 1984,Northern Cape,78807.42,Self-Employed,681.0
CUST000408,Kathleen,Rios,26 Jan 1964,KwaZulu-Natal,42703.87,Unemployed,467.0
CUST000409,Kendra,Snyder,10-12-1991,Western Cape,35618.54,Self-Employed,526.0
CUST000410,Kathleen,Cole,05/12/1999,Free State,45819.14,Employed,785.0
CUST000411,Anne,Reid,18/07/1985,Gauteng,53471.68,Unemployed,733.0
CUST000412,Michelle,Burton,10-24-1962,North West,42069.19,Retired,
CUST000413,Carlos,Ramos,02-07-1970,Northern Cape,53528.53,Employed,793.0
CUST000414,Joshua,Brown,12-02-1979,Limpopo,25522.33,Unemployed,492.0
CUST000415,Lance,Hayes,19/04/1958,Gauteng,69090.28,Unemployed,443.0
CUST000416,Marie,Jones,19 Jan 1997,Free State,38194.54,Employed,494.0
CUST000417,Melissa,Gilbert,27/11/1979,Northern Cape,42796.68,Unemployed,819.0
CUST000418,Steven,Spencer,29/07/1993,Northern Cape,12357.05,Unemployed,487.0
CUST000419,Paula,Cole,06-09-1994,Western Cape,22477.9,Retired,639.0
CUST000420,Denise,Morris,05-25-1978,North West,42378.19,Employed,783.0
CUST000421,Edward,Brown,1960-07-14,Mpumalanga,37755.13,Self-Employed,440.0
CUST000422,Rachel,Cooper,11-08-1989,Mpumalanga,76374.03,Self-Employed,623.0
CUST000423,William,Thompson,17/06/1967,Western Cape,55298.14,Employed,304.0
CUST000424,Samuel,Gonzales,28/08/1980,KwaZulu-Natal,17254.03,Employed,432.0
CUST000425,Erik,Watson,22 Feb 1969,Mpumalanga,,Self-Employed,682.0
CUST000426,Riley,Morgan,04-07-1984,Northern Cape,58978.23,Self-Employed,531.0
CUST000427,Kristina,Holland,09-24-1958,Free State,35375.81,Self-Employed,366.0
CUST000428,Cody,Gregory,03-16-1969,Free State,46383.22,Retired,437.0
CUST000429,Jennifer,Douglas,27 Jan 1999,Limpopo,17773.12,Retired,319.0
CUST000430,Morgan,Cook,16/07/1983,Eastern Cape,51970.27,Unemployed,338.0
CUST000431,Donald,Bailey,01-06-2002,Northern Cape,52310.89,Employed,320.0
CUST000432,Holly,Myers,1984-02-17,Mpumalanga,14449.4,Self-Employed,510.0
CUST000433,Sharon,Collins,1973-08-24,Free State,12628.88,Self-Employed,728.0
CUST000434,Latasha,Li,1987-09-25,Northern Cape,13977.63,Employed,809.0
CUST000435,Maria,Rodgers,19/06/1988,Free State,82836.14,Retired,602.0
CUST000436,Alicia,Lucas,22 Nov 1975,Eastern Cape,43193.45,Employed,391.0
CUST000437,Michael,Cox,21 Mar 1964,KwaZulu-Natal,67251.86,Employed,562.0
CUST000438,Jason,Meza,28 Nov 1978,Free State,8531.46,Employed,597.0
CUST000439,Jeremy,Taylor,04-09-1959,Mpumalanga,12147.38,Employed,309.0
CUST000440,Megan,Garcia,26/07/1992,Limpopo,39736.02,Employed,681.0
CUST000441,Mary,Stephenson,18/05/1957,Western Cape,81965.95,Retired,789.0
CUST000442,Matthew,Miranda,09/11/1961,Western Cape,62976.09,Self-Employed,406.0
CUST000443,Nicholas,Martin,22 Jun 1995,North West,35069.94,Employed,433.0
CUST000444,Kellie,Lamb,07 Jul 1963,Western Cape,39975.37,Unemployed,312.0
CUST000445,Samuel,Jenkins,12/01/1988,Limpopo,59903.45,Retired,554.0
CUST000446,John,Wallace,30 Mar 1969,KwaZulu-Natal,49446.71,Employed,311.0
CUST000447,Kaitlyn,Cole,14/03/1981,Northern Cape,73075.63,Employed,803.0
CUST000448,Kyle,Stokes,01-29-1978,Free State,22427.88,Retired,540.0
CUST000449,Mary,Richardson,11 Jan 2001,North West,44625.72,Retired,318.0
CUST000450,Tracey,Murray,03 Feb 1969,Gauteng,4513.66,Unemployed,820.0
CUST000451,Patrick,Rose,12 Dec 2001,Limpopo,8869.15,Retired,639.0
CUST000452,Lisa,Solis,18 Mar 1962,Limpopo,13678.88,Self-Employed,302.0
CUST000453,John,Davidson,07-11-1997,Northern Cape,61018.73,Self-Employed,804.0
CUST000454,Angela,Garcia,03 Mar 1996,Western Cape,20271.68,Retired,520.0
CUST000455,Melissa,Mitchell,12/03/1992,Limpopo,37864.86,Employed,761.0
CUST000456,Joshua,Whitehead,22/08/1962,,63765.22,Retired,794.0
CUST000457,Samuel,Potts,23/03/1966,KwaZulu-Natal,14834.73,Unemployed,816.0
CUST000458,Shannon,Bailey,05 Nov 1956,Eastern Cape,82069.28,Retired,436.0
CUST000459,Brian,Shaw,11-19-1966,Northern Cape,61805.89,Self-Employed,505.0
CUST000460,Virginia,Brooks,12-02-1956,Limpopo,15180.07,Self-Employed,815.0
CUST000461,Sarah,Combs,10-07-1986,Western Cape,49763.56,Retired,846.0
CUST000462,Lacey,Taylor,03 May 1969,Gauteng,6534.41,Employed,504.0
CUST000463,Maria,Horton,25/03/1962,Free State,16287.49,Unemployed,508.0
CUST000464,Janice,West,1955-10-27,Limpopo,12749.64,Self-Employed,698.0
CUST000465,Christian,Scott,08-24-1995,Gauteng,35698.15,Unemployed,
CUST000466,Ana,Acosta,11-24-1980,Eastern Cape,67364.45,Self-Employed,676.0
CUST000467,Daniel,Roberts,08/01/1970,Eastern Cape,18782.78,Self-Employed,477.0
CUST000468,Brandon,Barnes,1993-09-03,Mpumalanga,26968.54,Self-Employed,
CUST000469,Stephen,Rodriguez,06 Jan 1999,KwaZulu-Natal,79254.57,Unemployed,802.0
CUST000470,Candice,Smith,04-21-1980,Western Cape,30087.65,Self-Employed,833.0
CUST000471,John,Thomas,03/03/1976,Mpumalanga,36975.07,Self-Employed,639.0
CUST000472,Christina,Allen,07-25-1975,Eastern Cape,54271.59,Employed,417.0
CUST000473,Elizabeth,Miller,08 May 2002,Eastern Cape,53902.94,Employed,628.0
CUST000474,Carlos,Fox,1979-12-02,Mpumalanga,,Unemployed,826.0
CUST000475,Vanessa,Spencer,23 Apr 1974,North West,76811.67,Employed,398.0
CUST000476,Theodore,Reid,2002-08-28,Western Cape,55175.92,Retired,406.0
CUST000477,Jon,Smith,01 Jun 1993,Western Cape,16877.24,Unemployed,338.0
CUST000478,Michael,Quinn,1985-09-21,KwaZulu-Natal,49425.78,Self-Employed,564.0
CUST000479,Kelsey,Moss,12 Jul 1971,Mpumalanga,5859.72,Employed,364.0
CUST000480,Bradley,Payne,1994-08-13,Western Cape,44978.37,Unemployed,388.0
CUST000481,Gregory,Maxwell,13 Nov 1977,Mpumalanga,57688.21,Self-Employed,439.0
CUST000482,Heather,Welch,07-09-1994,KwaZulu-Natal,75901.74,Unemployed,311.0
CUST000483,Bryan,Parsons,15/07/1977,Western Cape,50603.85,Employed,612.0
CUST000484,Kelly,Williams,02-21-1965,Eastern Cape,56497.49,Self-Employed,488.0
CUST000485,Bobby,Mahoney,04-21-1980,Eastern Cape,58513.72,Employed,772.0
CUST000486,Veronica,Daniels,1967-09-23,Free State,24680.35,Retired,638.0
CUST000487,Karen,Lee,13/09/1972,Western Cape,10119.62,Retired,761.0
CUST000488,Kimberly,Glenn,07-02-1971,KwaZulu-Natal,33841.72,Retired,
CUST000489,David,Richardson,06/04/1998,Eastern Cape,56087.5,Unemployed,437.0
CUST000490,Julia,Kline,02-15-1974,North West,33378.7,Employed,479.0
CUST000491,Terri,Crawford,1979-06-13,Free State,15770.13,Unemployed,378.0
CUST000492,Sandra,Stone,1994-01-08,Northern Cape,69917.71,Self-Employed,337.0
CUST000493,Jessica,Miller,26 Jun 1984,KwaZulu-Natal,22476.19,Unemployed,437.0
CUST000494,Lynn,Gardner,1970-12-26,Mpumalanga,5352.63,Self-Employed,826.0
CUST000495,Christopher,Guerrero,12/04/1970,KwaZulu-Natal,50047.91,Self-Employed,795.0
CUST000496,Carrie,Simmons,1988-09-03,Eastern Cape,23155.87,Self-Employed,343.0
CUST000497,Michael,Williams,04-30-1997,Mpumalanga,41098.8,Unemployed,405.0
CUST000498,Michael,Bolton,09-29-1968,Free State,50397.89,Retired,674.0
CUST000499,Tina,Gould,1959-03-03,Northern Cape,82800.27,Retired,661.0
CUST000500,Dana,Cox,01-07-1994,North West,,Self-Employed,750.0
CUST000501,Erin,Cisneros,1962-06-03,Northern Cape,21527.13,Unemployed,421.0
CUST000502,Cathy,Harrington,28 Mar 1957,Limpopo,43262.09,Self-Employed,465.0
CUST000503,Carlos,Osborne,24 Feb 1973,Gauteng,14794.75,Self-Employed,824.0
CUST000504,Patrick,Bradley,11/08/1984,Gauteng,78756.97,Retired,319.0
CUST000505,Erika,Rush,06-04-1973,Western Cape,53325.33,Retired,474.0
CUST000506,Kathryn,Berry,24 Dec 1980,KwaZulu-Natal,70546.48,Unemployed,471.0
CUST000507,Raymond,Banks,07-20-1967,North West,10041.85,Self-Employed,
CUST000508,Daniel,Fitzgerald,10 Jul 1979,KwaZulu-Natal,18782.49,Employed,844.0
CUST000509,Paul,Hoffman,1968-02-18,Western Cape,14991.47,Employed,741.0
CUST000510,Jorge,Griffin,05-24-2003,Gauteng,39030.98,Retired,690.0
CUST000511,Justin,Hendricks,1979-02-22,Mpumalanga,42909.87,Employed,590.0
CUST000512,David,Farrell,07 Apr 1977,Free State,61586.48,Employed,
CUST000513,Rachel,Wallace,13/10/1959,Limpopo,13079.95,Unemployed,567.0
CUST000514,Evelyn,Bruce,28 Nov 1970,Limpopo,84339.79,Self-Employed,723.0
CUST000515,Michael,Brown,04 Aug 1981,KwaZulu-Natal,49170.36,Unemployed,652.0
CUST000516,Patricia,York,25 Sep 1989,KwaZulu-Natal,57572.27,Retired,465.0
CUST000517,Sara,Little,31 Aug 1993,Limpopo,53929.04,Employed,464.0
CUST000518,William,Martinez,1965-03-19,Western Cape,42469.33,Employed,365.0
CUST000519,Dominic,Tyler,10-29-1956,Western Cape,62821.82,Retired,833.0
CUST000520,Angela,Wood,1994-02-21,KwaZulu-Natal,39837.25,Unemployed,499.0
CUST000521,Andrea,Salazar,15/09/1959,KwaZulu-Natal,33459.07,Self-Employed,388.0
CUST000522,Kyle,Key,27 Jan 1990,Limpopo,37138.8,Employed,370.0
CUST000523,Alicia,Hammond,02-01-1995,Northern Cape,32521.67,Unemployed,531.0
CUST000524,Charles,Compton,26/05/1986,North West,50779.99,Retired,818.0
CUST000525,Shannon,Frazier,1972-02-08,Northern Cape,80734.74,Unemployed,850.0
CUST000526,Natalie,Deleon,04-11-1986,North West,49835.07,Unemployed,769.0
CUST000527,Hunter,Burch,1976-05-01,North West,9938.12,Self-Employed,535.0
CUST000528,Renee,Brown,11 Jul 1961,Limpopo,5282.72,Self-Employed,594.0
CUST000529,Eric,Martin,01-20-1971,Western Cape,18868.1,Self-Employed,575.0
CUST000530,Jenna,Reed,23/09/2000,North West,23406.34,Unemployed,511.0
CUST000531,Patty,Singleton,06/08/1967,Limpopo,13088.49,Retired,306.0
CUST000532,Cynthia,Pierce,1961-07-29,North West,29891.06,Unemployed,802.0
CUST000533,Kevin,Ferguson,09-10-1979,Mpumalanga,50921.55,Retired,789.0
CUST000534,Gary,David,1962-12-20,Northern Cape,73762.21,Retired,423.0
CUST000535,Donna,Le,12 Aug 1984,Limpopo,5451.51,Employed,633.0
CUST000536,Megan,Elliott,03-07-1995,KwaZulu-Natal,23589.7,Unemployed,674.0
CUST000537,Anthony,Williams,10 May 1986,Eastern Cape,65051.76,Retired,586.0
CUST000538,Barbara,Curtis,19/05/1992,Eastern Cape,62525.64,Retired,690.0
CUST000539,Robert,Fowler,22/06/1979,North West,18716.89,Unemployed,798.0
CUST000540,Courtney,Roberts,2001-06-26,Mpumalanga,17649.02,Unemployed,787.0
CUST000541,Timothy,Ballard,1988-06-12,North West,25411.41,Unemployed,
CUST000542,Kenneth,Jones,1958-06-11,Limpopo,82030.88,Self-Employed,591.0
CUST000543,Scott,Washington,11 May 1965,North West,35176.22,Self-Employed,471.0
CUST000544,Catherine,Edwards,01-18-1990,Mpumalanga,50516.82,Employed,381.0
CUST000545,Jessica,Valencia,21/05/2002,Limpopo,27954.19,Retired,577.0
CUST000546,David,Wood,07-11-1982,Northern Cape,37826.12,Employed,428.0
CUST000547,Luis,Owens,05-28-1968,Western Cape,36462.17,Retired,
CUST000548,John,Davis,30 Jun 1969,Northern Cape,11201.72,Self-Employed,386.0
CUST000549,Patrick,Gilbert,26 Jun 1967,Free State,63876.25,Self-Employed,434.0
CUST000550,Michelle,Moore,14/04/1971,Gauteng,33225.72,Retired,778.0
CUST000551,Becky,Edwards,03-13-1992,Northern Cape,82548.15,Self-Employed,767.0
CUST000552,Tyrone,Robertson,05 Jul 1979,Northern Cape,47469.62,Retired,532.0
CUST000553,Kyle,Johnson,08 Dec 2000,Free State,25414.47,Employed,835.0
CUST000554,William,Levy,22/11/1965,Limpopo,47575.46,Retired,788.0
CUST000555,Michael,Williams,28 Apr 1979,Free State,68639.77,Self-Employed,721.0
CUST000556,Nicole,Pena,26 Feb 1978,Mpumalanga,62052.51,Retired,525.0
CUST000557,Amanda,Boone,02 Apr 1976,Eastern Cape,68896.71,Unemployed,591.0
CUST000558,Nicole,Luna,03-25-1992,Mpumalanga,10011.35,Employed,766.0
CUST000559,Michael,Morales,12-10-1982,North West,6061.33,Employed,490.0
CUST000560,James,Tran,02-05-1959,Free State,,Employed,
CUST000561,William,Duran,29/12/1968,Limpopo,67750.89,Unemployed,774.0
CUST000562,Veronica,Becker,1961-04-08,Limpopo,64920.85,Unemployed,701.0
CUST000563,Theresa,Long,21 Sep 1993,KwaZulu-Natal,72243.91,Employed,424.0
CUST000564,Matthew,Mcmillan,22/10/1991,Mpumalanga,40158.36,Employed,503.0
CUST000565,James,Hicks,1979-07-28,Northern Cape,21279.99,Unemployed,630.0
CUST000566,Brandon,Taylor,1971-07-21,Northern Cape,24891.68,Self-Employed,669.0
CUST000567,Thomas,Bryant,31/08/1984,Western Cape,,Unemployed,422.0
CUST000568,Zachary,Murphy,29/12/1984,Gauteng,51276.7,Self-Employed,680.0
CUST000569,Francisco,Ewing,20/01/1991,KwaZulu-Natal,59718.54,Employed,361.0
CUST000570,Kevin,Rogers,29/04/1995,Northern Cape,14629.11,Unemployed,749.0
CUST000571,Amanda,Erickson,1969-12-15,Mpumalanga,15345.94,Retired,748.0
CUST000572,Lisa,Richardson,29 Nov 1987,Eastern Cape,48261.45,Retired,581.0
CUST000573,Tina,Silva,23/10/1993,Western Cape,40675.43,Unemployed,
CUST000574,Jessica,Watts,05 Nov 1956,KwaZulu-Natal,54388.64,Self-Employed,628.0
CUST000575,Thomas,Coffey,22 Feb 1993,Eastern Cape,44552.71,Unemployed,630.0
CUST000576,Kimberly,Lane,03-12-1990,Western Cape,57540.73,Self-Employed,482.0
CUST000577,Brandy,Jackson,05/10/1985,Western Cape,12449.66,Retired,801.0
CUST000578,Christine,Randall,08-29-1962,Gauteng,53279.27,Self-Employed,803.0
CUST000579,Erin,Johnson,2001-01-29,North West,9386.37,Retired,677.0
CUST000580,Daniel,Smith,1970-08-16,Free State,63611.18,Employed,521.0
CUST000581,Edward,Vaughn,1975-04-07,Western Cape,47298.71,Self-Employed,483.0
CUST000582,Kimberly,Knapp,18 Jun 1997,Western Cape,50913.37,Retired,406.0
CUST000583,Jill,Brown,12/03/1962,Northern Cape,31669.79,Retired,660.0
CUST000584,Jared,Nguyen,05-10-1987,Limpopo,55475.89,Unemployed,546.0
CUST000585,Alicia,Edwards,18/11/1963,Mpumalanga,79054.83,Retired,758.0
CUST000586,Rhonda,Peterson,1972-07-28,Gauteng,52458.91,Unemployed,306.0
CUST000587,Kelsey,Le,12/06/1986,Eastern Cape,6246.96,Unemployed,823.0
CUST000588,Heather,Bishop,17/10/1964,Western Cape,33130.29,Unemployed,555.0
CUST000589,John,Grant,05-12-1966,Western Cape,50309.73,Employed,632.0
CUST000590,Teresa,Evans,09/06/1969,North West,60012.41,Employed,607.0
CUST000591,Jared,Bush,14 Oct 1970,Western Cape,78710.66,Retired,726.0
CUST000592,Michael,Peck,1993-09-30,Eastern Cape,72882.99,Retired,355.0
CUST000593,Joshua,Martinez,1988-01-17,Limpopo,16541.19,Self-Employed,456.0
CUST000594,Noah,Baird,06 Nov 1994,North West,50808.02,Retired,596.0
CUST000595,Stephanie,Ballard,05/07/1969,KwaZulu-Natal,42806.3,Retired,568.0
CUST000596,Keith,Klein,11 Mar 1972,KwaZulu-Natal,43214.26,Retired,500.0
CUST000597,Scott,Scott,25/07/1978,Eastern Cape,67030.14,Employed,415.0
CUST000598,James,Ryan,08 May 2000,Limpopo,30319.44,Employed,612.0
CUST000599,Heather,Taylor,02-13-1985,North West,39957.31,Self-Employed,504.0
CUST000600,Brenda,Sanchez,20/09/1987,Western Cape,8890.31,Self-Employed,
CUST000601,Amanda,Little,1958-02-01,Free State,6331.22,Self-Employed,508.0
CUST000602,Robert,Love,05-23-1960,Northern Cape,63258.85,Employed,685.0
CUST000603,Kelli,Smith,1981-12-25,Free State,27363.09,Unemployed,354.0
CUST000604,Sarah,Russell,2000-06-12,Western Cape,26340.49,Unemployed,
CUST000605,Natalie,Woods,20 Feb 1965,Eastern Cape,45437.5,Unemployed,796.0
CUST000606,Tamara,Morris,1986-07-27,KwaZulu-Natal,82326.71,Employed,340.0
CUST000607,Rebecca,Davis,02-15-1983,Limpopo,,Unemployed,663.0
CUST000608,Amanda,Sharp,11/07/2000,Northern Cape,9491.78,Retired,330.0
CUST000609,Robin,Thompson,11-30-1997,Eastern Cape,76722.61,Employed,691.0
CUST000610,Gregory,Gillespie,07/06/2003,Mpumalanga,16796.31,Unemployed,759.0
CUST000611,Randy,Simpson,10/07/2000,KwaZulu-Natal,59565.92,Self-Employed,616.0
CUST000612,Suzanne,Howe,26/08/1997,Mpumalanga,83050.04,Self-Employed,625.0
CUST000613,Albert,Bradley,1960-09-19,KwaZulu-Natal,75310.87,Unemployed,723.0
CUST000614,Tonya,Mitchell,01-16-2003,North West,70646.73,Unemployed,455.0
CUST000615,Amy,Snyder,2000-08-13,KwaZulu-Natal,65877.02,Unemployed,536.0
CUST000616,Melissa,Mcdonald,27/10/1964,Gauteng,59895.37,Retired,682.0
CUST000617,Daniel,Martin,05 Aug 1977,North West,17684.8,Retired,315.0
CUST000618,Jonathan,Lopez,04 Dec 1990,Eastern Cape,84053.6,Employed,481.0
CUST000619,Krystal,Bradley,01 Dec 1991,North West,74275.38,Retired,714.0
CUST000620,Gregory,Chase,16 Aug 1998,Limpopo,80100.7,Employed,833.0
CUST000621,Margaret,Robertson,24 Sep 1959,Gauteng,24280.59,Employed,696.0
CUST000622,Elizabeth,Lopez,1962-04-26,Eastern Cape,36542.21,Unemployed,772.0
CUST000623,Marcus,Wright,02-01-1968,Gauteng,77245.89,Retired,392.0
CUST000624,Joe,Molina,2001-05-12,KwaZulu-Natal,79996.32,Self-Employed,702.0
CUST000625,Kevin,Sharp,12 Feb 1956,Gauteng,52020.4,Self-Employed,765.0
CUST000626,Desiree,Schwartz,07-20-1958,KwaZulu-Natal,14445.31,Retired,671.0
CUST000627,David,Parker,10 Jan 1975,Northern Cape,17371.92,Employed,474.0
CUST000628,Wayne,Jacobson,03/05/1989,KwaZulu-Natal,18898.77,Retired,615.0
CUST000629,Larry,Wilson,17 Jul 1999,Free State,13963.1,Self-Employed,303.0
CUST000630,Kenneth,Mendez,01-31-1966,Gauteng,73360.59,Employed,805.0
CUST000631,Dennis,Hernandez,17 Jun 1991,North West,10892.1,Self-Employed,584.0
CUST000632,Catherine,Perry,06/12/1981,Gauteng,8932.65,Self-Employed,333.0
CUST000633,Thomas,Medina,06-11-1987,Limpopo,8447.02,Self-Employed,465.0
CUST000634,Jeffery,Wright,18/10/1991,North West,33495.19,Unemployed,630.0
CUST000635,Morgan,Miller,04 Jan 1977,Western Cape,72386.43,Retired,437.0
CUST000636,Jane,Miller,08-25-1982,Limpopo,46734.02,Employed,411.0
CUST000637,Bryan,Kelley,1979-10-31,North West,53184.63,Unemployed,737.0
CUST000638,Ashley,Hernandez,04-26-1971,Free State,84599.46,Self-Employed,808.0
CUST000639,Abigail,Wilson,05 Jun 1965,North West,75634.93,Unemployed,
CUST000640,Brandy,Davis,1980-01-24,North West,13993.02,Retired,723.0
CUST000641,Lindsey,Chavez,03-15-1980,Northern Cape,21593.2,Unemployed,560.0
CUST000642,Stephen,Brown,10-05-1977,Free State,,Unemployed,649.0
CUST000643,Lindsay,Cummings,1974-07-28,KwaZulu-Natal,71622.94,Retired,785.0
CUST000644,Lisa,Reese,29/04/1983,North West,41579.74,Unemployed,773.0
CUST000645,Brandon,Cooper,17 Aug 1958,Gauteng,28597.17,Unemployed,
CUST000646,Virginia,Michael,11-18-1958,Limpopo,16519.04,Unemployed,684.0
CUST000647,Sarah,Johnson,12/03/1975,Mpumalanga,13905.99,Unemployed,622.0
CUST000648,Kayla,Cannon,07-12-2002,Mpumalanga,75102.42,Unemployed,521.0
CUST000649,Debbie,Fisher,23/03/2003,Western Cape,7510.3,Employed,754.0
CUST000650,Patrick,Kane,03 Feb 1999,Northern Cape,31879.33,Unemployed,635.0
CUST000651,Nicholas,Vega,1987-05-02,Northern Cape,15183.73,Retired,696.0
CUST000652,Amber,Valdez,1972-04-05,Gauteng,8044.41,Employed,641.0
CUST000653,Gregory,Medina,1980-12-13,Western Cape,57548.24,Unemployed,514.0
CUST000654,Jessica,Walker,25/09/1955,Free State,30191.56,Employed,579.0
CUST000655,Andrew,Evans,11-23-1987,,54647.07,Self-Employed,658.0
CUST000656,Amy,Patel,02-02-1995,KwaZulu-Natal,69222.23,Self-Employed,372.0
CUST000657,John,Reed,10-18-1968,Northern Cape,14970.96,Employed,408.0
CUST000658,Sharon,Hardy,1960-12-25,Mpumalanga,61226.55,Retired,664.0
CUST000659,Lisa,Barnes,03/05/1992,Northern Cape,78784.11,Self-Employed,395.0
CUST000660,Nicole,Smith,17 Jun 1965,Western Cape,59600.48,Retired,781.0
CUST000661,Craig,Johnson,05/04/1984,KwaZulu-Natal,54163.84,Retired,487.0
CUST000662,Jacqueline,Williams,02-11-1991,Limpopo,6936.26,Unemployed,790.0
CUST000663,Richard,Young,30/12/1965,Free State,53157.44,Employed,715.0
CUST000664,Michelle,Brown,1979-10-03,Limpopo,10209.38,Retired,710.0
CUST000665,Keith,Cabrera,05/09/1990,Eastern Cape,82898.28,Unemployed,513.0
CUST000666,Luis,Harper,06 Nov 1987,Mpumalanga,32047.17,Self-Employed,379.0
CUST000667,Malik,Turner,11 Jun 1962,Western Cape,41764.13,Retired,480.0
CUST000668,Donna,Walker,28 Dec 1969,Western Cape,59683.45,Retired,635.0
CUST000669,Bruce,Fry,1997-10-17,Western Cape,15682.8,Employed,450.0
CUST000670,Rhonda,Garrett,27 Jan 1976,Northern Cape,54053.56,Self-Employed,624.0
CUST000671,Tyler,Compton,10-05-2000,Mpumalanga,78166.99,Employed,822.0
CUST000672,Emily,Floyd,13/11/1970,Free State,77036.59,Employed,667.0
CUST000673,Robert,Hernandez,08-21-1973,Gauteng,61028.86,Unemployed,691.0
CUST000674,Karen,Wells,02 May 1996,Northern Cape,18459.51,Retired,668.0
CUST000675,Kevin,Zimmerman,30/03/1994,Free State,58440.32,Employed,316.0
CUST000676,Robin,Hart,08 Jan 2002,Mpumalanga,15429.95,Retired,766.0
CUST000677,Angela,Anderson,23 Mar 1967,KwaZulu-Natal,38642.04,Retired,663.0
CUST000678,James,Lucas,01 Nov 1999,Gauteng,72667.71,Unemployed,720.0
CUST000679,Melanie,Davis,05-07-1990,Gauteng,50236.04,Employed,793.0
CUST000680,James,Adams,1987-11-26,KwaZulu-Natal,46875.85,Unemployed,776.0
CUST000681,Carrie,Russo,1964-08-06,Eastern Cape,64205.73,Employed,619.0
CUST000682,Kathleen,Ramsey,05-23-1982,Northern Cape,42243.94,Retired,639.0
CUST000683,Timothy,Booth,07-20-1971,Free State,60451.62,Unemployed,566.0
CUST000684,Susan,Smith,20 Jul 2000,KwaZulu-Natal,57333.75,Employed,593.0
CUST000685,Suzanne,Wilson,19/07/2003,Northern Cape,67592.91,Unemployed,581.0
CUST000686,Timothy,Sanchez,1984-07-30,Western Cape,77765.58,Retired,678.0
CUST000687,James,Herman,01-25-1982,Eastern Cape,68849.45,Unemployed,386.0
CUST000688,Kimberly,James,07/03/1981,North West,37742.3,Retired,471.0
CUST000689,Michael,Green,03-07-1980,Gauteng,65316.46,Self-Employed,775.0
CUST000690,Tyler,Garcia,09-02-2002,North West,65070.44,Retired,699.0
CUST000691,Terrance,Franco,16/06/1999,Northern Cape,5454.97,Retired,691.0
CUST000692,Nathan,Gutierrez,1982-07-27,Western Cape,55812.64,Retired,579.0
CUST000693,Jeffrey,Thomas,01-31-1968,Western Cape,51526.24,Self-Employed,499.0
CUST000694,Sarah,Riley,11/08/1975,Limpopo,58660.55,Employed,721.0
CUST000695,Elijah,Rivera,1973-10-19,North West,62882.68,Employed,324.0
CUST000696,Martha,Porter,1986-12-27,Eastern Cape,55865.67,Employed,388.0
CUST000697,Gail,Scott,02/01/1995,Mpumalanga,76941.73,Self-Employed,413.0
CUST000698,Tammy,May,02-12-1979,Free State,79862.66,Unemployed,737.0
CUST000699,Gary,Norton,09-10-1963,Free State,10456.76,Retired,697.0
CUST000700,Jennifer,Freeman,1999-07-31,Free State,25805.52,Retired,505.0
CUST000701,Amber,May,21/05/1958,North West,48020.89,Employed,752.0
CUST000702,Arthur,Bradford,2000-12-08,Gauteng,50493.24,Retired,319.0
CUST000703,Elizabeth,Duran,13/05/1975,Gauteng,58000.77,Unemployed,700.0
CUST000704,Megan,Hall,06 Jul 1989,North West,72445.96,Employed,
CUST000705,Albert,Wagner,24 Jun 1973,Western Cape,79770.9,Unemployed,710.0
CUST000706,Christine,Estrada,1985-02-27,Limpopo,81854.5,Retired,596.0
CUST000707,Timothy,Freeman,19/11/1955,Northern Cape,35425.18,Retired,409.0
CUST000708,Andrea,Smith,12-23-1980,North West,55439.7,Self-Employed,336.0
CUST000709,Joshua,Madden,22/05/1956,North West,68315.5,Retired,846.0
CUST000710,Lisa,Craig,06 Apr 1994,Gauteng,9012.38,Employed,715.0
CUST000711,Renee,Rodriguez,10 Mar 1960,Northern Cape,51137.33,Employed,444.0
CUST000712,Eduardo,Lee,1980-11-01,North West,54278.95,Self-Employed,314.0
CUST000713,Lisa,Adams,1974-08-14,Free State,12332.03,Employed,408.0
CUST000714,Nathan,Sullivan,08/09/1982,Western Cape,38810.02,Retired,632.0
CUST000715,Veronica,Perez,26/05/1988,Limpopo,68344.68,Self-Employed,643.0
CUST000716,Melanie,Valdez,10-05-1996,KwaZulu-Natal,18028.09,Self-Employed,749.0
CUST000717,Katherine,Davis,1973-10-09,KwaZulu-Natal,72713.02,Self-Employed,316.0
CUST000718,Angela,Brown,1956-01-08,,79054.02,Unemployed,726.0
CUST000719,George,Porter,24 May 1976,KwaZulu-Natal,56005.97,Retired,544.0
CUST000720,Kristen,Knight,1996-09-30,KwaZulu-Natal,53770.01,Unemployed,656.0
CUST000721,Cody,Rice,11/08/1957,Eastern Cape,47181.02,Unemployed,819.0
CUST000722,Jason,Parrish,03/03/1998,Free State,13570.67,Retired,809.0
CUST000723,Thomas,Williams,1959-02-19,Gauteng,27447.69,Unemployed,764.0
CUST000724,Sara,Lam,1982-08-13,Northern Cape,67732.11,Employed,372.0
CUST000725,Antonio,Mcfarland,30 Aug 1970,Limpopo,64640.48,Self-Employed,412.0
CUST000726,Suzanne,Matthews,1991-09-04,Eastern Cape,74525.85,Self-Employed,375.0
CUST000727,Jennifer,Sanders,05 Apr 1959,Gauteng,16167.77,Retired,482.0
CUST000728,Francisco,Allen,19/08/1995,North West,55377.7,Self-Employed,643.0
CUST000729,Paul,Mosley,1971-06-28,Free State,73057.94,Self-Employed,651.0
CUST000730,Karla,Taylor,01-05-2003,KwaZulu-Natal,55858.94,Self-Employed,535.0
CUST000731,Jennifer,Mason,02 May 2002,Eastern Cape,71877.62,Retired,552.0
CUST000732,Brian,Kim,28 Oct 1995,Eastern Cape,52137.62,Employed,727.0
CUST000733,Matthew,Mack,2001-05-26,North West,45089.41,Retired,790.0
CUST000734,Randy,Ayala,1956-12-27,North West,11188.87,Retired,523.0
CUST000735,Joshua,Riddle,02-12-1979,Eastern Cape,11803.73,Unemployed,465.0
CUST000736,Michael,Pugh,1976-04-18,North West,15659.23,Self-Employed,679.0
CUST000737,Erin,Guerrero,1959-09-06,Western Cape,60105.43,Unemployed,736.0
CUST000738,Christine,Yates,18/10/1989,Western Cape,31523.42,Unemployed,352.0
CUST000739,Christopher,Moore,09-23-1989,North West,33928.48,Employed,509.0
CUST000740,Cynthia,Singh,10-08-1970,Eastern Cape,56747.59,Self-Employed,530.0
CUST000741,Daniel,Smith,05-13-1970,Northern Cape,26810.2,Unemployed,763.0
CUST000742,Michael,Nelson,1961-12-05,North West,59103.82,Unemployed,762.0
CUST000743,Jacob,Cole,1982-03-12,Eastern Cape,41358.87,Self-Employed,595.0
CUST000744,Ricky,Johnson,1972-07-21,Western Cape,13517.98,Self-Employed,509.0
CUST000745,Christopher,George,1971-02-20,Free State,59433.47,Retired,655.0
CUST000746,Paul,Carter,1974-03-07,Free State,6273.95,Unemployed,721.0
CUST000747,Christopher,Santana,01-07-1999,North West,60597.52,Retired,768.0
CUST000748,Tiffany,Armstrong,16/09/1963,Free State,25430.6,Unemployed,348.0
CUST000749,Oscar,Taylor,01-08-1970,North West,54299.73,Unemployed,486.0
CUST000750,Trevor,Brown,06/06/1976,KwaZulu-Natal,7812.69,Self-Employed,751.0
CUST000751,Robert,Washington,05/04/1959,Eastern Cape,7292.47,Unemployed,451.0
CUST000752,Johnathan,Wright,27/07/1985,Northern Cape,78594.94,Retired,448.0
CUST000753,Brittney,Gonzalez,09-13-1960,,63948.85,Unemployed,602.0
CUST000754,Kevin,Rush,07-07-1971,KwaZulu-Natal,63147.77,Unemployed,415.0
CUST000755,Christine,Brock,1971-05-21,KwaZulu-Natal,,Self-Employed,756.0
CUST000756,Matthew,Ochoa,10-27-1996,Gauteng,20209.55,Unemployed,
CUST000757,Terri,Taylor,16 Dec 1970,Western Cape,36251.1,Employed,669.0
CUST000758,Stacey,Harris,25 Aug 1970,Limpopo,5481.36,Unemployed,756.0
CUST000759,Tamara,Novak,1969-07-22,Eastern Cape,40259.74,Retired,595.0
CUST000760,Heather,Henry,18 Mar 1983,Mpumalanga,51768.0,Self-Employed,610.0
CUST000761,John,Bennett,10-04-1994,Western Cape,52049.65,Employed,719.0
CUST000762,Phillip,Wilson,08-19-1982,Mpumalanga,41700.66,Self-Employed,504.0
CUST000763,Brittany,Gardner,15 Apr 1988,Free State,7899.75,Unemployed,805.0
CUST000764,Andrea,Benton,22 Sep 1977,,4696.96,Retired,427.0
CUST000765,Jeanette,Gonzales,07-20-1969,Mpumalanga,77496.85,Employed,422.0
CUST000766,Heather,Fuentes,04 Oct 1993,Western Cape,33621.64,Retired,564.0
CUST000767,Robert,Porter,19 Dec 1985,Western Cape,,Unemployed,466.0
CUST000768,John,Hopkins,24/11/1989,Limpopo,60309.29,Employed,579.0
CUST000769,Kristina,Jones,02-13-2003,Gauteng,47133.79,Self-Employed,487.0
CUST000770,Timothy,Morales,19/11/1979,Northern Cape,29954.94,Unemployed,577.0
CUST000771,Samantha,Holt,08-30-1981,Western Cape,32806.16,Self-Employed,830.0
CUST000772,Krystal,Ward,20 Jul 1998,Mpumalanga,77818.43,Self-Employed,815.0
CUST000773,Amanda,Little,24/08/1959,Northern Cape,71429.0,Employed,727.0
CUST000774,Kayla,Sandoval,1972-08-10,Western Cape,78834.49,Unemployed,671.0
CUST000775,Deborah,Williams,12 Oct 2002,Northern Cape,32034.63,Employed,421.0
CUST000776,Erica,Ross,12/09/1991,Eastern Cape,21392.2,Retired,414.0
CUST000777,Tammy,Jordan,27 Jan 1956,Mpumalanga,13179.3,Employed,780.0
CUST000778,Jonathan,Dixon,06-20-1980,Gauteng,58240.71,Employed,510.0
CUST000779,Beverly,Johnston,18/12/1976,KwaZulu-Natal,6855.36,Unemployed,656.0
CUST000780,Peter,Barton,27/10/1983,Northern Cape,12478.01,Employed,841.0
CUST000781,Vincent,Cooper,29/09/1956,Free State,,Employed,519.0
CUST000782,Dan,Perry,24 Sep 2001,Limpopo,19402.63,Employed,485.0
CUST000783,Darren,Shepard,14 May 1962,Mpumalanga,22818.11,Unemployed,426.0
CUST000784,Larry,Gibson,30/06/1965,North West,61230.84,Employed,384.0
CUST000785,Timothy,Alvarez,1976-08-06,Mpumalanga,52831.36,Retired,531.0
CUST000786,Heather,Flores,12-24-1969,Mpumalanga,10103.54,Retired,676.0
CUST000787,Lisa,Wilson,29 Apr 1996,Western Cape,46574.32,Employed,446.0
CUST000788,Deborah,Byrd,1963-06-16,KwaZulu-Natal,83004.2,Retired,425.0
CUST000789,Tonya,Sanchez,10 Dec 1963,North West,61936.25,Unemployed,709.0
CUST000790,Ethan,Castro,28 Jul 2001,North West,16363.61,Employed,556.0
CUST000791,Jesse,Sullivan,02/06/1964,,63892.77,Retired,327.0
CUST000792,Danielle,Reynolds,19 Dec 1956,Limpopo,54568.32,Employed,832.0
CUST000793,Christina,Gonzalez,29 Dec 1983,Eastern Cape,44580.87,Unemployed,318.0
CUST000794,Paul,Bush,1965-06-11,Mpumalanga,14090.3,Retired,753.0
CUST000795,Karen,Stokes,1958-07-27,KwaZulu-Natal,73759.04,Self-Employed,803.0
CUST000796,Cristian,Wiggins,07-16-1964,Mpumalanga,13305.25,Retired,787.0
CUST000797,Mark,Ellis,28/02/1968,Northern Cape,25702.97,Retired,661.0
CUST000798,Michelle,Rose,03-30-1986,Limpopo,52032.3,Unemployed,657.0
CUST000799,Candice,Carr,1983-09-29,Limpopo,38965.93,Retired,659.0
CUST000800,Michael,Bruce,14/03/1985,Eastern Cape,29624.01,Employed,612.0
CUST000801,Lisa,Mccarthy,04/11/1969,Gauteng,7508.9,Retired,827.0
CUST000802,Christina,Miller,12-30-1961,Gauteng,51833.13,Retired,699.0
CUST000803,David,Torres,1964-05-09,North West,58846.46,Unemployed,470.0
CUST000804,Heather,Dixon,08-23-1975,Mpumalanga,55653.26,Employed,848.0
CUST000805,Devin,Reyes,06-25-1964,Gauteng,50668.42,Employed,397.0
CUST000806,Cynthia,Steele,07-16-1986,Western Cape,47250.62,Unemployed,378.0
CUST000807,Zoe,Peters,01-26-1979,Northern Cape,39349.29,Self-Employed,724.0
CUST000808,Donald,Edwards,19 Mar 1977,Northern Cape,5997.57,Self-Employed,811.0
CUST000809,Brian,Howard,11 Jan 1956,Free State,47383.91,Retired,361.0
CUST000810,Derrick,Ochoa,10-30-2001,North West,16613.05,Unemployed,745.0
CUST000811,William,Simpson,1988-06-07,Eastern Cape,25988.25,Self-Employed,562.0
CUST000812,Robert,Larsen,09/01/1979,Mpumalanga,,Unemployed,775.0
CUST000813,Christopher,Johnson,05 Feb 1992,Mpumalanga,7478.8,Self-Employed,329.0
CUST000814,Kelly,Hill,05-16-1981,Northern Cape,73127.94,Retired,320.0
CUST000815,Gary,Ellis,1991-03-17,Limpopo,74307.33,Retired,672.0
CUST000816,Katie,Dunn,1960-12-31,Mpumalanga,62800.87,Employed,812.0
CUST000817,Danny,Hampton,01-31-1995,North West,23665.19,Unemployed,637.0
CUST000818,Michael,Carson,25 Jul 1957,Eastern Cape,22049.68,Self-Employed,581.0
CUST000819,Jennifer,Payne,01-28-2003,Gauteng,34663.75,Unemployed,733.0
CUST000820,Curtis,Greer,19/08/1991,Free State,79926.27,Unemployed,
CUST000821,Kenneth,Kidd,1977-02-25,Gauteng,67998.62,Retired,616.0
CUST000822,Michael,Montoya,08-22-1976,Western Cape,23528.74,Employed,702.0
CUST000823,Victoria,Rowe,12-10-1966,Free State,70727.97,Self-Employed,464.0
CUST000824,Lisa,Matthews,05-25-1972,Mpumalanga,26559.94,Retired,782.0
CUST000825,Jennifer,Chen,07-14-1963,Mpumalanga,70529.43,Unemployed,818.0
CUST000826,Donald,Clark,02 Jul 1965,Northern Cape,,Employed,488.0
CUST000827,Brian,Bell,21/01/1969,Gauteng,55077.85,Employed,413.0
CUST000828,Amber,Morris,12/05/1989,Mpumalanga,30211.63,Self-Employed,566.0
CUST000829,Keith,Adams,10-01-1996,Free State,37866.96,Retired,
CUST000830,Tricia,Shelton,1960-02-20,Northern Cape,54943.5,Retired,503.0
CUST000831,Sydney,Floyd,01/09/1999,Gauteng,39026.72,Employed,676.0
CUST000832,Victoria,Camacho,1961-08-28,Gauteng,39530.28,Retired,806.0
CUST000833,Michelle,Wright,18/09/1989,Eastern Cape,69979.7,Retired,691.0
CUST000834,Maria,Juarez,10/01/1988,Eastern Cape,27278.86,Retired,484.0
CUST000835,Tracy,Ray,19/06/1968,Gauteng,25574.86,Self-Employed,678.0
CUST000836,Robert,Hayes,24 Dec 1985,,15223.0,Retired,517.0
CUST000837,Nicole,Davis,25 Apr 1980,Free State,49338.5,Self-Employed,782.0
CUST000838,Joshua,Mayer,1973-04-13,Gauteng,54382.46,Retired,679.0
CUST000839,Stephanie,Murphy,1955-09-08,KwaZulu-Natal,45051.61,Retired,435.0
CUST000840,Kim,Oconnor,26 Aug 1990,KwaZulu-Natal,29718.2,Retired,587.0
CUST000841,Stephen,Beck,05 Oct 1972,Free State,25688.92,Unemployed,829.0
CUST000842,Bryan,Ferguson,08/01/1966,Limpopo,44047.62,Retired,354.0
CUST000843,Russell,Lewis,1968-06-15,Eastern Cape,42354.93,Retired,746.0
CUST000844,Maria,Morgan,23 Apr 1983,Gauteng,84099.9,Retired,804.0
CUST000845,Ashlee,Washington,25/01/1972,Western Cape,20900.56,Self-Employed,820.0
CUST000846,Felicia,Williams,06/05/1960,Gauteng,50448.42,Employed,552.0
CUST000847,Kristen,Stevens,1961-07-13,,59345.64,Retired,682.0
CUST000848,Mia,Alexander,1955-08-07,Limpopo,11025.59,Retired,764.0
CUST000849,Susan,Harris,08-14-1988,Gauteng,8029.68,Retired,632.0
CUST000850,David,Santos,14/03/1963,Eastern Cape,69025.42,Employed,372.0
CUST000851,Sarah,Hill,27 Dec 1986,Western Cape,18829.87,Retired,
CUST000852,John,Watson,13/12/1998,KwaZulu-Natal,36892.9,Self-Employed,423.0
CUST000853,Gabriel,Sanders,26 Mar 1970,Free State,53082.85,Employed,676.0
CUST000854,Holly,Young,11 Jan 1987,North West,42853.39,Retired,392.0
CUST000855,Jane,Smith,06-15-1978,KwaZulu-Natal,38794.38,Unemployed,774.0
CUST000856,David,Perez,16/03/1988,North West,56601.64,Retired,747.0
CUST000857,Albert,Dominguez,15 Oct 1994,Free State,14787.07,Self-Employed,835.0
CUST000858,Vanessa,Henderson,1961-11-29,Northern Cape,8130.14,Retired,722.0
CUST000859,Chad,Reyes,08-23-1990,Limpopo,11082.45,Employed,773.0
CUST000860,Curtis,Edwards,08/11/1997,Mpumalanga,38008.25,Unemployed,765.0
CUST000861,Derrick,Ayala,20 Sep 1991,Free State,78408.01,Self-Employed,489.0
CUST000862,Dean,Haney,06-04-1962,Western Cape,5942.18,Employed,475.0
CUST000863,Alyssa,Smith,08 Oct 1986,Mpumalanga,82247.21,Retired,610.0
CUST000864,Scott,Bowen,09-18-1985,Mpumalanga,11554.63,Self-Employed,414.0
CUST000865,Edward,Jenkins,09/07/1988,Gauteng,56714.17,Retired,495.0
CUST000866,Michelle,Miller,22 May 1960,KwaZulu-Natal,6256.25,Self-Employed,755.0
CUST000867,Karen,Lawrence,31 Dec 1973,Gauteng,51610.71,Retired,352.0
CUST000868,Sylvia,Edwards,1962-04-12,Mpumalanga,72813.61,Unemployed,337.0
CUST000869,Joshua,Miller,17 Feb 1982,Northern Cape,53725.37,Retired,537.0
CUST000870,Carol,Lawson,1992-12-15,Mpumalanga,49037.08,Retired,784.0
CUST000871,Hannah,Abbott,03-04-1987,North West,6174.96,Self-Employed,780.0
CUST000872,Kevin,Holmes,09/01/1980,Northern Cape,77680.15,Retired,434.0
CUST000873,Julie,Phillips,09 Mar 1958,Mpumalanga,58685.14,Retired,465.0
CUST000874,Rachael,Blevins,04-28-1979,Western Cape,14892.27,Retired,403.0
CUST000875,Daniel,Porter,28 Jan 1984,Free State,49324.86,Unemployed,567.0
CUST000876,Allison,Levine,09/12/2002,KwaZulu-Natal,76503.83,Employed,645.0
CUST000877,Sarah,Anderson,19/11/1996,Western Cape,43652.41,Unemployed,347.0
CUST000878,Ashley,Diaz,05-07-1988,KwaZulu-Natal,74832.5,Employed,351.0
CUST000879,Kathryn,Best,18 Jul 1992,North West,65339.03,Employed,342.0
CUST000880,Alvin,Jones,25/02/1968,Western Cape,77834.35,Unemployed,752.0
CUST000881,Bill,Brown,14 Jun 1993,Western Cape,33780.82,Employed,506.0
CUST000882,William,Fuller,14 Aug 1979,Gauteng,69636.19,Self-Employed,387.0
CUST000883,Robert,Miles,11 Jul 1959,Limpopo,24258.83,Retired,533.0
CUST000884,Amanda,Jensen,19 Nov 1968,Mpumalanga,76794.25,Unemployed,330.0
CUST000885,Kyle,Dixon,1965-04-27,Northern Cape,11324.65,Self-Employed,744.0
CUST000886,Lindsey,Herrera,1974-04-28,KwaZulu-Natal,9153.69,Unemployed,729.0
CUST000887,Cynthia,Davenport,04-04-1988,Limpopo,5136.13,Self-Employed,713.0
CUST000888,Carl,Hale,09/08/1990,Northern Cape,54264.09,Unemployed,714.0
CUST000889,Meghan,Brown,09-15-1959,Western Cape,31426.68,Self-Employed,832.0
CUST000890,Ryan,Chavez,10-16-1984,Eastern Cape,48918.76,Self-Employed,
CUST000891,Kyle,Harmon,02-13-1991,Eastern Cape,28967.34,Employed,361.0
CUST000892,David,Zimmerman,03-28-1989,Northern Cape,8342.5,Employed,759.0
CUST000893,Frank,Benton,1980-09-02,North West,23505.83,Self-Employed,658.0
CUST000894,Krista,Le,01/08/1963,Mpumalanga,24434.48,Self-Employed,669.0
CUST000895,David,Norman,19/06/1968,Mpumalanga,11096.75,Self-Employed,787.0
CUST000896,Olivia,Wise,1956-12-22,Limpopo,36921.67,Retired,570.0
CUST000897,Lindsay,Nelson,19 Aug 1958,North West,80799.51,Retired,466.0
CUST000898,Jennifer,Ray,08/04/1959,North West,14915.51,Employed,517.0
CUST000899,Spencer,Ward,1979-07-20,KwaZulu-Natal,34231.23,Retired,412.0
CUST000900,Ashley,Richardson,10-24-1967,Gauteng,13978.25,Unemployed,610.0
CUST000901,Dakota,Berry,1990-04-05,KwaZulu-Natal,51964.75,Unemployed,590.0
CUST000902,Jeremy,Hicks,06 Sep 1957,Gauteng,32566.24,Retired,792.0
CUST000903,Michelle,Sanchez,18 Mar 1978,Limpopo,42755.82,Self-Employed,441.0
CUST000904,Patrick,Hernandez,06 Apr 2000,North West,16493.1,Employed,719.0
CUST000905,Meredith,Tran,09 Jun 1999,Limpopo,81625.4,Unemployed,390.0
CUST000906,Joy,Barnes,1971-01-05,Free State,14464.42,Self-Employed,354.0
CUST000907,Robert,Cortez,02/08/1968,North West,6002.46,Self-Employed,319.0
CUST000908,Christian,Watson,31/08/1979,Eastern Cape,72032.85,Employed,846.0
CUST000909,Rachel,White,05 Mar 1994,Gauteng,79674.83,Self-Employed,
CUST000910,Tina,Finley,11-16-1958,Mpumalanga,13728.89,Self-Employed,592.0
CUST000911,Steven,Campbell,02-13-1996,Western Cape,81149.26,Employed,633.0
CUST000912,Mark,Tran,1955-12-13,Free State,30263.34,Unemployed,564.0
CUST000913,James,Elliott,1970-02-26,Gauteng,65046.77,Retired,820.0
CUST000914,Cindy,Marshall,20 Dec 1983,Western Cape,30126.08,Employed,
CUST000915,Trevor,Barton,12/12/1964,Gauteng,82059.71,Self-Employed,428.0
CUST000916,Rachel,Hodges,02 May 1967,North West,55681.82,Self-Employed,682.0
CUST000917,Adam,Ortiz,01/10/1966,Eastern Cape,38612.07,Retired,
CUST000918,Michael,Franco,03 Sep 1997,Free State,17974.22,Retired,579.0
CUST000919,Stephanie,Smith,12 Feb 1987,Limpopo,21626.71,Unemployed,346.0
CUST000920,Melinda,Acosta,1960-07-22,Free State,60723.56,Unemployed,742.0
CUST000921,Alyssa,Allen,03-09-1979,Limpopo,83361.05,Unemployed,551.0
CUST000922,Brian,Shea,09-22-1989,Limpopo,81698.91,Self-Employed,302.0
CUST000923,Christopher,Morse,1998-08-21,Gauteng,37759.62,Retired,702.0
CUST000924,April,Haynes,1973-06-12,Northern Cape,71482.75,Employed,661.0
CUST000925,Terri,Miller,26 Feb 1960,Limpopo,72051.24,Employed,427.0
CUST000926,Dennis,Wilkins,27/02/1959,,64323.13,Unemployed,496.0
CUST000927,Ashley,Graham,11-06-2001,Eastern Cape,44251.6,Unemployed,804.0
CUST000928,Joel,Green,08/09/1970,Gauteng,70600.44,Unemployed,812.0
CUST000929,Lauren,Haynes,12/11/1990,KwaZulu-Natal,14823.83,Unemployed,533.0
CUST000930,Louis,Nelson,02-25-1959,Eastern Cape,6360.96,Unemployed,
CUST000931,James,Chan,20 Aug 1983,Gauteng,30501.44,Retired,580.0
CUST000932,Eric,Martin,08 Dec 1977,North West,65601.25,Self-Employed,348.0
CUST000933,Richard,Herrera,13 Nov 2001,Northern Cape,4915.32,Employed,325.0
CUST000934,Jared,Parker,15/04/1968,Mpumalanga,78318.12,Unemployed,618.0
CUST000935,David,Moore,1988-06-30,Gauteng,69548.76,Unemployed,556.0
CUST000936,Margaret,Terry,03 Jul 1957,Eastern Cape,71517.66,Self-Employed,374.0
CUST000937,Mary,Murphy,12 Dec 1959,Western Cape,51104.22,Employed,334.0
CUST000938,John,Kelly,1980-03-18,KwaZulu-Natal,69092.16,Retired,367.0
CUST000939,Erica,Green,2003-02-13,Northern Cape,72919.31,Retired,538.0
CUST000940,Anthony,Sullivan,1977-04-09,North West,68510.76,Employed,647.0
CUST000941,Kaitlin,Wright,1977-09-29,North West,51818.98,Employed,369.0
CUST000942,Linda,Taylor,21/02/1956,KwaZulu-Natal,25131.03,Retired,490.0
CUST000943,Maria,Haas,1961-11-03,Gauteng,51554.04,Unemployed,618.0
CUST000944,Madison,Watson,27/10/1985,KwaZulu-Natal,53068.02,Employed,830.0
CUST000945,Deanna,Aguilar,28/12/1967,Gauteng,70444.29,Employed,732.0
CUST000946,Lisa,Johnson,30/08/1958,Eastern Cape,31994.93,Retired,639.0
CUST000947,Rachel,Ramos,09-30-1961,Free State,17563.54,Employed,807.0
CUST000948,Rebecca,Calderon,1971-06-25,Eastern Cape,42056.21,Retired,639.0
CUST000949,Brad,Murray,19 Aug 1963,Eastern Cape,,Employed,375.0
CUST000950,Audrey,Underwood,1974-07-12,KwaZulu-Natal,20149.48,Unemployed,344.0
CUST000951,Anthony,Vega,11/11/1963,Eastern Cape,22125.08,Self-Employed,647.0
CUST000952,Jason,Lopez,31/12/1968,KwaZulu-Natal,18674.23,Employed,321.0
CUST000953,Nicole,Johnson,15/04/1985,Mpumalanga,75743.43,Self-Employed,612.0
CUST000954,John,Phillips,05-06-1975,Limpopo,80263.52,Retired,366.0
CUST000955,Andrea,Brown,30/12/1968,Eastern Cape,34944.74,Retired,550.0
CUST000956,Derrick,Gonzalez,11/01/1998,Northern Cape,16459.64,Unemployed,429.0
CUST000957,Alicia,Mccoy,26 Jan 1994,Eastern Cape,67665.55,Employed,471.0
CUST000958,Laura,Mayo,02-05-1993,North West,18909.38,Retired,806.0
CUST000959,Michael,Stephens,31 Oct 1978,Gauteng,76538.21,Self-Employed,705.0
CUST000960,Roberta,Shaw,18 Mar 1974,Mpumalanga,79807.66,Employed,437.0
CUST000961,Hector,Flores,01-29-1966,North West,23029.3,Unemployed,736.0
CUST000962,Paula,Osborne,19 May 1958,Mpumalanga,44552.22,Employed,483.0
CUST000963,Victoria,Moreno,05-17-1992,Western Cape,11134.69,Employed,583.0
CUST000964,Yvonne,Dickson,1960-05-16,Western Cape,7581.65,Self-Employed,637.0
CUST000965,Diane,Adams,10-01-1994,Eastern Cape,84838.65,Unemployed,308.0
CUST000966,Samantha,Brown,05-24-2003,Limpopo,37006.8,Employed,783.0
CUST000967,Jeffrey,Bradford,03/11/1993,Mpumalanga,62728.54,Self-Employed,828.0
CUST000968,Michael,Combs,20 Feb 1996,North West,11413.01,Retired,727.0
CUST000969,Gregory,Watkins,07 Apr 1994,Northern Cape,15685.49,Unemployed,309.0
CUST000970,Heidi,Sloan,12-02-1956,Limpopo,38770.41,Unemployed,633.0
CUST000971,Jackie,Meza,1982-08-15,KwaZulu-Natal,81187.32,Retired,690.0
CUST000972,Anna,Lopez,28 Dec 2002,Western Cape,19661.26,Retired,611.0
CUST000973,Nicole,Vasquez,1970-05-27,Northern Cape,71031.22,Employed,491.0
CUST000974,Tracy,Davis,25 Sep 1966,Free State,27934.0,Retired,358.0
CUST000975,Jeffery,Fox,1955-08-07,KwaZulu-Natal,77739.9,Employed,432.0
CUST000976,Samantha,Harris,30 Oct 1961,Western Cape,77238.79,Self-Employed,617.0
CUST000977,Jennifer,Sellers,03 Feb 1996,KwaZulu-Natal,80101.92,Retired,582.0
CUST000978,Marcus,Johnson,22/09/1983,North West,36638.57,Unemployed,802.0
CUST000979,Samantha,Schroeder,1996-03-13,Western Cape,75420.02,Unemployed,700.0
CUST000980,Michelle,Yu,01/07/1973,Mpumalanga,76947.15,Retired,693.0
CUST000981,Sheri,Foster,01/06/1960,Western Cape,80627.83,Self-Employed,580.0
CUST000982,Kevin,Taylor,02-16-1963,Western Cape,62653.96,Retired,721.0
CUST000983,Stacy,Conner,2001-09-05,Limpopo,12970.58,Unemployed,719.0
CUST000984,Debra,Thompson,01-25-2002,Eastern Cape,41704.48,Retired,690.0
CUST000985,Heather,Mcfarland,05 May 1993,Eastern Cape,5364.36,Self-Employed,634.0
CUST000986,Jeffrey,Chapman,26 Dec 1963,North West,11145.16,Retired,443.0
CUST000987,Kurt,Barker,09-05-1961,KwaZulu-Natal,5954.32,Unemployed,427.0
CUST000988,Jessica,Rush,07 Feb 2001,KwaZulu-Natal,65968.92,Self-Employed,751.0
CUST000989,Peter,Gamble,23/11/2001,Gauteng,47350.05,Employed,835.0
CUST000990,Antonio,Guzman,1999-10-11,Mpumalanga,40240.93,Employed,686.0
CUST000991,Tammy,Walker,18/09/1982,Limpopo,,Employed,314.0
CUST000992,Sharon,Taylor,06/05/1991,Western Cape,75524.03,Self-Employed,471.0
CUST000993,John,Haas,1963-08-17,Limpopo,54956.31,Retired,738.0
CUST000994,Nicole,Davis,06/08/1989,Western Cape,18476.54,Unemployed,312.0
CUST000995,Danielle,Tanner,02 Jan 1977,Eastern Cape,70114.33,Unemployed,344.0
CUST000996,Joseph,Wright,27/10/1958,Mpumalanga,52708.96,Employed,849.0
CUST000997,Jonathan,Rodriguez,18/08/1955,Free State,52789.31,Retired,436.0
CUST000998,Paul,Oconnor,01-31-2002,North West,5920.73,Retired,691.0
CUST000999,Nicole,Snyder,29/09/1973,Northern Cape,84064.66,Employed,616.0
CUST001000,Amy,Garcia,01 Aug 1978,Eastern Cape,9323.8,Unemployed,506.0
CUST001001,Michelle,Curtis,20/07/1988,Gauteng,62887.33,Retired,636.0
CUST001002,Francisco,Jones,02-29-1996,Gauteng,83194.18,Unemployed,324.0
CUST001003,Kenneth,Flores,03-31-2001,Limpopo,47914.6,Self-Employed,527.0
CUST001004,Charles,Jackson,03 Aug 1973,Northern Cape,,Retired,371.0
CUST001005,Jessica,Payne,1998-09-04,KwaZulu-Natal,14607.66,Self-Employed,541.0
CUST001006,Christopher,Wheeler,08 Jan 1985,North West,62594.74,Self-Employed,554.0
CUST001007,Timothy,Johnson,20 Oct 2000,Eastern Cape,67393.76,Unemployed,707.0
CUST001008,Frederick,Preston,09 Feb 1963,North West,53556.23,Self-Employed,
CUST001009,Craig,Harris,07 Sep 1964,Mpumalanga,65588.09,Self-Employed,479.0
CUST001010,Heidi,Bowen,09 Aug 1990,Free State,34699.32,Employed,641.0
CUST001011,Joseph,Campbell,20 Dec 1966,Eastern Cape,,Unemployed,803.0
CUST001012,Brandon,Armstrong,18 Nov 1995,Mpumalanga,34538.16,Employed,718.0
CUST001013,Eric,Ward,1976-02-03,Mpumalanga,17570.17,Unemployed,656.0
CUST001014,Kelly,Stanley,17 May 1984,Limpopo,56897.96,Self-Employed,548.0
CUST001015,James,Johnson,10-08-1963,Gauteng,56449.35,Retired,450.0
CUST001016,Kelly,Miller,25/01/1996,Gauteng,11930.62,Retired,707.0
CUST001017,Kyle,Sanders,1979-01-16,Northern Cape,75018.5,Retired,558.0
CUST001018,Donna,Davis,07 Sep 1981,Free State,65073.21,Employed,411.0
CUST001019,Jackson,Mcclure,04-19-1973,KwaZulu-Natal,21366.81,Unemployed,306.0
CUST001020,Sean,Baker,21 Nov 1977,Gauteng,66786.36,Retired,595.0
CUST001021,Jeremy,Adams,11/07/1958,KwaZulu-Natal,61175.8,Self-Employed,814.0
CUST001022,Karen,Contreras,06 Sep 1959,Eastern Cape,9248.06,Self-Employed,565.0
CUST001023,Maurice,Weaver,28 Feb 2002,North West,54765.93,Self-Employed,381.0
CUST001024,Brittany,Spencer,04 Dec 1995,Western Cape,32043.23,Retired,796.0
CUST001025,Loretta,Barnes,1981-04-09,Gauteng,,Employed,399.0
CUST001026,Michelle,Wells,1997-11-20,Mpumalanga,83945.2,Retired,784.0
CUST001027,Thomas,Miller,25 Nov 1998,Limpopo,76157.25,Self-Employed,669.0
CUST001028,Jennifer,Shaw,15 Oct 1998,Gauteng,74782.73,Employed,767.0
CUST001029,Lauren,Byrd,04 May 1985,,14393.01,Self-Employed,677.0
CUST001030,David,Todd,12 Nov 1963,Northern Cape,19628.76,Unemployed,317.0
CUST001031,Tracey,Stanton,1994-05-16,Limpopo,23301.47,Employed,656.0
CUST001032,David,Henderson,02 Jan 2003,Western Cape,28155.97,Self-Employed,832.0
CUST001033,Ryan,Osborn,1985-09-03,KwaZulu-Natal,11510.74,Retired,472.0
CUST001034,Mary,Scott,1999-04-15,North West,23892.58,Employed,408.0
CUST001035,Robin,Jones,1974-03-13,KwaZulu-Natal,30783.31,Unemployed,525.0
CUST001036,Ray,Nguyen,28 Oct 1968,Western Cape,78780.26,Retired,392.0
CUST001037,Stephen,Marks,04-27-1993,Eastern Cape,66190.16,Unemployed,686.0
CUST001038,Cindy,Mills,16 Sep 1975,Northern Cape,39675.46,Unemployed,418.0
CUST001039,Robert,Hernandez,1983-10-15,Western Cape,52172.14,Employed,676.0
CUST001040,Katherine,Ayers,12-18-1999,Mpumalanga,4635.12,Self-Employed,697.0
CUST001041,Anna,Garcia,04-19-1969,Limpopo,79680.98,Self-Employed,409.0
CUST001042,Amanda,Cooper,16 Apr 1975,Limpopo,80402.64,Retired,766.0
CUST001043,Patrick,Washington,10-18-1984,KwaZulu-Natal,72854.76,Employed,627.0
CUST001044,Benjamin,Hill,1962-06-22,Free State,61375.04,Self-Employed,806.0
CUST001045,Charlotte,Steele,05 Jun 1957,Gauteng,31318.14,Self-Employed,530.0
CUST001046,Pamela,Rivera,1966-12-21,KwaZulu-Natal,63055.33,Self-Employed,322.0
CUST001047,Julie,Mccall,08-16-1998,Mpumalanga,84220.3,Retired,373.0
CUST001048,Andrew,Roth,02-11-1970,Free State,20204.92,Retired,399.0
CUST001049,Juan,Vasquez,1988-12-25,Free State,17677.4,Retired,598.0
CUST001050,Corey,Melton,07/01/1962,Eastern Cape,20250.23,Unemployed,404.0
CUST001051,Terri,Ramos,17/03/1995,Mpumalanga,38882.44,Employed,398.0
CUST001052,Joseph,Butler,21 Jul 1986,KwaZulu-Natal,13946.42,Unemployed,744.0
CUST001053,Jacob,Lewis,12 Feb 1995,Eastern Cape,23888.86,Self-Employed,684.0
CUST001054,Joyce,Malone,1997-03-11,North West,56850.03,Retired,
CUST001055,Lori,Robertson,1963-03-14,Western Cape,56133.45,Self-Employed,323.0
CUST001056,Larry,Hunter,29 Jan 1962,Free State,12111.54,Retired,795.0
CUST001057,Melissa,Suarez,15 Dec 1956,Free State,12505.02,Self-Employed,715.0
CUST001058,James,Whitaker,1995-09-28,Mpumalanga,47681.55,Retired,365.0
CUST001059,John,Bryant,1999-08-19,Eastern Cape,76756.99,Self-Employed,305.0
CUST001060,Janet,Hill,02-04-1995,Western Cape,50794.02,Employed,562.0
CUST001061,William,Reid,1961-07-06,Western Cape,45244.94,Self-Employed,733.0
CUST001062,Anthony,Watson,1984-01-30,Eastern Cape,80670.28,Unemployed,846.0
CUST001063,Gregory,Harrell,27 Sep 1983,Limpopo,83874.57,Self-Employed,401.0
CUST001064,Michael,Martin,1998-07-03,Eastern Cape,15904.22,Self-Employed,437.0
CUST001065,Kaitlyn,Barker,01/04/1969,Limpopo,63192.9,Unemployed,566.0
CUST001066,Paul,Martin,13/01/1983,Mpumalanga,80551.61,Self-Employed,848.0
CUST001067,Tammie,Vincent,08-22-1986,Eastern Cape,49873.19,Self-Employed,729.0
CUST001068,Erica,Adams,03-23-1975,Mpumalanga,82103.42,Unemployed,427.0
CUST001069,Andrew,Deleon,30 May 1992,Western Cape,11662.42,Unemployed,449.0
CUST001070,Alan,Buck,22/08/1986,,34861.06,Retired,407.0
CUST001071,Carolyn,Smith,1967-09-06,KwaZulu-Natal,74978.71,Retired,397.0
CUST001072,Linda,Torres,12-25-2001,Northern Cape,12474.83,Unemployed,698.0
CUST001073,Dawn,Coleman,21 Aug 1973,North West,25354.41,Self-Employed,429.0
CUST001074,Michael,King,12-20-1977,Gauteng,55955.08,Self-Employed,728.0
CUST001075,Erica,Holloway,18/08/1974,North West,68776.75,Unemployed,738.0
CUST001076,Curtis,Hunt,12/05/1987,Free State,11498.85,Unemployed,392.0
CUST001077,Megan,Brooks,1986-08-22,Eastern Cape,17791.61,Unemployed,804.0
CUST001078,Chelsea,Evans,1960-10-03,Mpumalanga,79561.53,Retired,827.0
CUST001079,Caleb,Mcneil,1986-04-25,,19809.81,Employed,735.0
CUST001080,Michelle,Green,09-12-1989,Eastern Cape,57724.52,Employed,759.0
CUST001081,Patricia,Evans,06/10/1962,KwaZulu-Natal,72072.42,Employed,732.0
CUST001082,Kathy,Yoder,24/03/1994,Limpopo,31705.67,Employed,597.0
CUST001083,Leah,Greene,04-10-1987,Free State,63911.07,Self-Employed,612.0
CUST001084,Erin,Griffith,1987-01-10,North West,72792.32,Employed,771.0
CUST001085,Whitney,Green,08-29-1975,,76160.8,Unemployed,309.0
CUST001086,Paul,Johnson,21 Jul 1989,Eastern Cape,45902.65,Employed,
CUST001087,Ashley,Lee,06-10-1990,Eastern Cape,34631.91,Self-Employed,849.0
CUST001088,Jeffrey,Nichols,1993-03-29,North West,39868.21,Retired,305.0
CUST001089,Rebecca,Powers,02/12/1979,Western Cape,7740.63,Unemployed,332.0
CUST001090,Megan,Pittman,21/08/1997,North West,83625.76,Retired,807.0
CUST001091,Howard,Davis,16/09/1961,Limpopo,67317.17,Retired,434.0
CUST001092,Jonathan,Stokes,1992-03-09,Gauteng,,Self-Employed,353.0
CUST001093,Isaac,Frazier,09-05-1971,Mpumalanga,63863.24,Unemployed,588.0
CUST001094,Christopher,Kelly,16 Apr 1991,Eastern Cape,63204.51,Unemployed,417.0
CUST001095,Kurt,French,21/06/1971,Mpumalanga,61370.1,Self-Employed,493.0
CUST001096,Jorge,Carter,04/06/1996,Eastern Cape,36803.29,Self-Employed,449.0
CUST001097,Thomas,Delacruz,31/07/1983,Western Cape,35118.39,Self-Employed,527.0
CUST001098,Sheryl,Jones,05 Apr 1998,Gauteng,56331.79,Unemployed,672.0
CUST001099,Vincent,Dillon,11-20-1973,Mpumalanga,76556.05,Employed,353.0
CUST001100,Kenneth,Brown,07-27-1996,Eastern Cape,27052.83,Retired,489.0
CUST001101,Derrick,Gonzalez,17 Mar 1975,Limpopo,13478.05,Self-Employed,639.0
CUST001102,Ashley,Knox,07-13-1977,Northern Cape,23679.3,Retired,389.0
CUST001103,Leslie,Baldwin,15/12/1992,Western Cape,82450.58,Self-Employed,497.0
CUST001104,Tony,Welch,1964-01-21,Western Cape,54330.33,Retired,506.0
CUST001105,Cynthia,Smith,11/09/1968,Gauteng,38166.11,Unemployed,674.0
CUST001106,Kathleen,Jackson,1992-04-05,Mpumalanga,38229.83,Employed,470.0
CUST001107,Tracy,Gallagher,17/10/1959,Free State,50077.07,Self-Employed,707.0
CUST001108,Christina,Schultz,1974-12-06,KwaZulu-Natal,45496.91,Retired,710.0
CUST001109,Tammy,Reyes,18/05/1957,,50537.79,Employed,825.0
CUST001110,James,Watson,03-29-1956,Free State,28357.28,Employed,475.0
CUST001111,Marco,Whitaker,18/09/1964,Free State,16425.23,Self-Employed,576.0
CUST001112,Erica,Sims,1967-07-06,Eastern Cape,21402.78,Unemployed,677.0
CUST001113,Heather,Cooper,10-03-1961,KwaZulu-Natal,53724.3,Employed,310.0
CUST001114,Patrick,Chapman,02/08/1963,Free State,82714.18,Employed,691.0
CUST001115,Madison,Evans,07-11-1969,Northern Cape,40095.88,Self-Employed,704.0
CUST001116,Jessica,Carlson,13/10/1971,Mpumalanga,77124.54,Self-Employed,770.0
CUST001117,Pamela,Cowan,07/01/1972,Eastern Cape,80440.08,Unemployed,321.0
CUST001118,Rachel,Howard,11/08/1964,Mpumalanga,19621.77,Retired,551.0
CUST001119,Stacy,Hull,06 Dec 1974,Western Cape,15551.95,Employed,402.0
CUST001120,Jeremy,Acosta,1961-11-12,Western Cape,65957.38,Employed,435.0
CUST001121,Jessica,Lawrence,1963-09-05,Free State,,Employed,408.0
CUST001122,Michael,Santos,05-12-1957,Western Cape,43174.25,Retired,467.0
CUST001123,Nancy,Scott,26 Mar 1981,KwaZulu-Natal,48253.88,Employed,321.0
CUST001124,Brandon,Vang,1987-05-05,Northern Cape,45679.16,Self-Employed,301.0
CUST001125,Desiree,Smith,1988-09-03,Eastern Cape,16363.81,Self-Employed,693.0
CUST001126,Robert,James,1981-11-01,North West,13365.92,Unemployed,665.0
CUST001127,Thomas,Hernandez,12-08-1988,Western Cape,78938.53,Employed,454.0
CUST001128,Crystal,Turner,04-30-1987,KwaZulu-Natal,16592.71,Unemployed,593.0
CUST001129,Elaine,Nelson,1984-08-20,Free State,57769.4,Employed,302.0
CUST001130,Derrick,Rivas,08/08/1960,KwaZulu-Natal,35943.27,Retired,368.0
CUST001131,Jennifer,Wilson,14 Jan 1961,Free State,30505.8,Retired,661.0
CUST001132,Daniel,Gonzalez,26 Feb 1965,North West,37822.52,Unemployed,441.0
CUST001133,Jose,Mills,31/03/1965,Mpumalanga,44516.73,Self-Employed,693.0
CUST001134,Jade,Phillips,16 Jun 1957,Northern Cape,60326.67,Employed,540.0
CUST001135,Tyler,Clark,10/05/2000,Gauteng,42651.07,Employed,361.0
CUST001136,Mark,Smith,10-22-1987,KwaZulu-Natal,16103.29,Retired,548.0
CUST001137,Rebecca,Conley,06/09/1987,Gauteng,13937.48,Self-Employed,686.0
CUST001138,Edward,Davis,17 Feb 1980,Limpopo,13033.79,Retired,461.0
CUST001139,Jennifer,Garcia,11-07-1967,KwaZulu-Natal,10703.76,Retired,453.0
CUST001140,Jerry,Hinton,10 Oct 1969,KwaZulu-Natal,60734.4,Retired,645.0
CUST001141,Steven,Garcia,1963-12-14,Free State,9330.06,Self-Employed,815.0
CUST001142,Benjamin,Roberts,16 Jan 1994,Mpumalanga,75016.11,Unemployed,813.0
CUST001143,Larry,Rodgers,16/02/1960,Mpumalanga,26382.12,Retired,428.0
CUST001144,Katherine,Williams,18 Jun 1996,Gauteng,19287.35,Employed,779.0
CUST001145,Elizabeth,Jackson,23 Sep 1972,Mpumalanga,69168.81,Self-Employed,576.0
CUST001146,Samuel,Howell,1997-09-25,Limpopo,,Unemployed,466.0
CUST001147,Christopher,Briggs,1964-05-06,Eastern Cape,65399.98,Self-Employed,333.0
CUST001148,Richard,Rivers,1968-08-12,Gauteng,68113.17,Unemployed,395.0
CUST001149,Paul,Jefferson,1993-12-17,Limpopo,81678.49,Unemployed,700.0
CUST001150,Deborah,Robles,29/12/1960,Western Cape,76669.15,Self-Employed,324.0
CUST001151,Heather,Brown,21 Oct 2000,North West,73088.18,Self-Employed,774.0
CUST001152,Erik,Perry,1983-12-04,Eastern Cape,69501.82,Self-Employed,813.0
CUST001153,Leah,Gregory,04-07-1964,North West,31791.17,Retired,340.0
CUST001154,Noah,Howard,13 Dec 1956,Eastern Cape,53636.17,Self-Employed,809.0
CUST001155,Gabrielle,Roberson,2002-04-17,KwaZulu-Natal,29418.16,Employed,810.0
CUST001156,David,Knapp,12-27-1960,KwaZulu-Natal,17498.54,Unemployed,661.0
CUST001157,Robert,Williams,15/02/1968,North West,42597.51,Retired,443.0
CUST001158,Leon,Bush,09 Feb 1988,Gauteng,27573.32,Self-Employed,751.0
CUST001159,Katrina,Ray,09-08-1982,Limpopo,37762.14,Employed,358.0
CUST001160,Tiffany,Santiago,22/10/1971,,73171.31,Self-Employed,708.0
CUST001161,Alexandra,Haynes,20/02/1960,Mpumalanga,58366.62,Retired,847.0
CUST001162,Dorothy,Wright,29 Feb 1972,Western Cape,63408.14,Retired,743.0
CUST001163,Erica,Cruz,11-03-1995,Western Cape,84713.28,Retired,417.0
CUST001164,Angela,Huerta,1958-03-09,Northern Cape,42332.39,Unemployed,332.0
CUST001165,Dawn,Moore,23 Apr 1996,Gauteng,33600.17,Retired,518.0
CUST001166,Melissa,Booth,1959-02-28,Mpumalanga,55672.83,Employed,580.0
CUST001167,Travis,Allen,02-18-2002,North West,46744.62,Unemployed,488.0
CUST001168,Brent,Walker,1986-06-12,Mpumalanga,65130.67,Unemployed,729.0
CUST001169,Richard,Young,08/08/1977,Mpumalanga,60278.57,Employed,503.0
CUST001170,Laurie,West,06/09/1996,Limpopo,70792.06,Unemployed,314.0
CUST001171,Sergio,Wilson,10 Jun 1979,KwaZulu-Natal,29970.83,Retired,569.0
CUST001172,Denise,Garcia,1975-05-12,North West,73510.0,Employed,337.0
CUST001173,Angela,Smith,06/12/1959,Mpumalanga,66837.94,Self-Employed,656.0
CUST001174,Cassandra,Montgomery,10/03/1970,Gauteng,33785.45,Unemployed,814.0
CUST001175,William,Clark,1987-10-19,North West,41207.8,Unemployed,736.0
CUST001176,Stephanie,Cox,03-04-1958,Western Cape,41435.3,Self-Employed,746.0
CUST001177,Jeffrey,Gibson,15 Jun 1982,Free State,80001.07,Employed,389.0
CUST001178,Christine,Kennedy,1987-02-10,Western Cape,54108.96,Retired,402.0
CUST001179,Jennifer,Wilson,1992-01-06,Free State,21555.63,Retired,417.0
CUST001180,Jeffrey,Peterson,27 May 1995,Western Cape,68396.97,Retired,307.0
CUST001181,Tamara,Carter,15/08/1980,Northern Cape,75308.38,Retired,
CUST001182,Jacqueline,Williams,12 Jun 1963,,16846.72,Unemployed,643.0
CUST001183,Donald,Love,15 Mar 1990,Eastern Cape,36004.67,Retired,352.0
CUST001184,Daniel,Carr,27 Jul 1964,KwaZulu-Natal,35928.14,Retired,625.0
CUST001185,Sarah,Long,03 Jul 1977,Eastern Cape,68994.34,Retired,566.0
CUST001186,Kimberly,Love,27/09/1960,Limpopo,12007.87,Self-Employed,328.0
CUST001187,Robert,House,1995-10-07,,63600.62,Unemployed,491.0
CUST001188,Brianna,Barton,11/03/1977,Free State,72156.77,Retired,566.0
CUST001189,Dominique,Blanchard,01-11-1962,Western Cape,55008.76,Employed,413.0
CUST001190,Victor,Moreno,1957-11-24,Western Cape,25590.57,Employed,806.0
CUST001191,Savannah,Roberson,30/09/1978,Mpumalanga,68533.04,Retired,378.0
CUST001192,William,Morse,27 Jan 1964,Mpumalanga,55500.92,Self-Employed,484.0
CUST001193,Beth,Cross,23/09/1961,Gauteng,32096.24,Employed,462.0
CUST001194,Paul,Burke,12-08-1997,Western Cape,,Self-Employed,521.0
CUST001195,William,Cruz,2002-08-01,,15654.48,Self-Employed,574.0
CUST001196,Ruth,Farmer,12/09/1968,Western Cape,48895.52,Retired,746.0
CUST001197,Tamara,Waller,21 Apr 1977,Eastern Cape,20429.05,Unemployed,702.0
CUST001198,Dennis,Gutierrez,03-02-1989,KwaZulu-Natal,81277.85,Retired,733.0
CUST001199,Kaitlyn,Evans,03-28-1989,Limpopo,53387.3,Unemployed,682.0
CUST001200,Michelle,Joseph,2000-06-21,North West,7217.68,Retired,600.0
CUST001201,Cynthia,Harris,07-11-1985,,18982.29,Self-Employed,666.0
CUST001202,Kelly,Reed,04/11/1987,Limpopo,67250.92,Unemployed,311.0
CUST001203,Tina,Santos,26/07/2001,North West,30385.68,Employed,694.0
CUST001204,William,Benson,15/01/1971,Northern Cape,49657.18,Employed,731.0
CUST001205,Darrell,Bell,16 Aug 1978,Limpopo,20451.11,Retired,810.0
CUST001206,Ashley,Contreras,08-10-1975,Mpumalanga,40949.2,Retired,542.0
CUST001207,Julie,Skinner,04-16-1969,Gauteng,73416.3,Retired,591.0
CUST001208,Melanie,Stokes,28 Aug 1980,Gauteng,78401.78,Employed,371.0
CUST001209,Anthony,Thomas,27 Sep 1987,Free State,65172.23,Unemployed,805.0
CUST001210,James,Christensen,17 Apr 1963,Free State,41093.83,Employed,682.0
CUST001211,Justin,King,1995-11-10,Gauteng,70949.25,Unemployed,746.0
CUST001212,Hannah,Phillips,1991-09-28,Eastern Cape,69888.7,Employed,353.0
CUST001213,Antonio,Cervantes,1960-06-26,Western Cape,28995.35,Retired,576.0
CUST001214,Miranda,Stevenson,29/01/1997,North West,30206.28,Retired,757.0
CUST001215,Julia,Hoffman,21/12/1966,North West,83096.13,Retired,531.0
CUST001216,Kristen,Lindsey,05-16-1969,Western Cape,71761.14,Self-Employed,379.0
CUST001217,Elizabeth,House,03 Mar 1974,Gauteng,58475.17,Retired,492.0
CUST001218,Sue,Daugherty,07-29-1970,Eastern Cape,65809.0,Unemployed,619.0
CUST001219,Andrea,Smith,19/08/1967,Northern Cape,14969.87,Retired,763.0
CUST001220,Christine,Norman,01/05/1997,Mpumalanga,26865.99,Unemployed,404.0
CUST001221,Maria,Pruitt,1989-05-22,Western Cape,76474.89,Employed,787.0
CUST001222,Deborah,Fischer,21 Oct 1981,Limpopo,79117.68,Retired,517.0
CUST001223,Carrie,Parsons,07 Nov 2001,Northern Cape,40027.92,Employed,691.0
CUST001224,Kelly,Thompson,02 May 1988,Eastern Cape,36916.71,Retired,831.0
CUST001225,Jacob,Thompson,1980-03-25,Eastern Cape,22176.17,Employed,572.0
CUST001226,Nicholas,Patterson,1982-04-14,Free State,54427.77,Retired,702.0
CUST001227,David,Silva,10-22-1967,North West,67751.08,Unemployed,594.0
CUST001228,Mark,Mckinney,1962-12-31,KwaZulu-Natal,60887.93,Unemployed,544.0
CUST001229,Eric,Morris,1958-01-03,KwaZulu-Natal,76939.47,Employed,785.0
CUST001230,Sarah,Gilbert,1987-05-04,KwaZulu-Natal,75441.23,Employed,660.0
CUST001231,Tracy,Armstrong,1972-10-02,North West,42541.74,Employed,597.0
CUST001232,Kristen,Stewart,15/02/1966,KwaZulu-Natal,12549.39,Unemployed,763.0
CUST001233,Ivan,Jones,10-25-1979,Northern Cape,43662.71,Employed,661.0
CUST001234,Robert,Herrera,12-24-1959,Northern Cape,73484.97,Retired,415.0
CUST001235,Jeffrey,Lewis,1971-07-01,KwaZulu-Natal,73429.37,Self-Employed,665.0
CUST001236,Michael,Robinson,11/09/1991,Mpumalanga,64421.39,Retired,410.0
CUST001237,Alyssa,Barajas,07 Feb 1995,Northern Cape,77781.35,Unemployed,700.0
CUST001238,Tina,Smith,09-04-1987,Free State,51151.1,Employed,743.0
CUST001239,Sean,Conway,01-09-1985,Free State,5170.96,Self-Employed,777.0
CUST001240,Christine,Haley,04-30-1988,Northern Cape,28943.47,Unemployed,315.0
CUST001241,Manuel,Moon,04/12/2000,Free State,14436.58,Employed,740.0
CUST001242,Paul,Fernandez,1969-02-21,Gauteng,32692.57,Self-Employed,388.0
CUST001243,Rhonda,Short,25/07/1973,Eastern Cape,78419.92,Employed,784.0
CUST001244,Leah,Griffin,02/09/1957,Mpumalanga,82336.0,Unemployed,609.0
CUST001245,Rachel,Lee,26/03/1980,Mpumalanga,30459.63,Self-Employed,556.0
CUST001246,Stacy,Jackson,20/06/2001,Free State,28435.4,Retired,487.0
CUST001247,Amanda,Smith,16 Sep 1958,Western Cape,40073.06,Unemployed,779.0
CUST001248,Ellen,Ayala,31 Jan 1997,Mpumalanga,41633.36,Employed,731.0
CUST001249,Roger,Garcia,18/05/1981,Free State,51215.95,Unemployed,354.0
CUST001250,Jacqueline,Cherry,10 Oct 1992,KwaZulu-Natal,4979.2,Retired,355.0
CUST001251,Deborah,Case,06-02-1991,Western Cape,12340.62,Retired,639.0
CUST001252,Eric,Stevens,1971-06-28,Northern Cape,8768.13,Self-Employed,807.0
CUST001253,Christopher,Brown,09/09/1993,Free State,62390.93,Retired,505.0
CUST001254,Angela,Andrews,1966-06-30,KwaZulu-Natal,14243.27,Self-Employed,406.0
CUST001255,Jonathan,Hughes,25 Oct 1985,Mpumalanga,14305.82,Self-Employed,540.0
CUST001256,Ryan,Smith,11-20-1987,North West,54181.26,Employed,489.0
CUST001257,Amanda,May,31/03/1985,KwaZulu-Natal,60820.11,Retired,596.0
CUST001258,Katelyn,Richards,1989-03-17,North West,26652.1,Employed,775.0
CUST001259,Charles,Reilly,29 Aug 1960,,41295.12,Employed,610.0
CUST001260,Kristin,Turner,20 Sep 1959,Gauteng,33055.51,Retired,
CUST001261,Kathy,Kim,14/07/1974,Limpopo,73812.28,Retired,825.0
CUST001262,Donna,Wells,04/03/1981,Limpopo,49833.39,Self-Employed,585.0
CUST001263,Derek,Myers,11-05-1993,Mpumalanga,72065.7,Retired,484.0
CUST001264,Amy,Choi,06-25-1962,KwaZulu-Natal,51902.59,Retired,369.0
CUST001265,Erica,Sloan,23/09/1993,Eastern Cape,13050.75,Retired,631.0
CUST001266,Jessica,Brooks,21/02/2001,Western Cape,18506.84,Retired,365.0
CUST001267,Angela,Peters,06-25-1961,Western Cape,64869.76,Unemployed,330.0
CUST001268,Adam,Carlson,05-08-1981,Western Cape,34899.13,Self-Employed,500.0
CUST001269,Stacey,Torres,27 Jun 1991,Free State,64243.39,Self-Employed,388.0
CUST001270,Rebecca,Cooper,1975-05-17,Eastern Cape,,Retired,373.0
CUST001271,Debbie,Hunt,17 Apr 1963,Eastern Cape,50414.79,Unemployed,665.0
CUST001272,Jeffrey,Davenport,22/11/1964,Western Cape,54850.39,Employed,430.0
CUST001273,Howard,Marsh,06-22-1996,Western Cape,23061.17,Unemployed,323.0
CUST001274,Melissa,Randolph,04-18-2003,Free State,33311.37,Self-Employed,594.0
CUST001275,Steven,Dunn,08/07/1969,Northern Cape,44753.78,Employed,413.0
CUST001276,Carlos,Garcia,05-25-1990,Gauteng,38423.16,Employed,442.0
CUST001277,Tony,Rivera,09-20-1961,Gauteng,10369.41,Employed,654.0
CUST001278,Diana,Garcia,21 Apr 1985,Western Cape,43041.1,Employed,406.0
CUST001279,Rachel,Stewart,13/03/1977,Limpopo,28925.18,Self-Employed,321.0
CUST001280,Christina,Torres,1983-08-10,Eastern Cape,73753.7,Employed,793.0
CUST001281,Ariana,Diaz,01 Oct 1970,KwaZulu-Natal,38860.1,Retired,420.0
CUST001282,Ronnie,Smith,05-20-1967,Limpopo,39640.25,Self-Employed,394.0
CUST001283,Jeffrey,Singh,02/07/1976,Mpumalanga,76010.99,Employed,315.0
CUST001284,Mary,Taylor,01/10/1990,Gauteng,14700.63,Employed,621.0
CUST001285,Natalie,Ford,14/10/1972,Free State,36524.4,Employed,378.0
CUST001286,Kevin,Arnold,02/01/1964,North West,69980.7,Self-Employed,754.0
CUST001287,Catherine,Wilkinson,10-13-1996,Northern Cape,57118.33,Unemployed,626.0
CUST001288,Donald,Ryan,1968-03-15,Gauteng,37572.13,Retired,586.0
CUST001289,Olivia,Jones,09/03/1959,Northern Cape,64223.65,Unemployed,445.0
CUST001290,Andrew,Hunter,23/01/1957,North West,41027.92,Retired,334.0
CUST001291,Bonnie,Sullivan,21 Nov 1983,Free State,11301.71,Retired,
CUST001292,Rebecca,Arnold,27 Aug 1981,Mpumalanga,22568.1,Retired,845.0
CUST001293,Yolanda,Kennedy,10-10-1992,Gauteng,,Unemployed,568.0
CUST001294,Michael,Walker,18/08/1992,Gauteng,71253.78,Retired,358.0
CUST001295,Jessica,Carter,15 Nov 1977,Free State,80007.07,Unemployed,466.0
CUST001296,William,Sanders,02 Sep 1979,Eastern Cape,5722.26,Unemployed,387.0
CUST001297,Elaine,Charles,04-13-1994,Limpopo,7607.8,Unemployed,556.0
CUST001298,Christina,Martin,1980-03-30,Western Cape,57692.51,Self-Employed,754.0
CUST001299,Sean,White,07 Feb 2001,Gauteng,82253.78,Self-Employed,718.0
CUST001300,Donna,Faulkner,1990-11-22,Free State,48891.55,Retired,484.0
CUST001301,Timothy,Howard,01-26-1966,Free State,14741.41,Self-Employed,350.0
CUST001302,Tony,Brown,1973-04-19,KwaZulu-Natal,73775.91,Employed,533.0
CUST001303,Brad,Clark,02-20-1999,,72516.94,Employed,540.0
CUST001304,Michael,Harrison,1977-05-22,Northern Cape,45638.36,Unemployed,680.0
CUST001305,Brandon,Hooper,14 Feb 1971,Western Cape,75006.18,Unemployed,668.0
CUST001306,Jane,Boyd,23 May 1995,Limpopo,82866.85,Self-Employed,677.0
CUST001307,Mary,Baker,11/09/1981,Gauteng,21524.11,Unemployed,520.0
CUST001308,Glenn,Valdez,1973-02-06,KwaZulu-Natal,84824.58,Employed,529.0
CUST001309,Denise,Houston,14 May 1980,Northern Cape,72731.4,Employed,783.0
CUST001310,Nicholas,Solomon,09 May 1980,Limpopo,71798.72,Self-Employed,636.0
CUST001311,Michael,Parrish,12-08-1978,Eastern Cape,64729.16,Self-Employed,755.0
CUST001312,Timothy,Munoz,28 Aug 1979,Limpopo,49616.8,Unemployed,795.0
CUST001313,Don,Martin,08 Apr 1959,Mpumalanga,71139.6,Self-Employed,717.0
CUST001314,Dawn,Lewis,15/07/1964,Free State,31996.53,Retired,731.0
CUST001315,Michael,Love,31/03/1961,North West,66697.92,Retired,315.0
CUST001316,Jerry,Shepherd,20 Feb 1990,Free State,61766.24,Employed,429.0
CUST001317,Timothy,Mendoza,06 Sep 1965,Gauteng,84189.65,Retired,732.0
CUST001318,Evan,Whitaker,23 Aug 1956,Northern Cape,28118.05,Unemployed,410.0
CUST001319,Bradley,Berry,1963-04-20,Western Cape,33074.09,Retired,760.0
CUST001320,Crystal,Williams,14 Jan 1983,Free State,60859.15,Employed,455.0
CUST001321,Brian,Scott,03-17-1964,North West,39806.26,Unemployed,399.0
CUST001322,Susan,Greene,15 Aug 1982,Limpopo,46173.05,Retired,592.0
CUST001323,Andrew,Ball,05-01-1987,KwaZulu-Natal,7875.72,Self-Employed,740.0
CUST001324,Justin,Miller,02-16-1977,Western Cape,17830.2,Retired,749.0
CUST001325,Victoria,Dillon,03/10/1963,Free State,25384.04,Employed,537.0
CUST001326,Maria,Burke,16/09/1993,Western Cape,72022.59,Employed,340.0
CUST001327,Lori,White,25/03/1987,Gauteng,70703.06,Unemployed,736.0
CUST001328,Joseph,Ramsey,06/01/1972,North West,13324.0,Employed,755.0
CUST001329,Shawn,Garza,07 Aug 1966,Free State,15513.85,Employed,662.0
CUST001330,Paul,Rodriguez,12/04/1965,Western Cape,45318.34,Employed,622.0
CUST001331,Michele,Gordon,1975-09-19,Mpumalanga,61260.85,Self-Employed,336.0
CUST001332,Edward,Davis,1978-05-29,Eastern Cape,34784.83,Self-Employed,571.0
CUST001333,Christina,Williams,11 Mar 1993,KwaZulu-Natal,27249.27,Employed,828.0
CUST001334,Wesley,Wilson,18/09/1978,Gauteng,44000.64,Self-Employed,339.0
CUST001335,David,Munoz,04-16-1995,Mpumalanga,23394.62,Self-Employed,607.0
CUST001336,Penny,Hampton,09-24-1986,North West,55217.21,Retired,602.0
CUST001337,Alexa,Wood,1957-08-26,Free State,40497.42,Retired,418.0
CUST001338,Alyssa,Perez,01-28-1994,Western Cape,36546.19,Retired,800.0
CUST001339,Kristine,James,04/11/1983,Gauteng,45352.74,Retired,362.0
CUST001340,Judith,Juarez,01-03-1989,Free State,37603.94,Retired,708.0
CUST001341,Connor,Anderson,1978-06-21,Free State,22125.33,Employed,615.0
CUST001342,Jesse,Trevino,01/03/1969,KwaZulu-Natal,67253.94,Unemployed,432.0
CUST001343,Nancy,Ortiz,1964-08-21,Gauteng,11765.34,Unemployed,364.0
CUST001344,Jenna,Clarke,24/04/1983,Limpopo,83809.99,Retired,534.0
CUST001345,David,Smith,26/12/1986,Limpopo,21857.02,Employed,336.0
CUST001346,Gwendolyn,Stewart,1972-12-15,Northern Cape,43534.45,Unemployed,324.0
CUST001347,Eric,Pearson,28/09/1967,Gauteng,14453.25,Retired,434.0
CUST001348,Melissa,Henderson,02-12-1973,Western Cape,45113.03,Retired,
CUST001349,Joshua,Becker,22/10/1991,Western Cape,68305.91,Unemployed,631.0
CUST001350,Robert,Bowers,1978-09-22,Free State,20814.67,Retired,685.0
CUST001351,Mitchell,Peters,1967-10-01,Eastern Cape,49660.2,Self-Employed,
CUST001352,Kristopher,Cooper,06 Jun 1989,Mpumalanga,65897.38,Retired,529.0
CUST001353,Jill,Wyatt,1987-03-19,Mpumalanga,40490.37,Employed,618.0
CUST001354,Julie,Griffin,1989-02-18,Western Cape,21218.39,Self-Employed,385.0
CUST001355,Evan,Lewis,17 Oct 1974,Northern Cape,50114.46,Retired,558.0
CUST001356,Matthew,Pierce,01-09-1989,KwaZulu-Natal,59964.31,Employed,574.0
CUST001357,Jasmine,Martin,12 Nov 2001,Northern Cape,81737.76,Retired,794.0
CUST001358,Adam,Davis,1962-07-17,Western Cape,10739.11,Employed,465.0
CUST001359,Sara,Graham,1958-08-23,KwaZulu-Natal,74514.81,Retired,807.0
CUST001360,Jeffrey,Miller,18 May 1957,KwaZulu-Natal,48540.35,Unemployed,420.0
CUST001361,Patrick,Joyce,01-14-1985,Free State,54015.59,Self-Employed,444.0
CUST001362,Abigail,Dawson,30/03/1984,Limpopo,24724.77,Unemployed,438.0
CUST001363,Sonya,Wilkins,20 Apr 1986,Gauteng,18927.68,Employed,619.0
CUST001364,Scott,Harris,05/02/1987,Western Cape,31148.33,Retired,460.0
CUST001365,Linda,Mitchell,07/03/1957,Limpopo,79194.3,Retired,613.0
CUST001366,Carol,Black,08 Sep 1966,Free State,56148.75,Self-Employed,405.0
CUST001367,Gavin,Johnson,01-19-1967,KwaZulu-Natal,12736.93,Retired,638.0
CUST001368,Aaron,Moore,06-01-2003,North West,4715.0,Self-Employed,393.0
CUST001369,Kimberly,Gomez,14/07/1974,KwaZulu-Natal,74906.43,Employed,440.0
CUST001370,Brenda,Holmes,09 Dec 1990,Mpumalanga,30830.69,Employed,546.0
CUST001371,Casey,Davis,22 Mar 1969,Mpumalanga,33076.83,Unemployed,843.0
CUST001372,Maria,Herman,10/04/1972,KwaZulu-Natal,71605.2,Retired,752.0
CUST001373,Sylvia,Hill,09-02-1984,Western Cape,39550.78,Employed,674.0
CUST001374,James,Spears,03-01-1983,Mpumalanga,49563.42,Self-Employed,691.0
CUST001375,Jose,Russell,1960-09-04,Eastern Cape,,Unemployed,636.0
CUST001376,Charles,Phillips,01-09-2001,Free State,5546.06,Unemployed,790.0
CUST001377,Leah,Frye,08-15-1997,Free State,82676.83,Retired,765.0
CUST001378,Lisa,Andrews,20 Nov 1988,Northern Cape,,Self-Employed,481.0
CUST001379,Tammy,Hart,11/07/1992,Western Cape,72587.15,Employed,621.0
CUST001380,Katherine,Ali,08-04-1977,Eastern Cape,63865.02,Unemployed,473.0
CUST001381,Steven,Matthews,11-17-1956,,57991.87,Employed,366.0
CUST001382,Darren,Jones,25/12/1985,Free State,40193.61,Self-Employed,817.0
CUST001383,Virginia,Rhodes,1966-08-09,Free State,32730.12,Employed,774.0
CUST001384,Leslie,Moses,1980-05-11,KwaZulu-Natal,19445.54,Employed,473.0
CUST001385,Alec,Collier,26/06/1967,Limpopo,75114.47,Unemployed,495.0
CUST001386,Christopher,Nunez,24/12/1994,Free State,61326.07,Self-Employed,623.0
CUST001387,Charles,Velazquez,10/06/1978,Free State,18757.52,Retired,570.0
CUST001388,Michael,Shannon,06-25-1968,Limpopo,56166.99,Self-Employed,337.0
CUST001389,Stacey,Vega,30 Mar 1999,KwaZulu-Natal,21458.36,Unemployed,595.0
CUST001390,Victor,Gonzalez,11-13-1990,Western Cape,21463.12,Unemployed,332.0
CUST001391,Monique,Clark,19/04/1965,North West,51739.07,Retired,334.0
CUST001392,John,Montgomery,1963-01-20,Limpopo,5135.81,Unemployed,644.0
CUST001393,Daniel,Mora,1988-01-03,KwaZulu-Natal,29155.19,Self-Employed,322.0
CUST001394,Elizabeth,Austin,01 Apr 1992,Mpumalanga,42622.55,Unemployed,645.0
CUST001395,Amber,Williams,19 Sep 1978,Free State,79283.66,Employed,731.0
CUST001396,Christine,Vasquez,11-12-2002,Mpumalanga,17704.09,Unemployed,836.0
CUST001397,Penny,Melton,15/02/1979,KwaZulu-Natal,67979.84,Employed,616.0
CUST001398,Tracey,Moon,07/01/1969,Limpopo,,Self-Employed,505.0
CUST001399,Jeffrey,Ray,03-02-1958,Free State,23512.78,Employed,550.0
CUST001400,Lauren,Mendoza,07-10-1981,Gauteng,32249.3,Retired,517.0
CUST001401,Wayne,Long,05 Jul 1988,North West,65926.02,Self-Employed,625.0
CUST001402,Gregory,Bray,30/01/1989,Mpumalanga,76790.71,Retired,703.0
CUST001403,Steve,Norris,02-19-1956,North West,,Self-Employed,540.0
CUST001404,Jason,Carpenter,03-10-1971,Northern Cape,53650.61,Employed,535.0
CUST001405,Chloe,Green,24/11/1981,Gauteng,39549.75,Self-Employed,735.0
CUST001406,Joel,Ruiz,12-29-1984,Mpumalanga,43192.49,Retired,483.0
CUST001407,Michael,Jimenez,1965-09-03,North West,32376.09,Retired,312.0
CUST001408,Jaclyn,Watson,29/07/1996,Northern Cape,41102.71,Retired,732.0
CUST001409,Joshua,White,11-11-1961,Mpumalanga,55546.43,Retired,814.0
CUST001410,Barbara,Perez,11 May 1960,Limpopo,82727.5,Self-Employed,734.0
CUST001411,Joseph,Young,24 Apr 1976,Western Cape,31637.81,Unemployed,502.0
CUST001412,Oscar,Thomas,09 Aug 2001,Mpumalanga,27177.97,Retired,771.0
CUST001413,Edward,Shaffer,01-17-1964,Free State,58837.2,Employed,573.0
CUST001414,Victor,Cowan,05-03-1996,,30632.92,Employed,665.0
CUST001415,Zachary,Le,06 Apr 1993,Eastern Cape,47566.31,Self-Employed,805.0
CUST001416,Kevin,Hart,10-28-1982,Limpopo,59963.85,Retired,341.0
CUST001417,Raymond,Vaughn,06-13-1958,Gauteng,83135.89,Employed,691.0
CUST001418,Lisa,Woods,1985-10-19,Limpopo,64815.99,Employed,488.0
CUST001419,Shannon,Cook,11-22-1972,Western Cape,39391.54,Self-Employed,567.0
CUST001420,Ann,Frederick,09/12/1967,Gauteng,42569.93,Retired,581.0
CUST001421,Andrew,Martinez,14/03/1997,Free State,8182.25,Self-Employed,591.0
CUST001422,Sylvia,Gonzalez,18 Mar 1983,,37853.15,Unemployed,773.0
CUST001423,Debra,Thompson,01-08-1993,Western Cape,5954.87,Employed,594.0
CUST001424,Michael,Nunez,19 Dec 1978,Mpumalanga,30964.54,Employed,651.0
CUST001425,Jill,Preston,11-09-1973,North West,73275.66,Self-Employed,699.0
CUST001426,Justin,Welch,1962-07-09,Western Cape,49686.72,Self-Employed,842.0
CUST001427,Gary,Morton,10-06-1971,Limpopo,42124.1,Self-Employed,660.0
CUST001428,Crystal,Duncan,24 Apr 1996,Gauteng,27352.96,Self-Employed,684.0
CUST001429,Charles,Martin,10/07/1966,Mpumalanga,72898.29,Self-Employed,516.0
CUST001430,Logan,Carter,05-28-1968,KwaZulu-Natal,66233.41,Retired,718.0
CUST001431,Deanna,Nelson,02/12/1976,Mpumalanga,26949.82,Employed,625.0
CUST001432,Michelle,Cox,27 Sep 1983,Eastern Cape,44334.07,Retired,460.0
CUST001433,Tammy,Gutierrez,23/05/1964,Mpumalanga,47379.59,Retired,476.0
CUST001434,Andrew,Luna,1987-05-06,Mpumalanga,38157.04,Self-Employed,329.0
CUST001435,Shelby,Haynes,30/05/1959,Northern Cape,52765.24,Employed,632.0
CUST001436,Garrett,Garcia,18/08/1958,North West,,Retired,823.0
CUST001437,Natasha,Kelley,31/10/1956,North West,74909.34,Self-Employed,630.0
CUST001438,Randy,Hubbard,1959-07-25,Gauteng,41624.96,Retired,547.0
CUST001439,Jose,Moore,31 Dec 1986,Northern Cape,69196.8,Self-Employed,550.0
CUST001440,Nicole,Parker,1967-06-11,Gauteng,59402.9,Retired,694.0
CUST001441,Justin,Sims,13 Nov 1961,Free State,47755.99,Employed,749.0
CUST001442,Mary,Johnson,1987-06-02,Free State,71178.77,Employed,672.0
CUST001443,Michelle,Nguyen,03 Jun 1978,Mpumalanga,12841.65,Employed,473.0
CUST001444,Theresa,Fernandez,08-22-1968,KwaZulu-Natal,68542.02,Employed,637.0
CUST001445,Sean,Montes,1989-01-19,North West,44071.94,Unemployed,650.0
CUST001446,Gregory,Harper,09 Nov 1985,Limpopo,60814.71,Employed,443.0
CUST001447,Cynthia,Elliott,09-10-1980,Gauteng,34353.52,Unemployed,614.0
CUST001448,Danielle,Collins,25/03/1972,Free State,39908.92,Self-Employed,450.0
CUST001449,Amber,Ballard,10 Oct 1976,Free State,6754.38,Unemployed,451.0
CUST001450,Michael,Green,02-20-1970,Limpopo,64509.31,Retired,788.0
CUST001451,Aaron,Ochoa,08/04/1996,Limpopo,51764.4,Unemployed,687.0
CUST001452,Maurice,Harrison,19 Dec 1955,KwaZulu-Natal,43305.22,Retired,314.0
CUST001453,Sandra,Arroyo,1978-06-19,Limpopo,21117.56,Employed,501.0
CUST001454,Albert,Jordan,17 Aug 1969,Gauteng,72582.55,Self-Employed,507.0
CUST001455,Jerry,Smith,1973-07-02,Mpumalanga,81138.28,Unemployed,847.0
CUST001456,Robert,Castro,1974-07-07,Gauteng,46597.38,Self-Employed,550.0
CUST001457,Frank,Mclaughlin,10 Apr 1974,KwaZulu-Natal,53535.59,Employed,494.0
CUST001458,Nicholas,Baker,1975-11-01,KwaZulu-Natal,9399.64,Retired,775.0
CUST001459,John,Duran,1999-03-31,Limpopo,10380.89,Retired,385.0
CUST001460,Lindsey,Cohen,1969-03-25,Northern Cape,52662.65,Employed,740.0
CUST001461,Julia,Lamb,1975-05-22,North West,20181.3,Retired,300.0
CUST001462,Melissa,White,20 Jun 1969,Free State,18710.82,Unemployed,606.0
CUST001463,Dana,Williamson,18/08/1968,Limpopo,49681.78,Retired,414.0
CUST001464,Cindy,Lopez,01/07/1956,,76416.06,Retired,467.0
CUST001465,Brandon,Nichols,28 Jun 1964,Free State,73893.41,Self-Employed,498.0
CUST001466,Curtis,Adams,23/11/1989,Eastern Cape,29083.4,Retired,405.0
CUST001467,Jessica,Hall,19/10/1962,KwaZulu-Natal,19948.28,Self-Employed,461.0
CUST001468,Tristan,Peterson,10/07/1970,Limpopo,83482.93,Retired,575.0
CUST001469,Lauren,Bolton,10-28-1977,North West,71672.34,Unemployed,641.0
CUST001470,Lacey,Rivera,01-22-1996,North West,49844.56,Employed,713.0
CUST001471,Stephanie,Brown,18 Oct 1992,Limpopo,15764.39,Unemployed,319.0
CUST001472,Charles,Harrison,16/10/1964,Eastern Cape,25102.31,Employed,629.0
CUST001473,Mckenzie,Roth,28 Apr 1995,Limpopo,63990.87,Retired,580.0
CUST001474,David,Tate,08/07/1967,KwaZulu-Natal,43114.46,Retired,347.0
CUST001475,Kelsey,Ramos,21 Dec 1990,North West,83947.8,Employed,403.0
CUST001476,Arthur,Murray,07-29-1992,Free State,39769.01,Retired,437.0
CUST001477,Adriana,Hendrix,1978-04-06,Limpopo,63462.15,Self-Employed,606.0
CUST001478,Erin,Collins,1971-01-27,North West,50605.02,Unemployed,843.0
CUST001479,Crystal,Williams,2000-07-24,KwaZulu-Natal,9974.31,Unemployed,669.0
CUST001480,Abigail,King,20 Mar 1986,Eastern Cape,42200.28,Unemployed,503.0
CUST001481,James,Clay,01-08-1997,Free State,79580.84,Retired,737.0
CUST001482,Jeff,Rodriguez,12 Dec 1985,Gauteng,9353.05,Unemployed,316.0
CUST001483,Mark,Jackson,1968-10-26,Northern Cape,30829.14,Unemployed,641.0
CUST001484,David,Mccormick,1955-12-30,Western Cape,67337.35,Employed,779.0
CUST001485,Bobby,Logan,19/05/1978,Western Cape,39191.21,Retired,455.0
CUST001486,Caitlyn,Watson,1959-11-11,KwaZulu-Natal,31854.68,Retired,321.0
CUST001487,Eric,Davis,04-06-1985,Gauteng,,Unemployed,737.0
CUST001488,Sarah,Shea,28/07/1985,Limpopo,57115.82,Unemployed,456.0
CUST001489,Brian,Newman,25/03/1989,Eastern Cape,12622.17,Employed,430.0
CUST001490,Lacey,Martinez,1966-09-26,Limpopo,79241.47,Self-Employed,610.0
CUST001491,Tina,Kramer,11-21-1991,Eastern Cape,21987.48,Self-Employed,750.0
CUST001492,Linda,Gonzales,30 Oct 1964,Gauteng,64387.36,Retired,350.0
CUST001493,Hannah,Howard,13 Jan 1962,Eastern Cape,35130.64,Employed,479.0
CUST001494,Rachel,Washington,1976-07-26,KwaZulu-Natal,14188.85,Unemployed,624.0
CUST001495,Kenneth,Terry,04/09/1964,Western Cape,33468.61,Employed,
CUST001496,Jacob,Bailey,21 Sep 1990,Mpumalanga,73528.19,Unemployed,366.0
CUST001497,Joshua,Guerra,06-18-1999,Eastern Cape,11298.34,Retired,
CUST001498,Angela,Jones,01-03-1963,Limpopo,72716.89,Employed,431.0
CUST001499,Kenneth,Baker,10/03/1973,North West,9425.11,Unemployed,680.0
CUST001500,Aaron,Little,05/10/1973,Mpumalanga,79871.47,Self-Employed,673.0
CUST001501,Jacob,Smith,1996-09-10,,20928.19,Unemployed,571.0
CUST001502,Kimberly,Allen,1990-03-05,Gauteng,76050.05,Self-Employed,717.0
CUST001503,Dominique,Ryan,02 Mar 1974,Northern Cape,12559.28,Self-Employed,394.0
CUST001504,Alexandria,Jimenez,1982-01-14,Western Cape,41886.88,Retired,437.0
CUST001505,Chloe,Morris,1986-05-01,Free State,76913.69,Unemployed,674.0
CUST001506,Daniel,Mills,1958-10-08,North West,71402.69,Self-Employed,524.0
CUST001507,Mary,Anderson,30/06/1997,Eastern Cape,64326.41,Unemployed,407.0
CUST001508,James,Washington,04-22-1960,KwaZulu-Natal,28739.21,Retired,832.0
CUST001509,Ashley,Huff,02-23-1987,KwaZulu-Natal,34669.04,Employed,694.0
CUST001510,Alicia,Miles,08/11/1967,,55587.77,Self-Employed,465.0
CUST001511,Michael,Obrien,1958-12-20,North West,32184.09,Retired,762.0
CUST001512,Sarah,Clark,26 Feb 1979,Free State,13984.44,Unemployed,645.0
CUST001513,Pamela,Miller,06/01/1994,Free State,74693.67,Retired,398.0
CUST001514,Bruce,Grant,08-08-2000,Northern Cape,67447.32,Employed,429.0
CUST001515,Robert,Wood,28 Jul 1989,Western Cape,61871.98,Unemployed,614.0
CUST001516,Madison,Baker,1957-07-08,Northern Cape,70512.14,Self-Employed,445.0
CUST001517,Chad,Torres,27/11/2000,Gauteng,64439.96,Self-Employed,843.0
CUST001518,Susan,Davis,05-17-1990,Northern Cape,80746.66,Unemployed,462.0
CUST001519,Amanda,Lopez,28/10/1980,Eastern Cape,64963.89,Retired,507.0
CUST001520,John,Garrett,26 Feb 1964,Free State,46500.76,Retired,779.0
CUST001521,Kara,Perry,08-18-1960,Gauteng,61521.46,Self-Employed,368.0
CUST001522,Danielle,Howard,02 Aug 1977,KwaZulu-Natal,70706.52,Self-Employed,700.0
CUST001523,Elizabeth,Andrade,29 Jul 1963,Mpumalanga,24510.15,Self-Employed,582.0
CUST001524,Henry,Morales,08 Oct 1971,Western Cape,51667.34,Self-Employed,754.0
CUST001525,Eric,Murillo,10-30-1976,,13942.01,Employed,782.0
CUST001526,Michael,Edwards,27 Feb 2003,Free State,48071.39,Self-Employed,372.0
CUST001527,Mark,Watson,03-31-1992,Free State,7798.22,Unemployed,415.0
CUST001528,Ryan,Swanson,08 Oct 1984,KwaZulu-Natal,60160.67,Unemployed,530.0
CUST001529,Anna,Lewis,1992-04-27,Limpopo,72922.22,Retired,731.0
CUST001530,Sara,King,2001-09-22,Free State,63461.63,Unemployed,729.0
CUST001531,Seth,Sanders,06-06-1990,Limpopo,12641.04,Self-Employed,806.0
CUST001532,Tonya,Larson,30 May 1980,Free State,67364.22,Retired,831.0
CUST001533,Victoria,Turner,25 Dec 1969,Gauteng,52022.61,Employed,397.0
CUST001534,Jeffrey,Foley,10/08/1956,Limpopo,61599.08,Retired,340.0
CUST001535,Lynn,Norris,24 Oct 1968,North West,46582.61,Retired,326.0
CUST001536,Angela,Hawkins,05/01/2000,Gauteng,30981.46,Retired,329.0
CUST001537,Eric,Johnson,08-21-1972,Limpopo,32196.0,Self-Employed,583.0
CUST001538,Devon,Richardson,1983-07-06,Limpopo,84273.54,Self-Employed,514.0
CUST001539,Jesse,Shepherd,12-24-1959,Mpumalanga,67367.94,Retired,391.0
CUST001540,Ricardo,Hardin,24/10/1990,Limpopo,12654.5,Retired,620.0
CUST001541,Jennifer,Mcguire,13/11/1963,Mpumalanga,73406.07,Unemployed,748.0
CUST001542,Margaret,Norris,24/03/1983,KwaZulu-Natal,13474.19,Unemployed,482.0
CUST001543,Rebecca,Larson,1969-12-26,Eastern Cape,61789.08,Retired,569.0
CUST001544,Jessica,Johnston,05-02-1959,Northern Cape,15209.1,Unemployed,384.0
CUST001545,Brian,Wise,07/04/1972,North West,24295.24,Unemployed,326.0
CUST001546,Lisa,Butler,22/03/1997,Eastern Cape,39948.65,Self-Employed,312.0
CUST001547,Molly,Perez,1986-11-25,North West,37869.33,Self-Employed,722.0
CUST001548,Carrie,Smith,18 Nov 1992,Mpumalanga,61393.05,Unemployed,741.0
CUST001549,Patrick,Torres,18/07/1957,Limpopo,10701.76,Unemployed,552.0
CUST001550,Amber,Hernandez,07/09/1979,Western Cape,67629.6,Retired,848.0
CUST001551,Jeffrey,Williams,07/09/1990,Limpopo,56419.76,Self-Employed,776.0
CUST001552,Philip,Griffin,1984-02-18,North West,44519.2,Self-Employed,322.0
CUST001553,William,Walker,1969-06-23,Limpopo,61357.88,Unemployed,366.0
CUST001554,Phillip,Anderson,07-13-1959,Free State,63084.72,Retired,741.0
CUST001555,Ashley,Williams,23/09/1974,Mpumalanga,40894.99,Unemployed,638.0
CUST001556,Christopher,Shaw,16 Sep 1992,KwaZulu-Natal,83404.37,Employed,354.0
CUST001557,David,Taylor,05-31-1982,Western Cape,10216.58,Retired,465.0
CUST001558,Tony,Pearson,24/12/1964,KwaZulu-Natal,6873.75,Employed,639.0
CUST001559,Christina,Fitzgerald,22 May 1967,Mpumalanga,35193.9,Unemployed,487.0
CUST001560,Charles,Frank,02-03-1971,KwaZulu-Natal,75264.69,Self-Employed,566.0
CUST001561,Sandra,Davis,24/10/1987,Limpopo,55457.09,Employed,836.0
CUST001562,Rodney,Bailey,1970-12-18,Northern Cape,34538.33,Employed,304.0
CUST001563,Brittney,Johnson,03-14-1970,Gauteng,50230.33,Employed,476.0
CUST001564,Vanessa,Jensen,04 Feb 2003,KwaZulu-Natal,83049.84,Self-Employed,683.0
CUST001565,Scott,Thomas,20 Sep 1957,KwaZulu-Natal,70056.1,Employed,850.0
CUST001566,Lisa,Gonzalez,1973-07-05,Free State,13175.88,Self-Employed,402.0
CUST001567,Katherine,Farrell,17/12/1960,Limpopo,79252.82,Retired,758.0
CUST001568,Brian,Rush,2000-01-19,Limpopo,15881.2,Retired,492.0
CUST001569,Misty,Wilkins,1956-03-23,Limpopo,83578.82,Employed,832.0
CUST001570,Heather,Rodriguez,03-03-1977,Northern Cape,61027.58,Self-Employed,589.0
CUST001571,Andrew,Clark,23 May 1981,Eastern Cape,54920.31,Retired,384.0
CUST001572,James,Mills,25 Dec 1967,Western Cape,43470.41,Retired,594.0
CUST001573,Timothy,Blair,1962-05-09,Northern Cape,19640.35,Self-Employed,621.0
CUST001574,Holly,Smith,1983-07-21,Gauteng,35484.56,Employed,744.0
CUST001575,Elizabeth,Williams,29/09/1963,Northern Cape,60784.24,Employed,768.0
CUST001576,Justin,Mccormick,25/03/1985,Limpopo,20890.46,Employed,346.0
CUST001577,Brian,Pena,20/12/1955,Western Cape,4881.47,Unemployed,481.0
CUST001578,Paul,Nelson,19/06/1996,Limpopo,36857.68,Self-Employed,564.0
CUST001579,Donna,Lin,25 Jun 1956,Free State,75233.82,Unemployed,719.0
CUST001580,Michelle,Banks,30 Aug 1966,Mpumalanga,72332.06,Retired,559.0
CUST001581,Oscar,Bray,07 May 1960,Gauteng,40654.82,Self-Employed,372.0
CUST001582,Leslie,Delacruz,1981-01-30,KwaZulu-Natal,43827.21,Unemployed,471.0
CUST001583,Jacob,Mason,07-20-1977,Mpumalanga,27558.34,Unemployed,411.0
CUST001584,Sara,Smith,11 Jun 1967,Eastern Cape,49157.37,Self-Employed,830.0
CUST001585,Alyssa,Cook,14 Jun 1974,North West,22905.93,Self-Employed,385.0
CUST001586,Eric,Reed,1972-06-16,Eastern Cape,34357.6,Retired,342.0
CUST001587,Colleen,Young,10/07/2002,Eastern Cape,,Self-Employed,649.0
CUST001588,Walter,Cain,08-09-1985,KwaZulu-Natal,20652.27,Retired,689.0
CUST001589,Natasha,Zamora,09-06-1994,Northern Cape,19309.03,Retired,325.0
CUST001590,Anthony,Peters,1969-01-06,Eastern Cape,27668.43,Unemployed,358.0
CUST001591,Edward,Prince,1987-02-06,Mpumalanga,5905.68,Unemployed,679.0
CUST001592,Christopher,Reyes,2001-09-04,,4775.39,Retired,422.0
CUST001593,Cheyenne,Garrett,1966-06-26,Northern Cape,56733.44,Retired,589.0
CUST001594,John,Hernandez,25 Feb 2002,North West,23632.36,Unemployed,653.0
CUST001595,Renee,Murphy,05 Aug 1981,North West,16827.6,Unemployed,529.0
CUST001596,Jamie,Taylor,21/07/1981,Mpumalanga,75495.97,Employed,742.0
CUST001597,Lauren,Huffman,26/05/1970,Gauteng,61710.21,Self-Employed,711.0
CUST001598,Janet,Mills,01-22-1962,Eastern Cape,38401.82,Retired,754.0
CUST001599,Wendy,Daugherty,14 Jul 1962,Limpopo,58062.56,Self-Employed,551.0
CUST001600,Sarah,Stark,22/10/1970,Eastern Cape,63209.2,Unemployed,774.0
CUST001601,Angela,Fry,01 Apr 1961,Limpopo,21687.85,Employed,763.0
CUST001602,Lonnie,Hobbs,20 Jun 1990,Gauteng,31683.49,Retired,829.0
CUST001603,Kathy,Beard,10 Jun 1975,Gauteng,35570.64,Unemployed,459.0
CUST001604,Robert,Ramos,21/05/2000,KwaZulu-Natal,42220.67,Self-Employed,798.0
CUST001605,Patricia,Mahoney,1968-09-16,Western Cape,,Employed,639.0
CUST001606,Kimberly,Rodriguez,06-07-1964,Limpopo,16623.54,Employed,671.0
CUST001607,Kathryn,Salazar,05-17-1968,North West,61140.06,Employed,463.0
CUST001608,Ashley,Hall,17/09/1966,KwaZulu-Natal,47350.57,Self-Employed,780.0
CUST001609,Grace,Howard,08-06-1988,Eastern Cape,57941.46,Retired,399.0
CUST001610,Thomas,Shaw,04/08/1984,Mpumalanga,42888.84,Unemployed,751.0
CUST001611,Jennifer,Brooks,20/06/1996,North West,82608.88,Unemployed,647.0
CUST001612,Travis,Taylor,11-04-1964,Western Cape,54734.5,Self-Employed,413.0
CUST001613,Antonio,Duran,15/04/1956,Limpopo,68318.94,Unemployed,
CUST001614,Joseph,Gutierrez,15 Mar 1991,KwaZulu-Natal,24843.62,Employed,801.0
CUST001615,Vanessa,Todd,28/09/1958,Gauteng,60891.45,Retired,645.0
CUST001616,Sara,Duke,10 Mar 1997,Western Cape,7025.59,Employed,319.0
CUST001617,Tracy,Nguyen,12/07/1977,North West,7396.64,Retired,643.0
CUST001618,John,Sullivan,29 Jul 1957,Mpumalanga,15153.38,Unemployed,497.0
CUST001619,Jill,James,08-02-1970,Western Cape,78461.48,Unemployed,821.0
CUST001620,Cheryl,Newton,1984-01-26,KwaZulu-Natal,13117.49,Unemployed,366.0
CUST001621,Alicia,Liu,04/05/1993,Western Cape,,Unemployed,372.0
CUST001622,Abigail,Hayes,07 Apr 1995,Limpopo,13019.54,Self-Employed,504.0
CUST001623,Bobby,Forbes,1980-06-18,KwaZulu-Natal,,Self-Employed,515.0
CUST001624,Randall,Moss,1982-05-03,Mpumalanga,47111.35,Self-Employed,807.0
CUST001625,Zachary,Mccoy,07/12/1957,North West,58930.83,Employed,753.0
CUST001626,Kelly,Sanders,1970-03-09,Western Cape,20416.5,Self-Employed,426.0
CUST001627,Maria,Murray,1975-11-05,Eastern Cape,30373.14,Self-Employed,704.0
CUST001628,Christie,Brown,05-19-1980,Mpumalanga,27474.94,Unemployed,546.0
CUST001629,Douglas,Gallegos,04-01-1977,Free State,9704.59,Unemployed,361.0
CUST001630,Jennifer,Wilson,11 Dec 1992,Western Cape,76840.49,Employed,626.0
CUST001631,Sharon,Horton,01-23-1962,Western Cape,63035.49,Unemployed,791.0
CUST001632,Robert,Hayes,02-26-1964,North West,84927.34,Self-Employed,343.0
CUST001633,Brittany,Marquez,05 Apr 1965,North West,30611.61,Retired,774.0
CUST001634,Shawn,Wright,08 Oct 1988,North West,63897.67,Employed,442.0
CUST001635,Rebecca,Hogan,18 Jan 1990,KwaZulu-Natal,5622.99,Self-Employed,454.0
CUST001636,David,Wilson,19/02/1977,Eastern Cape,35998.98,Unemployed,
CUST001637,Michael,Mills,01 Jan 1974,KwaZulu-Natal,81393.26,Self-Employed,494.0
CUST001638,Kylie,Hunt,26 Feb 2001,Mpumalanga,73053.57,Employed,661.0
CUST001639,Nicholas,James,1992-06-11,Limpopo,53429.32,Retired,521.0
CUST001640,Rhonda,Cunningham,1987-03-23,Free State,31755.73,Retired,424.0
CUST001641,Edward,Melton,02-25-1964,Limpopo,69473.5,Unemployed,784.0
CUST001642,Jennifer,Barnes,04 Jun 1970,Limpopo,21361.21,Self-Employed,620.0
CUST001643,Kayla,Griffin,20 Aug 1985,Free State,50966.19,Self-Employed,430.0
CUST001644,David,Anderson,21/04/1965,Eastern Cape,24552.47,Employed,620.0
CUST001645,Cindy,King,1977-07-31,Mpumalanga,54700.36,Retired,773.0
CUST001646,Melissa,Stephens,11-04-1955,Western Cape,67083.37,Unemployed,446.0
CUST001647,Nicole,Young,1983-10-31,North West,55462.12,Retired,449.0
CUST001648,Thomas,Ortiz,05-19-1959,North West,53184.07,Self-Employed,423.0
CUST001649,Carol,Sanchez,1981-11-02,Eastern Cape,45082.4,Retired,733.0
CUST001650,Christine,Grant,1995-03-07,Free State,,Retired,380.0
CUST001651,Brandon,Hernandez,04/12/1986,North West,49198.78,Unemployed,410.0
CUST001652,Benjamin,Nash,01 Aug 1987,Free State,53326.67,Self-Employed,630.0
CUST001653,Mary,Evans,1999-09-30,Gauteng,48982.3,Unemployed,684.0
CUST001654,Brandon,Butler,15 Feb 1964,Limpopo,30792.14,Employed,589.0
CUST001655,Emily,Carr,1988-10-04,Northern Cape,62240.25,Employed,369.0
CUST001656,Brooke,Cobb,1964-01-31,Northern Cape,61965.23,Unemployed,665.0
CUST001657,Stanley,Riley,11 Apr 2000,Limpopo,44142.68,Retired,705.0
CUST001658,Christopher,Evans,1973-04-04,Eastern Cape,13777.56,Unemployed,532.0
CUST001659,Nicholas,Jones,1976-01-29,Gauteng,60631.67,Employed,524.0
CUST001660,Andrea,Carter,09/01/1962,KwaZulu-Natal,30497.5,Retired,319.0
CUST001661,Heather,Hill,11-12-1980,,62036.75,Employed,341.0
CUST001662,Alicia,Dominguez,1984-12-11,Eastern Cape,44062.94,Employed,676.0
CUST001663,Daniel,Blair,04/10/1985,Mpumalanga,47666.51,Unemployed,572.0
CUST001664,Vanessa,Webb,15 Aug 1988,KwaZulu-Natal,65210.8,Self-Employed,634.0
CUST001665,Sarah,Andersen,08 May 1969,Western Cape,40857.81,Retired,509.0
CUST001666,Chelsea,Stewart,1980-10-14,Mpumalanga,64296.48,Self-Employed,605.0
CUST001667,Wanda,Gomez,17/10/1961,Free State,8876.59,Unemployed,522.0
CUST001668,Anna,Stone,11-23-1985,Gauteng,19063.99,Retired,697.0
CUST001669,Travis,White,26 Oct 1984,Mpumalanga,17803.21,Unemployed,554.0
CUST001670,Jeanette,Krause,1955-08-23,Gauteng,54351.78,Unemployed,300.0
CUST001671,Andrew,Garrett,24 Mar 1961,KwaZulu-Natal,34128.01,Retired,681.0
CUST001672,Melanie,Marsh,09 Jul 2003,Gauteng,7316.92,Self-Employed,569.0
CUST001673,Robert,Cook,20/06/1982,Western Cape,64412.97,Employed,787.0
CUST001674,Dana,Smith,1965-03-23,Western Cape,41147.19,Unemployed,
CUST001675,Juan,Tyler,04 May 1970,Western Cape,16840.24,Retired,330.0
CUST001676,William,Nguyen,11 Nov 1955,North West,82819.02,Employed,364.0
CUST001677,Gina,Peterson,05-04-1990,Free State,20817.24,Unemployed,492.0
CUST001678,Christina,Johnson,31 Dec 1963,Gauteng,8051.91,Retired,800.0
CUST001679,Mark,Morgan,1987-11-05,Free State,52642.95,Retired,467.0
CUST001680,Sabrina,Robles,07-23-1986,Northern Cape,30317.25,Retired,478.0
CUST001681,Timothy,Burton,05-21-1998,North West,66268.72,Retired,717.0
CUST001682,Amanda,Rogers,13 Mar 1993,Western Cape,75724.17,Unemployed,777.0
CUST001683,Robert,Newton,27/08/1995,Gauteng,78423.04,Self-Employed,649.0
CUST001684,Kevin,Hardy,17/09/1970,KwaZulu-Natal,68278.36,Retired,383.0
CUST001685,Amanda,Clark,1988-06-21,Northern Cape,46325.29,Unemployed,468.0
CUST001686,Lauren,Barron,07-16-1972,North West,63414.3,Retired,835.0
CUST001687,Tara,Ramirez,23 Jan 1957,Eastern Cape,64861.02,Employed,531.0
CUST001688,Tonya,Sims,02 Jan 1996,KwaZulu-Natal,76566.37,Employed,816.0
CUST001689,Ashley,Price,19 Feb 1984,KwaZulu-Natal,60442.46,Retired,610.0
CUST001690,Michelle,Walton,1989-06-02,,7003.34,Self-Employed,373.0
CUST001691,Leonard,Johnson,07 Jun 1975,Western Cape,33279.9,Unemployed,651.0
CUST001692,Tyler,Young,04/04/1977,Free State,51970.11,Employed,803.0
CUST001693,Stephanie,Robinson,29 Jan 1970,Limpopo,25090.47,Retired,400.0
CUST001694,Daniel,Glover,11-25-1992,North West,35087.37,Employed,786.0
CUST001695,Robin,Wallace,1956-10-06,Western Cape,71365.72,Employed,765.0
CUST001696,Timothy,Porter,09-11-1964,Eastern Cape,42277.0,Retired,521.0
CUST001697,Sandra,Oconnor,1980-09-13,Gauteng,52271.04,Employed,818.0
CUST001698,Kimberly,Thomas,31/05/1997,North West,49986.52,Employed,559.0
CUST001699,Lynn,Hurley,19 Jan 1988,KwaZulu-Natal,28117.85,Unemployed,639.0
CUST001700,David,Hardy,13/08/1977,Western Cape,,Self-Employed,685.0
CUST001701,Jennifer,Boyd,07/10/1955,Eastern Cape,59484.17,Self-Employed,755.0
CUST001702,Sarah,Mcdaniel,1984-02-04,Western Cape,15125.92,Employed,748.0
CUST001703,Christopher,Owens,12 Oct 1957,Gauteng,76764.0,Employed,728.0
CUST001704,Abigail,Hopkins,07-26-1970,Mpumalanga,38491.55,Unemployed,666.0
CUST001705,Becky,Collins,22/05/1998,KwaZulu-Natal,17540.62,Self-Employed,756.0
CUST001706,Manuel,Lee,11-05-1968,Northern Cape,9878.92,Self-Employed,723.0
CUST001707,Luis,Alexander,1961-03-19,Eastern Cape,28677.62,Retired,311.0
CUST001708,Edward,Hill,1956-04-19,Western Cape,25903.95,Unemployed,440.0
CUST001709,Cindy,Palmer,25/06/1965,North West,19687.69,Retired,519.0
CUST001710,Michael,Flores,12 May 1962,Northern Cape,48082.93,Self-Employed,430.0
CUST001711,Janet,Campbell,27/04/1967,Western Cape,84184.29,Self-Employed,552.0
CUST001712,Charles,Austin,29 Oct 1971,Limpopo,71152.04,Retired,343.0
CUST001713,Scott,Anderson,28 Feb 1978,Gauteng,62982.87,Retired,530.0
CUST001714,Emma,Rodriguez,24/02/1958,North West,68132.64,Self-Employed,547.0
CUST001715,Ronald,White,03-07-1984,North West,39335.69,Employed,386.0
CUST001716,Brittany,Huff,19/02/1989,Gauteng,36158.02,Unemployed,610.0
CUST001717,Christina,Edwards,10-21-1994,Free State,42327.91,Self-Employed,780.0
CUST001718,Jennifer,Lambert,05 Mar 1981,Limpopo,54117.52,Unemployed,577.0
CUST001719,Terri,Campos,02/12/1977,Limpopo,30595.23,Self-Employed,656.0
CUST001720,David,Hess,17/09/1999,Limpopo,37628.91,Retired,492.0
CUST001721,Taylor,Bryant,03/06/1988,Free State,59721.36,Unemployed,509.0
CUST001722,Jennifer,Marshall,09/09/1966,Western Cape,75029.73,Self-Employed,645.0
CUST001723,Jeffrey,Callahan,07 Mar 1985,Limpopo,43489.64,Retired,850.0
CUST001724,Roberta,Myers,02-23-1989,Western Cape,82304.35,Retired,303.0
CUST001725,Elizabeth,Mccormick,12-03-1997,North West,84263.73,Unemployed,823.0
CUST001726,Shawn,Johnson,20/05/1978,Free State,38930.44,Employed,787.0
CUST001727,Michael,Murray,10-07-1963,Western Cape,14394.79,Employed,342.0
CUST001728,Katrina,Munoz,09-06-1961,Western Cape,26107.35,Retired,509.0
CUST001729,Dakota,Roth,1993-10-23,Gauteng,83135.32,Unemployed,740.0
CUST001730,Mark,Banks,08/08/1993,Free State,32960.89,Employed,624.0
CUST001731,Amanda,Morales,31/05/1975,Mpumalanga,54111.88,Employed,576.0
CUST001732,Christine,Kelley,2002-04-25,Western Cape,37215.38,Self-Employed,477.0
CUST001733,Patrick,Peterson,08-20-1994,,58528.51,Retired,756.0
CUST001734,Brittany,Mueller,1976-06-18,Western Cape,40252.71,Retired,
CUST001735,Kristin,Stephens,11-26-1966,Eastern Cape,44067.35,Unemployed,
CUST001736,Elaine,Miller,31 Mar 2000,North West,34523.36,Retired,472.0
CUST001737,Audrey,Tucker,28/12/1983,Eastern Cape,37110.73,Unemployed,536.0
CUST001738,Steven,Peters,09 Jan 1995,Gauteng,49846.38,Employed,763.0
CUST001739,Gregory,Blanchard,1958-11-28,Mpumalanga,,Retired,756.0
CUST001740,Daniel,Cervantes,1992-08-04,Mpumalanga,22898.83,Unemployed,790.0
CUST001741,Nicholas,Snyder,04/04/1987,Northern Cape,69716.44,Retired,673.0
CUST001742,Christopher,Montoya,26/02/1998,Western Cape,17279.67,Employed,556.0
CUST001743,Rebecca,Fields,07-30-1955,North West,15901.54,Self-Employed,534.0
CUST001744,Dwayne,Hernandez,24/01/1981,Northern Cape,74680.71,Self-Employed,595.0
CUST001745,Peter,Lane,16 Dec 1964,KwaZulu-Natal,69522.16,Employed,368.0
CUST001746,Erin,Stewart,12-10-1982,KwaZulu-Natal,67214.27,Unemployed,483.0
CUST001747,Robin,Torres,05/11/2000,Eastern Cape,30700.97,Unemployed,825.0
CUST001748,Ryan,Haas,1972-02-03,Mpumalanga,8391.73,Self-Employed,547.0
CUST001749,Christopher,Smith,11-30-2002,Free State,41123.0,Self-Employed,465.0
CUST001750,Richard,Anderson,1969-09-08,Western Cape,15440.29,Retired,704.0
CUST001751,Mike,Dunn,12 Feb 1958,Northern Cape,56611.94,Retired,557.0
CUST001752,Jacqueline,Hoover,23 Oct 1972,KwaZulu-Natal,44728.0,Self-Employed,375.0
CUST001753,Michelle,Glenn,11-10-1966,Free State,77285.3,Unemployed,
CUST001754,Jacqueline,Long,02 Nov 1970,Eastern Cape,21853.42,Self-Employed,760.0
CUST001755,Patrick,James,25/09/1981,Free State,15956.38,Retired,558.0
CUST001756,Elaine,Wells,07 Aug 1964,North West,20977.74,Employed,551.0
CUST001757,Patrick,Middleton,1995-11-20,Free State,32719.69,Retired,379.0
CUST001758,Eric,Bright,09-24-1987,Northern Cape,7762.22,Retired,369.0
CUST001759,Dennis,Jones,27/04/1956,Free State,17858.6,Self-Employed,576.0
CUST001760,Jennifer,Tucker,12/07/1976,Northern Cape,40592.87,Retired,655.0
CUST001761,Veronica,Miller,05-24-1986,Limpopo,46118.3,Retired,799.0
CUST001762,Robert,Bryant,1993-06-08,Northern Cape,50091.22,Self-Employed,686.0
CUST001763,Cassandra,Simmons,13 Mar 1964,Free State,65849.76,Retired,582.0
CUST001764,William,Arnold,1977-03-03,Gauteng,81261.55,Self-Employed,727.0
CUST001765,Michael,Lopez,02/08/1984,Mpumalanga,25039.4,Employed,367.0
CUST001766,Becky,Bradford,1966-12-06,Free State,67854.48,Self-Employed,805.0
CUST001767,Walter,Jenkins,13 Oct 1981,Limpopo,83346.38,Unemployed,638.0
CUST001768,Michael,Good,11-02-1982,Northern Cape,59397.56,Unemployed,551.0
CUST001769,Janet,Wilson,1978-09-06,Mpumalanga,30916.37,Retired,714.0
CUST001770,Hannah,Thomas,09-02-1990,Free State,16411.74,Self-Employed,554.0
CUST001771,Tonya,Terrell,14/12/1992,Western Cape,45220.41,Retired,729.0
CUST001772,Steven,Miller,04-13-1998,Western Cape,54656.18,Employed,621.0
CUST001773,Christopher,Kennedy,1991-03-03,Mpumalanga,39289.5,Employed,641.0
CUST001774,Susan,Miller,1985-12-25,Free State,75268.02,Retired,519.0
CUST001775,Lauren,Edwards,06/02/1958,Free State,69264.63,Unemployed,685.0
CUST001776,Matthew,Osborne,1978-01-27,Western Cape,63863.13,Retired,804.0
CUST001777,William,Harrison,16/10/1990,,18794.63,Unemployed,665.0
CUST001778,Robert,Yu,1993-11-18,Gauteng,29436.27,Employed,340.0
CUST001779,Keith,Johnson,12/11/1999,KwaZulu-Natal,70847.37,Unemployed,598.0
CUST001780,Kara,Acosta,1982-08-16,Free State,41718.09,Self-Employed,827.0
CUST001781,Bryan,Kennedy,07/09/1963,Free State,73098.59,Retired,763.0
CUST001782,Brett,Mooney,05-24-1994,Free State,70078.36,Self-Employed,616.0
CUST001783,Claudia,Mitchell,12/07/1959,Eastern Cape,61110.39,Employed,420.0
CUST001784,William,York,26 Nov 1968,KwaZulu-Natal,10412.09,Unemployed,544.0
CUST001785,David,Campbell,28 Sep 1996,Mpumalanga,56367.04,Unemployed,514.0
CUST001786,Alexis,Rodriguez,1963-12-13,Limpopo,19914.83,Employed,558.0
CUST001787,Brittany,Hernandez,02 Jan 1977,North West,36497.92,Unemployed,760.0
CUST001788,Lindsey,Green,03-15-1989,Mpumalanga,81624.24,Self-Employed,307.0
CUST001789,Todd,Lloyd,10/12/1996,Free State,43694.98,Self-Employed,343.0
CUST001790,Matthew,Miller,13/07/1962,Northern Cape,81543.54,Self-Employed,727.0
CUST001791,Sarah,Moore,1979-05-16,Limpopo,68916.79,Employed,407.0
CUST001792,Victoria,Townsend,27/12/1966,Eastern Cape,59268.63,Unemployed,843.0
CUST001793,Scott,Walsh,08/09/1965,Mpumalanga,63367.32,Unemployed,767.0
CUST001794,Jessica,Reed,05-25-1986,Gauteng,54976.94,Retired,727.0
CUST001795,Karla,Wilson,12/08/1963,Limpopo,22443.41,Employed,534.0
CUST001796,Raymond,Turner,05-20-1991,Mpumalanga,47224.8,Retired,544.0
CUST001797,Karen,Patel,18 Oct 1973,Gauteng,69092.49,Retired,316.0
CUST001798,Janice,Wells,07-14-1962,Gauteng,51204.19,Unemployed,418.0
CUST001799,Monica,Smith,28 Jan 2000,Northern Cape,18767.56,Employed,739.0
CUST001800,Shane,Gregory,24/09/2001,,14955.14,Unemployed,473.0
CUST001801,Felicia,Williams,08-14-1999,Mpumalanga,38829.18,Unemployed,399.0
CUST001802,Dana,Blanchard,04-17-1976,Free State,60170.38,Employed,459.0
CUST001803,Samantha,Garrison,1971-08-24,Eastern Cape,66512.33,Unemployed,483.0
CUST001804,Joseph,Garcia,22 Dec 1986,Limpopo,66162.98,Retired,823.0
CUST001805,Peter,Mejia,07-11-1991,Western Cape,11908.42,Self-Employed,556.0
CUST001806,Jessica,Chapman,1964-12-03,Western Cape,32039.15,Self-Employed,790.0
CUST001807,Matthew,Vaughn,03-15-1964,Gauteng,35836.9,Employed,824.0
CUST001808,Amy,Chambers,28 Jun 1995,Eastern Cape,54496.54,Employed,532.0
CUST001809,Alexander,Davis,21 Jul 1960,Northern Cape,35675.69,Self-Employed,342.0
CUST001810,Sean,Robinson,01/03/1969,Gauteng,5878.27,Unemployed,646.0
CUST001811,James,Johnson,1959-12-24,Limpopo,11360.63,Employed,439.0
CUST001812,Sheena,Douglas,09-02-1995,Western Cape,7114.65,Unemployed,551.0
CUST001813,Stephanie,Little,21 Jul 1989,Free State,13079.23,Self-Employed,564.0
CUST001814,David,Gates,20/10/1961,Free State,37668.4,Unemployed,376.0
CUST001815,Diana,Yoder,09-27-1982,,83490.94,Employed,440.0
CUST001816,Tammy,Kemp,1988-12-16,Limpopo,82958.45,Unemployed,426.0
CUST001817,Jon,Owens,03/07/2000,Western Cape,26759.45,Employed,604.0
CUST001818,Danielle,Livingston,10-31-1968,Western Cape,65060.31,Retired,395.0
CUST001819,Ronald,Berger,07-09-1992,Gauteng,12092.36,Employed,409.0
CUST001820,Marcus,Martin,1959-02-13,North West,37182.09,Self-Employed,553.0
CUST001821,Kimberly,Reyes,15/07/1971,KwaZulu-Natal,50305.73,Employed,781.0
CUST001822,Brian,Sosa,09/04/1968,KwaZulu-Natal,70685.14,Self-Employed,
CUST001823,Scott,Vasquez,02-20-2000,Eastern Cape,23651.89,Retired,497.0
CUST001824,Chelsey,White,03-09-1979,Limpopo,82884.58,Unemployed,575.0
CUST001825,Douglas,Mack,1966-01-18,Mpumalanga,,Employed,715.0
CUST001826,Dawn,Gaines,11-27-1989,KwaZulu-Natal,70062.92,Self-Employed,435.0
CUST001827,Dakota,Jones,28/12/1982,Eastern Cape,63365.83,Self-Employed,523.0
CUST001828,John,Griffin,1998-08-07,Gauteng,62237.54,Employed,723.0
CUST001829,Eduardo,Bowman,06/05/2000,North West,62807.29,Unemployed,632.0
CUST001830,Elizabeth,Adams,03 Mar 1989,Northern Cape,40194.65,Self-Employed,511.0
CUST001831,Rebecca,Andrews,21/04/1980,Eastern Cape,80906.01,Unemployed,303.0
CUST001832,Shelby,Henry,30/06/1976,Gauteng,71612.05,Unemployed,508.0
CUST001833,Megan,Norman,04-07-1993,KwaZulu-Natal,18753.34,Retired,842.0
CUST001834,Amber,Smith,14 May 2001,Limpopo,22557.42,Unemployed,788.0
CUST001835,Lisa,Olson,10-17-1982,KwaZulu-Natal,39769.41,Self-Employed,797.0
CUST001836,Savannah,Howard,17/04/1988,Western Cape,34352.14,Employed,578.0
CUST001837,Richard,Chen,08-04-2001,,50156.05,Self-Employed,589.0
CUST001838,Christopher,Nichols,09/09/2001,Northern Cape,50740.3,Self-Employed,808.0
CUST001839,Christopher,Stevens,1992-05-11,KwaZulu-Natal,30853.82,Retired,
CUST001840,Deborah,Thompson,15/06/1957,KwaZulu-Natal,29160.21,Unemployed,578.0
CUST001841,Patrick,Lee,20 Dec 1988,Limpopo,42484.29,Self-Employed,632.0
CUST001842,Peggy,Mccoy,10-23-1972,Limpopo,23913.95,Self-Employed,741.0
CUST001843,Christopher,Chen,1990-11-11,Western Cape,76621.99,Employed,509.0
CUST001844,Donald,Lee,1990-02-11,Western Cape,83062.15,Self-Employed,526.0
CUST001845,Brittany,Burns,04/08/1958,Limpopo,25144.75,Retired,423.0
CUST001846,Amber,Parker,13 Mar 1981,Eastern Cape,78847.16,Employed,556.0
CUST001847,Mary,Cole,14/05/2003,Gauteng,26805.06,Employed,801.0
CUST001848,Benjamin,Brown,19/05/1993,Mpumalanga,12557.53,Self-Employed,
CUST001849,Brad,Wilson,04-23-1994,Limpopo,49281.09,Employed,321.0
CUST001850,Elizabeth,Ellis,12/02/1988,KwaZulu-Natal,23354.67,Self-Employed,500.0
CUST001851,Morgan,Hernandez,18/05/1983,KwaZulu-Natal,9432.65,Self-Employed,332.0
CUST001852,Sandy,Johnson,13/05/1962,Limpopo,75353.39,Retired,457.0
CUST001853,Desiree,Ruiz,19/08/1999,North West,18295.7,Self-Employed,730.0
CUST001854,Brandon,Haynes,31/10/1961,Eastern Cape,37911.75,Self-Employed,572.0
CUST001855,Gerald,Williams,04-27-1970,North West,84776.02,Self-Employed,759.0
CUST001856,Laura,Bryant,05 Oct 1963,Free State,53305.65,Employed,500.0
CUST001857,Brittany,Meyers,02 Sep 1960,Northern Cape,11827.49,Self-Employed,355.0
CUST001858,Tyler,Lloyd,1966-02-26,Northern Cape,77701.3,Self-Employed,354.0
CUST001859,Linda,Simmons,09/07/1994,KwaZulu-Natal,8586.03,Employed,547.0
CUST001860,Tina,Gregory,1971-02-17,Limpopo,12029.69,Self-Employed,482.0
CUST001861,Theresa,Johnston,27 Feb 1962,Eastern Cape,68097.26,Employed,830.0
CUST001862,Mary,Mcguire,01 Apr 1992,Western Cape,55525.29,Unemployed,771.0
CUST001863,Brittany,Rogers,05-12-1961,,66121.1,Employed,331.0
CUST001864,Donald,Perry,27/12/1988,Western Cape,19828.97,Employed,749.0
CUST001865,Angela,Gonzales,12-31-1999,Gauteng,64751.98,Self-Employed,661.0
CUST001866,Billy,Garcia,1996-03-29,Northern Cape,65078.61,Employed,451.0
CUST001867,Cheyenne,Strickland,26 Apr 1956,Free State,77775.41,Self-Employed,595.0
CUST001868,Tony,Smith,1964-03-06,Limpopo,7750.84,Employed,345.0
CUST001869,Christopher,Pearson,1998-02-20,Free State,34920.61,Employed,670.0
CUST001870,Robert,Aguirre,08-25-1992,Northern Cape,34906.55,Retired,452.0
CUST001871,Heather,Harris,12/04/1986,Limpopo,8444.33,Self-Employed,684.0
CUST001872,Alexandra,Jenkins,2000-08-05,North West,21237.28,Retired,663.0
CUST001873,Cheryl,Johnson,1964-03-16,Northern Cape,9693.42,Employed,425.0
CUST001874,Vincent,Clements,09-02-1985,Northern Cape,49241.37,Employed,567.0
CUST001875,Kimberly,Bailey,10-15-1955,KwaZulu-Natal,42628.16,Self-Employed,828.0
CUST001876,Joe,Wilson,06/01/1981,Northern Cape,36676.55,Employed,444.0
CUST001877,Cody,Cox,02-07-1992,KwaZulu-Natal,56437.48,Unemployed,717.0
CUST001878,Amber,Robinson,1992-07-17,Eastern Cape,65396.6,Retired,519.0
CUST001879,Donna,Hill,11-12-1964,Western Cape,7782.7,Retired,460.0
CUST001880,Laura,Jennings,01-22-2002,Free State,7906.7,Self-Employed,677.0
CUST001881,Thomas,Thompson,25/09/1987,Free State,74170.18,Employed,781.0
CUST001882,Bradley,Newman,01 Apr 1969,Free State,45794.9,Employed,531.0
CUST001883,Ryan,Cook,03-19-1994,Eastern Cape,44828.07,Unemployed,639.0
CUST001884,Katherine,Williams,08/02/1991,North West,60623.84,Unemployed,338.0
CUST001885,Sara,Thompson,1993-04-09,Free State,78277.12,Unemployed,498.0
CUST001886,Todd,Wilson,07-13-1998,Limpopo,14335.52,Self-Employed,404.0
CUST001887,Jennifer,Watkins,19 Mar 1971,Northern Cape,75227.02,Employed,503.0
CUST001888,James,Rhodes,1971-03-14,Eastern Cape,15343.91,Self-Employed,340.0
CUST001889,Kimberly,Nguyen,1960-04-10,Western Cape,78409.5,Retired,635.0
CUST001890,Joan,Kane,1973-08-04,North West,73599.47,Employed,310.0
CUST001891,Jeffrey,Ruiz,26/10/1978,Gauteng,6866.56,Retired,414.0
CUST001892,Pamela,Thomas,2000-02-08,Eastern Cape,31375.08,Retired,570.0
CUST001893,Spencer,Hughes,1962-02-11,Mpumalanga,75523.64,Retired,676.0
CUST001894,Jennifer,Chen,05-24-2002,KwaZulu-Natal,10638.28,Employed,838.0
CUST001895,James,Martinez,10-16-1988,Western Cape,22680.45,Retired,651.0
CUST001896,Brian,Taylor,12/06/1996,Mpumalanga,70103.19,Self-Employed,817.0
CUST001897,Stephen,Jackson,22/01/1972,North West,31684.42,Unemployed,337.0
CUST001898,Olivia,Munoz,06-19-1993,KwaZulu-Natal,37283.46,Unemployed,321.0
CUST001899,Dana,Carr,09-22-1963,Eastern Cape,36337.47,Employed,831.0
CUST001900,Tara,Wyatt,1959-09-20,KwaZulu-Natal,72646.23,Self-Employed,356.0
CUST001901,Melody,Burns,11/05/2003,Limpopo,75705.44,Employed,695.0
CUST001902,Brittany,Hood,19 Dec 1968,Western Cape,64485.48,Self-Employed,523.0
CUST001903,Jessica,Fitzgerald,05-29-1967,Limpopo,39098.37,Retired,411.0
CUST001904,Mark,Riley,17 May 1998,Mpumalanga,56354.15,Self-Employed,837.0
CUST001905,Brittany,Hernandez,02-08-1983,Gauteng,28972.5,Retired,498.0
CUST001906,Adam,Baird,28/06/1957,North West,77974.3,Self-Employed,717.0
CUST001907,Thomas,Mack,07/03/1957,Limpopo,14493.04,Unemployed,762.0
CUST001908,Amanda,Mendoza,1993-11-14,Gauteng,84451.84,Employed,596.0
CUST001909,Lori,Chavez,10/02/1967,Gauteng,40975.19,Self-Employed,712.0
CUST001910,Angela,Smith,10 Sep 1990,Mpumalanga,57370.08,Retired,391.0
CUST001911,Stephanie,Anderson,10-06-1969,KwaZulu-Natal,33977.53,Self-Employed,450.0
CUST001912,Deborah,Davis,1978-08-06,,44785.29,Self-Employed,479.0
CUST001913,Kevin,Warner,1996-09-30,KwaZulu-Natal,69469.73,Self-Employed,740.0
CUST001914,Julie,Johnson,1977-05-26,Mpumalanga,6348.33,Self-Employed,707.0
CUST001915,Kelsey,Sawyer,09 Jan 1975,Mpumalanga,6956.89,Self-Employed,616.0
CUST001916,Kristy,Wood,08/11/1977,Northern Cape,30725.14,Unemployed,549.0
CUST001917,Cynthia,Dalton,17/12/1958,Northern Cape,71795.69,Employed,652.0
CUST001918,Patricia,Cook,1957-02-19,KwaZulu-Natal,50084.56,Employed,450.0
CUST001919,Ronald,Nelson,12-23-2000,Northern Cape,39448.72,Retired,687.0
CUST001920,Amy,Norton,1993-05-17,,43295.29,Self-Employed,494.0
CUST001921,Christopher,Gilmore,11-19-1990,Limpopo,64908.95,Self-Employed,573.0
CUST001922,Brian,Dougherty,14/12/1987,Eastern Cape,66738.16,Unemployed,341.0
CUST001923,Pamela,Rodriguez,11/02/1973,North West,4578.74,Retired,700.0
CUST001924,Christine,Diaz,24 Dec 1963,Western Cape,13901.11,Retired,815.0
CUST001925,Angelica,Jones,1989-08-13,Eastern Cape,31454.7,Employed,349.0
CUST001926,Jamie,Zavala,08 Jan 1967,Northern Cape,56686.96,Employed,629.0
CUST001927,Daniel,Mendoza,24 Aug 2000,KwaZulu-Natal,46505.52,Retired,721.0
CUST001928,Betty,Haley,1965-08-21,Limpopo,,Retired,751.0
CUST001929,Julie,Perez,06-30-1972,Mpumalanga,62002.39,Self-Employed,712.0
CUST001930,Joseph,Frazier,13 Nov 1968,KwaZulu-Natal,32236.31,Employed,803.0
CUST001931,Bryan,Reed,27 Nov 1978,Mpumalanga,83549.59,Employed,
CUST001932,Alisha,Martinez,08-21-1989,Western Cape,20474.36,Employed,435.0
CUST001933,Erika,Patel,08-05-1969,Limpopo,18285.5,Retired,411.0
CUST001934,Christine,Marsh,2000-12-11,,72888.41,Self-Employed,404.0
CUST001935,Lisa,Everett,19/09/1958,Gauteng,22119.12,Unemployed,435.0
CUST001936,Patricia,Ellis,06-01-1959,Mpumalanga,22069.42,Unemployed,614.0
CUST001937,Rachael,Roberts,2001-06-26,KwaZulu-Natal,30503.32,Retired,601.0
CUST001938,Daniel,Hill,1989-01-10,Mpumalanga,84591.77,Self-Employed,556.0
CUST001939,Tyler,Golden,23 Jul 1980,North West,79178.56,Retired,825.0
CUST001940,Courtney,Carter,08/02/2002,,17498.89,Retired,849.0
CUST001941,Amber,Anderson,1972-03-17,Eastern Cape,79412.14,Unemployed,803.0
CUST001942,Scott,Newman,23 Jul 1969,Eastern Cape,74259.97,Self-Employed,417.0
CUST001943,Bryan,Wiggins,20/09/1966,Northern Cape,,Self-Employed,760.0
CUST001944,Stacey,Newman,1975-04-30,North West,51883.23,Retired,712.0
CUST001945,Matthew,Lucas,1971-03-25,North West,9417.66,Retired,541.0
CUST001946,Brittney,Terry,24/12/1995,Gauteng,4681.24,Employed,475.0
CUST001947,Sean,Torres,11-25-1961,Limpopo,11438.22,Unemployed,315.0
CUST001948,Kristina,Jackson,18 Jan 1968,Western Cape,37097.24,Employed,835.0
CUST001949,Todd,Arellano,07/07/1992,Western Cape,15668.9,Retired,340.0
CUST001950,Brandon,Gomez,06-14-1977,Eastern Cape,53521.38,Employed,462.0
CUST001951,Garrett,Glass,1989-09-25,Limpopo,81087.7,Self-Employed,743.0
CUST001952,Justin,Mcpherson,11-09-1995,Northern Cape,56693.84,Unemployed,824.0
CUST001953,Heather,Estrada,1962-12-07,Western Cape,40875.02,Retired,336.0
CUST001954,John,Williams,07 Oct 1970,Western Cape,18912.9,Retired,758.0
CUST001955,David,Green,03/06/1964,Northern Cape,,Retired,581.0
CUST001956,Anna,Johnson,1970-10-12,Western Cape,57927.22,Retired,693.0
CUST001957,Maurice,Watson,24 Jun 1981,Northern Cape,72563.66,Self-Employed,627.0
CUST001958,Francisco,Turner,01/10/1999,North West,7573.48,Unemployed,
CUST001959,Richard,Porter,18/07/1962,Eastern Cape,60487.88,Unemployed,699.0
CUST001960,Stephen,Flores,10-10-1955,North West,6966.05,Unemployed,480.0
CUST001961,Joanna,Cantrell,06-21-1971,Limpopo,19195.76,Retired,703.0
CUST001962,Janice,Wells,06-24-1969,Free State,24353.3,Unemployed,700.0
CUST001963,Sherry,Hooper,08/02/1983,Eastern Cape,77072.19,Employed,648.0
CUST001964,Dylan,Cunningham,02-05-1999,Western Cape,78237.77,Unemployed,794.0
CUST001965,Scott,Norris,09-08-1990,Mpumalanga,50823.22,Self-Employed,527.0
CUST001966,Rachel,Taylor,01-05-1982,Western Cape,84310.06,Retired,678.0
CUST001967,Kyle,Morales,06 Dec 1995,Northern Cape,35595.47,Unemployed,316.0
CUST001968,Sean,Davis,17 Mar 1958,Free State,22548.64,Employed,824.0
CUST001969,Danielle,Silva,1966-03-25,Western Cape,52719.58,Self-Employed,834.0
CUST001970,Shari,Ramirez,08-25-1956,Eastern Cape,7534.09,Self-Employed,703.0
CUST001971,Amanda,Griffin,10-20-1987,Free State,30804.81,Employed,521.0
CUST001972,Christopher,Hunt,11-25-1964,Eastern Cape,42806.38,Employed,543.0
CUST001973,Louis,Jacobs,06 Nov 2000,Limpopo,81763.92,Self-Employed,411.0
CUST001974,Rebekah,Ward,1962-09-01,Gauteng,18774.64,Employed,836.0
CUST001975,Melissa,Wood,1973-06-18,KwaZulu-Natal,5041.49,Self-Employed,826.0
CUST001976,Justin,Bell,06-27-2002,Mpumalanga,15516.41,Retired,726.0
CUST001977,Nancy,Miller,07-03-1990,Northern Cape,65220.34,Unemployed,605.0
CUST001978,Sean,Riddle,22/02/1994,North West,45571.77,Unemployed,647.0
CUST001979,Keith,Shaffer,22 Feb 2002,Limpopo,30044.85,Unemployed,482.0
CUST001980,Rodney,Mosley,04-07-1962,Western Cape,69899.64,Unemployed,326.0
CUST001981,Brenda,Miller,1965-07-16,Gauteng,69030.53,Self-Employed,537.0
CUST001982,Thomas,Dillon,04/12/2002,KwaZulu-Natal,70978.3,Employed,633.0
CUST001983,Carl,Choi,1991-11-11,,31864.35,Self-Employed,735.0
CUST001984,Christopher,Ortiz,17/06/1999,Western Cape,27391.22,Retired,695.0
CUST001985,Robert,Peters,29 Aug 1989,KwaZulu-Natal,72952.53,Self-Employed,733.0
CUST001986,Karina,Taylor,30 Jun 1964,Free State,,Unemployed,827.0
CUST001987,Patrick,Spencer,05/08/1957,Limpopo,80951.1,Self-Employed,477.0
CUST001988,Margaret,Davenport,1970-02-26,KwaZulu-Natal,9564.7,Self-Employed,307.0
CUST001989,Anita,Ford,1956-11-08,Gauteng,5153.25,Self-Employed,725.0
CUST001990,Aaron,Baker,16/06/2001,Eastern Cape,,Self-Employed,782.0
CUST001991,Mary,Kennedy,1986-12-13,North West,19043.55,Retired,628.0
CUST001992,Patricia,Butler,03-06-1979,Northern Cape,43448.58,Employed,633.0
CUST001993,Gwendolyn,Sanchez,1961-04-18,Northern Cape,73317.77,Retired,546.0
CUST001994,Joshua,Gamble,08 Oct 1958,Gauteng,19123.03,Employed,780.0
CUST001995,Julie,Perkins,18 Sep 1982,Eastern Cape,67870.54,Self-Employed,329.0
CUST001996,Miranda,Burton,01/06/1978,KwaZulu-Natal,50133.41,Retired,475.0
CUST001997,Heather,Wilson,02 Mar 1980,Limpopo,51606.73,Self-Employed,447.0
CUST001998,Barbara,Bruce,21/05/1963,Limpopo,61048.86,Self-Employed,627.0
CUST001999,Brian,Flores,09-22-1997,Free State,43872.81,Retired,524.0
CUST002000,Derek,Martin,27 Aug 1968,Free State,6074.61,Unemployed,810.0
CUST002001,Robert,Barr,1972-08-27,KwaZulu-Natal,53090.4,Retired,302.0
CUST002002,Keith,Moreno,05/07/2000,North West,8962.72,Retired,839.0
CUST002003,Willie,Miranda,1964-05-12,Eastern Cape,76578.31,Self-Employed,433.0
CUST002004,Cody,Goodwin,1981-08-31,KwaZulu-Natal,36469.1,Employed,492.0
CUST002005,Monique,Serrano,1988-06-11,Free State,43860.11,Retired,831.0
CUST002006,Kevin,Jennings,10 Aug 1988,Limpopo,60312.23,Unemployed,826.0
CUST002007,Cody,Carpenter,01/02/1995,Northern Cape,9400.92,Employed,
CUST002008,Alexander,Holmes,06-21-1973,Eastern Cape,56455.25,Unemployed,412.0
CUST002009,Todd,Peterson,04-14-1999,KwaZulu-Natal,74696.53,Employed,323.0
CUST002010,Curtis,Moore,07/03/1966,Limpopo,11944.24,Unemployed,823.0
CUST002011,Jacob,Prince,04/01/1985,Gauteng,84370.36,Retired,395.0
CUST002012,Marie,Fox,1981-02-08,KwaZulu-Natal,55479.9,Employed,512.0
CUST002013,Andrea,Avila,14 Jan 1961,Mpumalanga,57644.72,Employed,418.0
CUST002014,Steven,Jones,14 Nov 1994,Western Cape,19046.91,Employed,757.0
CUST002015,Sandra,Mendoza,07-10-1970,Northern Cape,79558.39,Self-Employed,337.0
CUST002016,Michael,Montoya,10/04/1998,Mpumalanga,,Self-Employed,766.0
CUST002017,Carla,Gallagher,12-26-1971,Northern Cape,66030.99,Employed,392.0
CUST002018,Jennifer,Johnson,01 Sep 1994,Northern Cape,,Unemployed,437.0
CUST002019,Jeffrey,Vincent,05-26-1962,Mpumalanga,72119.31,Unemployed,658.0
CUST002020,Jeremy,Martinez,1961-10-25,Gauteng,21776.76,Unemployed,431.0
CUST002021,Christian,Vazquez,14 Mar 1993,Gauteng,22923.49,Self-Employed,582.0
CUST002022,Chris,Hampton,12-02-1991,Northern Cape,34018.59,Self-Employed,517.0
CUST002023,Brad,Rodriguez,08-19-1993,Western Cape,,Retired,355.0
CUST002024,William,Brown,04-10-1961,KwaZulu-Natal,49381.04,Self-Employed,362.0
CUST002025,Johnny,Jones,1987-08-12,Mpumalanga,52060.42,Self-Employed,429.0
CUST002026,Karen,Patton,1999-09-25,Limpopo,81209.61,Employed,527.0
CUST002027,Jamie,Santana,06-08-1964,Gauteng,14537.92,Retired,808.0
CUST002028,Michael,Davis,02 Mar 1996,Limpopo,67840.59,Unemployed,753.0
CUST002029,Shelly,Rush,04-06-1972,Limpopo,72402.18,Unemployed,791.0
CUST002030,Ethan,Mason,16/07/1990,Free State,4719.93,Employed,421.0
CUST002031,John,Hudson,1960-04-28,Gauteng,69390.79,Retired,535.0
CUST002032,Belinda,Smith,25 Dec 1965,Free State,11743.45,Employed,313.0
CUST002033,James,Campbell,11-05-1998,North West,52216.16,Employed,650.0
CUST002034,Amanda,Beltran,21 Apr 1960,Western Cape,7917.28,Self-Employed,355.0
CUST002035,Jason,Gordon,16/07/1989,Limpopo,8347.77,Unemployed,843.0
CUST002036,Michael,Lawrence,02 Sep 1976,Free State,36749.68,Self-Employed,
CUST002037,Susan,White,06 Aug 1972,KwaZulu-Natal,73682.07,Retired,736.0
CUST002038,Noah,Lewis,06-28-1966,,,Self-Employed,505.0
CUST002039,Daniel,Rollins,02/07/1961,North West,71985.62,Retired,452.0
CUST002040,Daniel,Taylor,1992-02-27,Northern Cape,15626.87,Employed,332.0
CUST002041,Janet,Hawkins,07-07-1957,Mpumalanga,12563.46,Employed,369.0
CUST002042,Mark,Wilson,1969-03-07,North West,58156.19,Unemployed,
CUST002043,Caroline,Collins,06-04-2002,Eastern Cape,80288.87,Unemployed,303.0
CUST002044,Scott,Spencer,1969-07-07,Limpopo,7904.9,Employed,604.0
CUST002045,Melissa,Lopez,28 Nov 1958,Mpumalanga,47099.63,Self-Employed,366.0
CUST002046,Maureen,Alvarez,01 Mar 1988,Western Cape,35268.81,Unemployed,404.0
CUST002047,Harry,Lutz,02 Mar 1979,Western Cape,43538.91,Retired,791.0
CUST002048,Daniel,Kim,06/03/1987,Eastern Cape,65856.71,Self-Employed,827.0
CUST002049,Christopher,Thomas,10-18-1974,Western Cape,,Unemployed,469.0
CUST002050,Brittany,Garcia,25/12/1999,Gauteng,8603.95,Self-Employed,408.0
CUST002051,Tiffany,Brown,2002-05-18,KwaZulu-Natal,57570.74,Unemployed,397.0
CUST002052,Matthew,Larson,2003-02-13,Eastern Cape,60996.27,Retired,450.0
CUST002053,David,Massey,1990-05-18,North West,63342.02,Unemployed,820.0
CUST002054,Joshua,Reeves,1983-07-02,Northern Cape,76480.17,Self-Employed,464.0
CUST002055,Joshua,Clarke,21 Jun 1986,Limpopo,63864.37,Retired,819.0
CUST002056,Ricardo,Alvarez,1984-07-08,Northern Cape,69855.56,Employed,728.0
CUST002057,Richard,Washington,14 Dec 1968,Western Cape,18976.31,Employed,606.0
CUST002058,Katrina,Rodriguez,1967-08-08,Western Cape,45627.31,Unemployed,469.0
CUST002059,Tyler,Fuller,10 Jan 1962,Northern Cape,16610.18,Retired,788.0
CUST002060,Cory,Brown,1958-11-04,Free State,33048.62,Unemployed,390.0
CUST002061,Erika,Stanton,07 Dec 1973,Western Cape,8043.71,Self-Employed,481.0
CUST002062,Erin,Hernandez,03/06/1985,Limpopo,33000.43,Retired,707.0
CUST002063,Cole,Jones,1991-08-24,Mpumalanga,27284.72,Retired,554.0
CUST002064,Katrina,Sparks,05 Apr 1965,Gauteng,45691.9,Retired,311.0
CUST002065,Ebony,Henry,02-16-1968,Western Cape,17364.48,Self-Employed,716.0
CUST002066,Matthew,Heath,21/10/1981,Gauteng,50696.56,Self-Employed,572.0
CUST002067,Stephanie,Johnson,23/03/1976,Gauteng,15565.48,Retired,454.0
CUST002068,Robin,Reyes,31 Aug 1970,Western Cape,54670.74,Unemployed,375.0
CUST002069,Nicholas,Stevens,1957-02-22,Eastern Cape,65317.03,Self-Employed,509.0
CUST002070,Angela,Dalton,1970-02-10,Eastern Cape,62437.01,Unemployed,491.0
CUST002071,Janice,Henry,1962-01-08,Free State,45639.01,Employed,469.0
CUST002072,Jennifer,Freeman,10-25-1960,Free State,25605.71,Retired,625.0
CUST002073,Emily,Keller,18/06/1988,Free State,67909.69,Employed,781.0
CUST002074,Ashley,Alvarez,29 Jul 1996,Western Cape,14705.57,Employed,302.0
CUST002075,William,Myers,24 Apr 1979,Northern Cape,26355.64,Retired,829.0
CUST002076,Tara,Jensen,1972-07-01,Eastern Cape,54615.08,Retired,571.0
CUST002077,Tiffany,Flores,01/12/1956,Mpumalanga,48738.95,Retired,619.0
CUST002078,Brandon,Hood,1972-04-24,Limpopo,25528.12,Employed,413.0
CUST002079,Judy,Johnson,09/05/1998,KwaZulu-Natal,59839.94,Unemployed,552.0
CUST002080,Matthew,Davis,19 Feb 1972,Gauteng,10165.88,Employed,532.0
CUST002081,Michael,Bell,22 Apr 1987,Eastern Cape,24508.51,Self-Employed,402.0
CUST002082,John,Wong,01-04-1984,Limpopo,8992.81,Employed,325.0
CUST002083,Renee,Jones,03-15-1970,KwaZulu-Natal,82687.62,Employed,600.0
CUST002084,Matthew,Smith,22 Mar 1971,Free State,64115.09,Retired,741.0
CUST002085,Steven,Boyer,1982-11-01,Limpopo,,Unemployed,622.0
CUST002086,Rachel,Adams,12-21-1988,North West,31863.3,Retired,615.0
CUST002087,Brianna,Odom,12/09/1973,Eastern Cape,,Self-Employed,548.0
CUST002088,Peter,Armstrong,05-14-1994,Free State,75008.79,Self-Employed,728.0
CUST002089,Craig,Leonard,09-11-1971,Gauteng,55426.23,Unemployed,534.0
CUST002090,Wesley,Hubbard,1971-11-12,Mpumalanga,19532.41,Unemployed,485.0
CUST002091,Christina,Cox,29 Jun 1976,Mpumalanga,43008.37,Unemployed,710.0
CUST002092,Tyler,Boone,05-08-1993,Western Cape,12844.33,Employed,394.0
CUST002093,Mary,Herrera,05-11-1969,Northern Cape,55973.14,Employed,
CUST002094,Brandon,Davies,12 Nov 1974,Northern Cape,43236.63,Self-Employed,500.0
CUST002095,Jeremiah,Newton,25/12/1959,Limpopo,,Unemployed,756.0
CUST002096,Megan,Davis,26 Sep 1971,Free State,55906.82,Self-Employed,413.0
CUST002097,Carlos,Solis,1978-05-19,Eastern Cape,22919.01,Retired,650.0
CUST002098,Jason,Flynn,11-03-1986,Mpumalanga,47349.34,Unemployed,472.0
CUST002099,Kevin,Brock,05-06-1976,Northern Cape,14797.29,Self-Employed,815.0
CUST002100,Amber,Gonzalez,11-17-1974,Limpopo,83385.83,Employed,739.0
CUST002101,Colleen,Chavez,03-18-1992,Free State,31752.41,Self-Employed,378.0
CUST002102,Henry,Smith,29/04/1989,KwaZulu-Natal,83770.4,Retired,386.0
CUST002103,Michelle,Ray,15 Oct 1965,Eastern Cape,28124.32,Self-Employed,801.0
CUST002104,Suzanne,Harmon,30/12/1977,Northern Cape,59649.18,Retired,662.0
CUST002105,Sharon,Patel,1985-01-22,Western Cape,35655.5,Employed,561.0
CUST002106,Kayla,Hamilton,28/09/1982,Gauteng,84543.56,Unemployed,815.0
CUST002107,Courtney,Boyd,01-19-1973,Eastern Cape,22976.23,Employed,406.0
CUST002108,Dylan,Hernandez,17 Jun 1988,North West,27571.76,Retired,653.0
CUST002109,Kevin,Graham,11-11-1970,Free State,58437.09,Unemployed,737.0
CUST002110,Maria,Brown,03/05/1965,Northern Cape,59918.94,Self-Employed,761.0
CUST002111,Robert,Colon,1986-07-30,Gauteng,56898.33,Unemployed,546.0
CUST002112,Jonathan,Burke,1975-01-18,KwaZulu-Natal,81807.77,Unemployed,695.0
CUST002113,Daniel,Lee,10 May 1967,Northern Cape,16977.79,Employed,613.0
CUST002114,Margaret,Marshall,06-09-1982,North West,15194.01,Unemployed,760.0
CUST002115,Ryan,Lucas,05-05-1957,Mpumalanga,69723.02,Retired,558.0
CUST002116,Erik,Taylor,21/12/1967,Eastern Cape,56720.15,Self-Employed,833.0
CUST002117,Linda,Hopkins,1964-01-06,KwaZulu-Natal,83819.11,Retired,330.0
CUST002118,Melissa,Stuart,20/11/1978,Eastern Cape,46125.03,Employed,517.0
CUST002119,Andrew,Heath,1959-08-06,Gauteng,5699.68,Employed,316.0
CUST002120,Carolyn,Camacho,17 Oct 1998,North West,13726.45,Retired,695.0
CUST002121,Richard,Cox,1987-02-15,Free State,35389.13,Employed,540.0
CUST002122,Christopher,Hahn,05-01-1990,Limpopo,56112.84,Employed,794.0
CUST002123,Donald,Rodriguez,27/10/1990,Eastern Cape,37397.78,Unemployed,400.0
CUST002124,Sarah,Boyd,11/05/1995,Gauteng,65003.54,Employed,678.0
CUST002125,Stephanie,Huynh,08-27-1967,Limpopo,51860.27,Employed,
CUST002126,Nicole,Young,1961-06-08,Mpumalanga,76699.39,Unemployed,394.0
CUST002127,Lindsay,Murphy,13 Aug 1983,Limpopo,11466.61,Self-Employed,
CUST002128,Peter,Goodman,22 Nov 1966,Northern Cape,36605.27,Unemployed,780.0
CUST002129,Rodney,Thomas,1963-12-22,Limpopo,65696.81,Self-Employed,601.0
CUST002130,Tara,Gonzales,10 Oct 1967,Northern Cape,49950.44,Retired,770.0
CUST002131,Bridget,Henry,21/07/1973,Northern Cape,49211.37,Employed,783.0
CUST002132,Stacy,Stewart,28 Nov 1975,Western Cape,34365.16,Self-Employed,671.0
CUST002133,Felicia,Richmond,1997-10-12,North West,6381.58,Self-Employed,322.0
CUST002134,Sharon,Cox,02/12/1989,Mpumalanga,66002.04,Self-Employed,
CUST002135,Lori,Smith,2001-12-22,Northern Cape,65764.72,Unemployed,442.0
CUST002136,Catherine,Skinner,10 May 1987,Limpopo,29805.54,Retired,798.0
CUST002137,Shelley,Vazquez,1993-06-06,KwaZulu-Natal,35500.27,Employed,398.0
CUST002138,John,Tran,31/05/1970,Free State,61877.99,Self-Employed,746.0
CUST002139,Susan,Cox,22/07/1994,KwaZulu-Natal,42941.0,Employed,760.0
CUST002140,David,Camacho,09-25-1996,Limpopo,15117.17,Unemployed,600.0
CUST002141,Paul,Browning,1974-06-06,Limpopo,,Self-Employed,429.0
CUST002142,Tiffany,Scott,11-25-1959,North West,,Employed,364.0
CUST002143,Mackenzie,Young,31/08/1965,Limpopo,81026.45,Self-Employed,439.0
CUST002144,Pamela,Moon,14 Nov 1985,KwaZulu-Natal,78523.16,Unemployed,305.0
CUST002145,Natasha,Wang,26 Jan 1975,Northern Cape,77949.33,Self-Employed,568.0
CUST002146,Austin,Delacruz,30/01/1995,Western Cape,38284.67,Unemployed,306.0
CUST002147,Shelby,Ruiz,1975-05-23,Limpopo,56139.17,Employed,393.0
CUST002148,Maureen,Love,08-26-1997,Gauteng,72429.16,Employed,388.0
CUST002149,Lori,Holloway,03 Feb 1989,Western Cape,8011.38,Retired,354.0
CUST002150,William,Bell,20/06/1984,Eastern Cape,41721.22,Unemployed,
CUST002151,Lisa,Rojas,28 Apr 1977,Free State,71313.16,Unemployed,635.0
CUST002152,Anthony,Williams,13/05/1986,KwaZulu-Natal,46513.19,Self-Employed,722.0
CUST002153,Crystal,Gibbs,02-05-1962,Free State,66162.28,Employed,827.0
CUST002154,Richard,Fuller,17 Aug 1970,Eastern Cape,69780.41,Employed,336.0
CUST002155,Christopher,Moore,1980-05-08,KwaZulu-Natal,49699.17,Self-Employed,487.0
CUST002156,Tara,Rivas,03-13-1992,Eastern Cape,67585.56,Retired,562.0
CUST002157,Melanie,Jennings,12/08/1993,Limpopo,16686.41,Retired,579.0
CUST002158,Luis,Mendoza,09 Nov 1990,Gauteng,40548.27,Self-Employed,557.0
CUST002159,Jorge,Mcdaniel,02/04/1995,Northern Cape,18738.58,Retired,605.0
CUST002160,Lauren,Gonzalez,18/06/1975,Northern Cape,31386.4,Retired,583.0
CUST002161,Hunter,Walter,30 Nov 2000,Limpopo,31512.87,Retired,463.0
CUST002162,Nicole,Walker,28/01/2001,Gauteng,48037.79,Unemployed,409.0
CUST002163,Sandra,Holland,08-24-1985,Gauteng,52807.12,Employed,385.0
CUST002164,Rebecca,Mccann,31 Jan 1965,Northern Cape,12127.76,Employed,445.0
CUST002165,Jacqueline,Jackson,10-25-1974,North West,8845.66,Self-Employed,324.0
CUST002166,Roy,Green,11-04-1959,Eastern Cape,78553.33,Employed,481.0
CUST002167,Micheal,Valentine,1961-03-14,KwaZulu-Natal,77039.91,Unemployed,
CUST002168,Jennifer,Graham,23 Sep 1999,Gauteng,13435.0,Self-Employed,655.0
CUST002169,Shawn,Nunez,04-03-1961,North West,54219.63,Unemployed,344.0
CUST002170,Jennifer,Lee,09 Dec 1996,Western Cape,61186.85,Retired,350.0
CUST002171,Kimberly,Roberts,04-15-1979,Gauteng,58147.38,Employed,309.0
CUST002172,David,Gates,05-15-1984,Eastern Cape,,Employed,303.0
CUST002173,Wanda,Campbell,27/01/1988,Gauteng,38986.86,Unemployed,365.0
CUST002174,Robert,Ortiz,07-28-1962,Western Cape,84234.09,Self-Employed,667.0
CUST002175,Kelly,Green,20/03/1985,Limpopo,31907.64,Retired,372.0
CUST002176,Rebecca,Wood,30 May 1988,North West,50997.53,Retired,738.0
CUST002177,Stephen,Smith,1961-12-17,Western Cape,62228.87,Employed,547.0
CUST002178,Marcus,Steele,07-14-1988,KwaZulu-Natal,81491.54,Unemployed,614.0
CUST002179,Jennifer,Erickson,11-25-1990,,36106.76,Self-Employed,642.0
CUST002180,Jonathan,Davis,22/05/1958,KwaZulu-Natal,71189.6,Self-Employed,688.0
CUST002181,Marvin,Young,01/03/1999,Mpumalanga,13014.31,Self-Employed,362.0
CUST002182,Wendy,Crosby,29/12/2001,Eastern Cape,29271.08,Employed,315.0
CUST002183,Carmen,Goodman,1957-10-01,Gauteng,76333.93,Employed,664.0
CUST002184,Jon,Harvey,01 Feb 1970,Northern Cape,5622.53,Employed,390.0
CUST002185,Ralph,Wood,12 Jan 2002,Eastern Cape,,Unemployed,767.0
CUST002186,Anita,Carpenter,23 Jan 1968,Limpopo,73786.65,Retired,619.0
CUST002187,William,Conrad,1997-09-15,Eastern Cape,23841.69,Self-Employed,308.0
CUST002188,David,Stewart,10/01/1981,North West,46413.19,Retired,774.0
CUST002189,Donald,Wilson,08/09/1957,Gauteng,13720.02,Self-Employed,531.0
CUST002190,David,Savage,1995-08-21,KwaZulu-Natal,60884.14,Self-Employed,369.0
CUST002191,Julie,Howe,1969-02-23,Northern Cape,,Unemployed,396.0
CUST002192,Natalie,Austin,1992-02-14,Northern Cape,47610.21,Employed,620.0
CUST002193,Joseph,Edwards,01 Jun 1998,North West,60103.92,Employed,351.0
CUST002194,Leslie,Vang,03-22-1992,Eastern Cape,66129.82,Self-Employed,368.0
CUST002195,Edward,Farrell,14 Feb 1987,KwaZulu-Natal,51341.7,Unemployed,639.0
CUST002196,Lauren,Brown,09-13-1962,Gauteng,84632.03,Retired,
CUST002197,Jerry,Johnson,22/01/1968,Northern Cape,28210.92,Self-Employed,438.0
CUST002198,Janice,Graham,03/05/2003,Gauteng,26832.66,Unemployed,516.0
CUST002199,Sara,Williams,1972-09-05,Western Cape,81255.65,Self-Employed,310.0
CUST002200,Jenna,Washington,1979-03-26,KwaZulu-Natal,21232.54,Self-Employed,524.0
CUST002201,Meghan,Camacho,02/07/1961,North West,72964.16,Employed,549.0
CUST002202,Clayton,Oneill,28/03/1964,Gauteng,65623.98,Retired,643.0
CUST002203,Gary,Hicks,29 Aug 1968,Free State,4732.31,Employed,652.0
CUST002204,Patricia,Willis,30/07/1983,North West,33146.64,Employed,850.0
CUST002205,Teresa,Fox,1982-12-19,Gauteng,84248.8,Employed,780.0
CUST002206,Robert,Jones,1992-06-11,KwaZulu-Natal,81440.83,Employed,569.0
CUST002207,Erica,Clay,10-24-1956,Western Cape,36046.51,Employed,507.0
CUST002208,Erin,Becker,27 Jun 1974,,8998.11,Unemployed,727.0
CUST002209,Brittany,Bean,28 Sep 1995,North West,75099.54,Self-Employed,703.0
CUST002210,Eric,Miller,1995-06-10,Northern Cape,33645.09,Unemployed,560.0
CUST002211,Donna,Gibson,2001-06-01,North West,36017.06,Unemployed,493.0
CUST002212,Brooke,Smith,12 Feb 2002,,56601.47,Retired,494.0
CUST002213,Diana,Tapia,01/03/1971,Mpumalanga,75506.17,Unemployed,450.0
CUST002214,Jessica,Navarro,10 Jul 2001,KwaZulu-Natal,63976.94,Unemployed,572.0
CUST002215,Ashley,Lewis,1957-11-26,Northern Cape,55716.69,Retired,400.0
CUST002216,Dawn,Morris,26 Mar 1958,KwaZulu-Natal,62810.57,Employed,689.0
CUST002217,Chad,Crane,15/11/1973,Northern Cape,23773.47,Unemployed,771.0
CUST002218,Raymond,Thompson,21/11/2001,Limpopo,33855.98,Self-Employed,566.0
CUST002219,Michelle,Davis,1996-06-24,Eastern Cape,61365.67,Retired,
CUST002220,Frank,Chan,03-30-1969,Limpopo,67158.14,Unemployed,811.0
CUST002221,Karen,Valdez,10 May 1961,Mpumalanga,76540.62,Unemployed,643.0
CUST002222,Travis,Reynolds,04-09-1994,Eastern Cape,49927.57,Unemployed,702.0
CUST002223,Kyle,Cohen,13 Nov 1961,Western Cape,77428.55,Self-Employed,651.0
CUST002224,Elizabeth,Collier,1980-03-04,Northern Cape,5137.51,Unemployed,820.0
CUST002225,Tracy,Mcclure,06-08-1978,KwaZulu-Natal,52473.54,Unemployed,690.0
CUST002226,Anna,Henderson,17 Nov 1991,KwaZulu-Natal,,Unemployed,439.0
CUST002227,Lisa,Austin,1976-05-27,Free State,14364.45,Employed,571.0
CUST002228,Ronald,Williams,21/12/1971,Eastern Cape,17171.76,Employed,608.0
CUST002229,Steven,Walker,07-04-1988,Eastern Cape,8994.84,Self-Employed,768.0
CUST002230,Eric,Simpson,1985-10-14,Gauteng,59743.8,Unemployed,471.0
CUST002231,Alicia,Roberts,1976-07-23,Western Cape,48693.11,Unemployed,625.0
CUST002232,Rebecca,Woods,09-13-1962,Free State,18685.56,Retired,565.0
CUST002233,David,Leach,17 Dec 1995,Gauteng,20116.64,Employed,841.0
CUST002234,Alexandra,Phillips,11-09-1957,KwaZulu-Natal,40299.12,Retired,709.0
CUST002235,Charles,Williams,25 Sep 1960,Eastern Cape,4774.13,Employed,347.0
CUST002236,Roger,Davis,04-16-1987,KwaZulu-Natal,79560.54,Unemployed,633.0
CUST002237,Ashley,King,1967-10-20,,16734.64,Self-Employed,431.0
CUST002238,Christopher,Gordon,13/01/1961,Limpopo,72657.89,Retired,327.0
CUST002239,Dorothy,White,24/04/1964,Western Cape,22018.14,Employed,806.0
CUST002240,Phillip,Miller,1997-08-26,Eastern Cape,34935.72,Self-Employed,830.0
CUST002241,Kenneth,Matthews,29/05/1977,Gauteng,19512.21,Retired,552.0
CUST002242,Ellen,Hanson,04-16-1968,Limpopo,73714.46,Self-Employed,451.0
CUST002243,Tammy,Savage,20 Jul 1964,Eastern Cape,19803.38,Self-Employed,301.0
CUST002244,Jacob,Burgess,24 Jul 1984,Eastern Cape,22652.9,Retired,389.0
CUST002245,Monica,Rodriguez,1981-03-20,North West,77545.54,Retired,346.0
CUST002246,Adam,Wilson,23 Oct 1963,North West,14223.85,Self-Employed,504.0
CUST002247,Thomas,Holt,1997-04-08,Gauteng,17055.66,Self-Employed,487.0
CUST002248,Tammy,Guzman,06 Dec 1978,Mpumalanga,65844.61,Unemployed,712.0
CUST002249,Christine,Dickson,11-18-1972,North West,15047.44,Self-Employed,456.0
CUST002250,Emily,Vaughn,12/07/1974,,13043.51,Unemployed,457.0
CUST002251,Kevin,Martinez,26/03/1956,KwaZulu-Natal,81647.52,Retired,487.0
CUST002252,Daniel,Smith,02-25-2002,Eastern Cape,8469.37,Retired,550.0
CUST002253,Michele,Clark,1986-09-13,Northern Cape,36443.99,Unemployed,407.0
CUST002254,Debra,Graham,1985-08-14,North West,22943.77,Unemployed,424.0
CUST002255,Kristy,Lee,01-04-1970,,57629.3,Retired,478.0
CUST002256,Steven,Wells,1956-08-12,Northern Cape,57949.6,Retired,674.0
CUST002257,Gabriel,Hernandez,04-16-1989,Free State,8125.15,Employed,478.0
CUST002258,Tamara,Ruiz,1996-11-01,Limpopo,83177.0,Employed,650.0
CUST002259,Brenda,Harris,11-25-1982,Gauteng,58477.28,Retired,516.0
CUST002260,Martha,Williams,12 Dec 1955,Northern Cape,69290.71,Employed,
CUST002261,Crystal,Marquez,01/08/2002,Mpumalanga,58166.41,Retired,398.0
CUST002262,Melinda,Mclaughlin,1984-03-02,KwaZulu-Natal,80234.46,Retired,713.0
CUST002263,Angela,Roberts,19 Dec 1978,Mpumalanga,81368.73,Employed,468.0
CUST002264,Todd,Garza,01 Dec 1984,Eastern Cape,52956.34,Self-Employed,748.0
CUST002265,Erika,Velasquez,1978-12-26,North West,60483.96,Retired,730.0
CUST002266,Jennifer,Rice,28/10/1975,Free State,53010.74,Retired,636.0
CUST002267,Leslie,Brown,1998-06-04,Northern Cape,67743.84,Self-Employed,538.0
CUST002268,Robert,Kennedy,1979-04-26,KwaZulu-Natal,10074.87,Unemployed,797.0
CUST002269,Sheila,Reed,01-17-1989,Free State,41215.63,Retired,307.0
CUST002270,Andrew,Roberts,1964-10-16,KwaZulu-Natal,49681.62,Unemployed,745.0
CUST002271,Maurice,Hall,02-10-1966,North West,78830.26,Employed,729.0
CUST002272,Regina,Morgan,20 Jun 1984,Limpopo,84243.92,Unemployed,
CUST002273,Megan,Sandoval,11/11/1961,Limpopo,22257.56,Retired,578.0
CUST002274,Kelly,Dawson,21/08/2001,North West,13347.75,Unemployed,440.0
CUST002275,Marissa,Nunez,29 Oct 1990,Eastern Cape,8488.4,Retired,308.0
CUST002276,Laura,Marsh,02-08-1996,Western Cape,17468.73,Self-Employed,736.0
CUST002277,Christy,Campbell,1991-07-13,Limpopo,78251.29,Unemployed,702.0
CUST002278,Elizabeth,Anderson,02-21-1965,Mpumalanga,24465.1,Unemployed,599.0
CUST002279,Catherine,Garcia,07-15-1975,Free State,68232.42,Employed,705.0
CUST002280,Victoria,Torres,14/08/1965,Eastern Cape,80552.37,Retired,591.0
CUST002281,Brandon,Smith,11-07-1997,Mpumalanga,46828.88,Self-Employed,449.0
CUST002282,Michael,Moore,04-23-1995,Northern Cape,53237.82,Self-Employed,845.0
CUST002283,Patricia,Johnson,08-16-1958,Western Cape,,Retired,432.0
CUST002284,Ryan,Williamson,11/05/1961,Western Cape,65815.54,Unemployed,831.0
CUST002285,Jeffrey,Scott,11-26-1971,Mpumalanga,42545.72,Self-Employed,338.0
CUST002286,Michael,Williams,1997-09-12,Free State,39343.4,Employed,451.0
CUST002287,Joseph,Hernandez,10/09/1988,Gauteng,15885.53,Unemployed,409.0
CUST002288,Zachary,Caldwell,1989-06-22,Eastern Cape,41648.41,Unemployed,841.0
CUST002289,Sara,Kim,05 Jul 1977,Eastern Cape,31659.24,Retired,302.0
CUST002290,Meagan,Rodriguez,25 Aug 1960,Western Cape,53563.46,Unemployed,669.0
CUST002291,Cheryl,Casey,15/01/2001,Free State,36422.18,Employed,528.0
CUST002292,Madison,Williams,08-17-1960,Gauteng,28378.18,Retired,461.0
CUST002293,Crystal,Pitts,18/04/1999,Gauteng,20189.68,Self-Employed,571.0
CUST002294,Eric,Carter,1976-10-04,Gauteng,57894.5,Retired,816.0
CUST002295,William,Oconnor,01 May 1960,Northern Cape,7129.9,Unemployed,444.0
CUST002296,Deborah,Cook,03-07-1962,Mpumalanga,81720.7,Employed,798.0
CUST002297,Melinda,Gonzales,07-10-1975,Western Cape,19660.05,Self-Employed,626.0
CUST002298,Kayla,Sanchez,28/05/1994,Northern Cape,71694.57,Self-Employed,465.0
CUST002299,Matthew,Wagner,08-29-1959,Mpumalanga,19084.51,Self-Employed,503.0
CUST002300,Nathan,Fischer,16/11/1972,,5807.46,Employed,520.0
CUST002301,Elizabeth,Hernandez,1991-09-26,,20380.12,Retired,369.0
CUST002302,Robert,Perez,1994-01-19,Mpumalanga,33898.61,Retired,737.0
CUST002303,Robert,Ortiz,02 Aug 1977,Limpopo,29872.69,Employed,477.0
CUST002304,Melissa,Norton,12-06-1972,Eastern Cape,80295.75,Self-Employed,564.0
CUST002305,Anthony,Thomas,17/01/1956,,26303.69,Self-Employed,347.0
CUST002306,Linda,Acevedo,08-21-1959,North West,82762.54,Employed,393.0
CUST002307,Leroy,Holden,15/06/1963,KwaZulu-Natal,15158.42,Unemployed,359.0
CUST002308,Bryan,Malone,04 Apr 1987,Free State,48490.4,Employed,787.0
CUST002309,Darlene,Orr,05 May 1958,Limpopo,37820.56,Self-Employed,570.0
CUST002310,Crystal,Reeves,04-07-1987,Northern Cape,74727.97,Retired,451.0
CUST002311,April,Phillips,1974-11-11,KwaZulu-Natal,52703.17,Unemployed,694.0
CUST002312,Erin,Spencer,03-05-1970,Free State,62838.92,Self-Employed,797.0
CUST002313,Julia,Blankenship,12/12/1955,North West,80209.33,Employed,433.0
CUST002314,Joshua,Rose,1999-10-01,Western Cape,82263.83,Unemployed,725.0
CUST002315,Isabella,Griffin,1965-05-31,Western Cape,8483.44,Unemployed,336.0
CUST002316,Amy,Kramer,12/11/1986,KwaZulu-Natal,51814.43,Unemployed,663.0
CUST002317,Heidi,Barron,01-30-1993,Western Cape,18399.41,Retired,697.0
CUST002318,Richard,Gonzalez,15/01/1970,Eastern Cape,,Unemployed,453.0
CUST002319,Benjamin,Cook,16 May 1990,KwaZulu-Natal,30300.47,Retired,496.0
CUST002320,Jody,Martinez,2003-03-07,Northern Cape,20789.71,Unemployed,753.0
CUST002321,Justin,Davis,1982-01-19,Free State,46244.48,Unemployed,312.0
CUST002322,Adrienne,Sherman,1963-04-01,,34622.38,Unemployed,373.0
CUST002323,Anthony,Hogan,01-03-1984,Eastern Cape,40579.7,Self-Employed,706.0
CUST002324,John,Schroeder,10/06/1990,KwaZulu-Natal,52617.48,Self-Employed,574.0
CUST002325,Valerie,Rodriguez,11 Jun 1958,North West,18224.96,Self-Employed,317.0
CUST002326,Nathan,Sims,31 Jul 1972,Limpopo,15911.67,Employed,677.0
CUST002327,Brandon,Curtis,22/07/1961,KwaZulu-Natal,13920.56,Retired,523.0
CUST002328,Kenneth,Doyle,04-26-1977,Limpopo,60941.08,Retired,550.0
CUST002329,Tonya,Trujillo,15/01/2003,Mpumalanga,54605.05,Self-Employed,343.0
CUST002330,Ariana,Kline,1985-09-12,Limpopo,,Unemployed,399.0
CUST002331,Amanda,Larson,1972-05-20,Eastern Cape,65702.79,Unemployed,847.0
CUST002332,Justin,Glover,17/11/1989,KwaZulu-Natal,56210.48,Self-Employed,396.0
CUST002333,Emily,Klein,05/07/1980,Western Cape,28333.84,Employed,681.0
CUST002334,John,Murphy,10 Jul 1983,Northern Cape,44710.03,Employed,406.0
CUST002335,Mackenzie,Ward,1960-04-08,Northern Cape,49279.9,Unemployed,612.0
CUST002336,Jennifer,Poole,1959-07-02,Gauteng,18801.74,Retired,752.0
CUST002337,Bryan,Beasley,05 Jun 1978,Eastern Cape,46422.87,Retired,711.0
CUST002338,Sean,Wood,29 Oct 1980,Free State,14059.53,Self-Employed,522.0
CUST002339,Brianna,Stone,08/07/1974,Western Cape,62046.15,Self-Employed,483.0
CUST002340,Joseph,Porter,22/11/1975,Gauteng,9649.09,Unemployed,844.0
CUST002341,Scott,Galvan,1979-01-24,Free State,79981.7,Employed,392.0
CUST002342,Teresa,Colon,30 Jun 1962,KwaZulu-Natal,37203.23,Unemployed,839.0
CUST002343,David,Dawson,11/10/1961,Northern Cape,13426.94,Employed,524.0
CUST002344,Janet,Boyer,26 Mar 1961,,59899.21,Employed,
CUST002345,Jason,Kennedy,26/05/1991,KwaZulu-Natal,20068.04,Employed,303.0
CUST002346,Sherry,Wood,2001-04-03,Limpopo,26247.3,Self-Employed,301.0
CUST002347,Carolyn,Ortiz,15/05/1961,Mpumalanga,54083.53,Employed,361.0
CUST002348,Ashley,Williams,04 Dec 1962,KwaZulu-Natal,65381.06,Self-Employed,481.0
CUST002349,Nathan,Ritter,14/02/1970,Northern Cape,35521.84,Self-Employed,519.0
CUST002350,Todd,Moody,22 May 1962,Western Cape,55617.48,Retired,481.0
CUST002351,Brittany,Williams,1998-06-29,Eastern Cape,29028.58,Employed,376.0
CUST002352,Pamela,Lewis,19/11/1994,Eastern Cape,62210.15,Self-Employed,657.0
CUST002353,Tracy,Martinez,20 Apr 1972,Western Cape,30692.03,Employed,715.0
CUST002354,Monica,Butler,27 Jan 1983,North West,56876.73,Unemployed,
CUST002355,Ariel,Mccullough,1993-01-26,Free State,10542.36,Retired,719.0
CUST002356,Thomas,Cortez,1984-08-22,Limpopo,38229.44,Self-Employed,606.0
CUST002357,Kathleen,Wagner,10 Sep 1977,KwaZulu-Natal,5839.22,Self-Employed,700.0
CUST002358,Shannon,Cole,24 Feb 1997,Northern Cape,18250.6,Employed,441.0
CUST002359,Mark,Marsh,19/06/1987,Free State,52250.72,Self-Employed,651.0
CUST002360,Robert,Hall,07-19-1974,Mpumalanga,5227.11,Unemployed,439.0
CUST002361,Amber,Rubio,1998-04-16,North West,42751.95,Retired,733.0
CUST002362,Jill,Brewer,02-17-1997,Western Cape,50714.59,Employed,303.0
CUST002363,Jasmine,Armstrong,13 Oct 1993,Free State,44591.46,Unemployed,715.0
CUST002364,Jasmine,Hoffman,05/07/1961,Northern Cape,13559.84,Unemployed,769.0
CUST002365,Anita,Lee,04-07-1985,Eastern Cape,51312.76,Employed,689.0
CUST002366,Barbara,Brown,1982-12-09,Free State,5295.04,Retired,310.0
CUST002367,Jaime,Alvarez,13/08/1998,Western Cape,83920.11,Self-Employed,769.0
CUST002368,David,Mayer,12 Mar 1964,Free State,,Self-Employed,577.0
CUST002369,Andrew,Buchanan,05-05-1967,Limpopo,,Self-Employed,342.0
CUST002370,Janice,Clay,11-21-1976,Northern Cape,54317.78,Unemployed,408.0
CUST002371,Lindsay,Lawson,08 Nov 1974,,78999.07,Unemployed,313.0
CUST002372,Brady,Atkins,06/09/1956,Gauteng,62476.41,Retired,404.0
CUST002373,Samuel,Perry,10-30-1996,,82443.4,Unemployed,399.0
CUST002374,Logan,Scott,25/01/1961,North West,58029.8,Unemployed,742.0
CUST002375,Cory,Jackson,1962-06-25,Northern Cape,78075.44,Employed,843.0
CUST002376,Jonathan,Davis,17 Apr 1970,Gauteng,55297.38,Unemployed,425.0
CUST002377,Richard,Jackson,01-22-1985,Free State,82498.78,Employed,702.0
CUST002378,Mark,Johnson,05-17-1958,Mpumalanga,79294.61,Unemployed,468.0
CUST002379,Peter,Flores,1975-05-20,Mpumalanga,67138.56,Unemployed,746.0
CUST002380,Mario,Bennett,19/04/1995,Limpopo,66333.53,Self-Employed,427.0
CUST002381,David,Harris,09-02-1991,Eastern Cape,55633.78,Retired,330.0
CUST002382,Brenda,Vasquez,09-06-1991,North West,28937.71,Unemployed,681.0
CUST002383,Paul,Wilson,23 Jun 1958,Limpopo,72772.3,Self-Employed,
CUST002384,Steven,Russell,1978-10-22,KwaZulu-Natal,63156.66,Self-Employed,
CUST002385,Rick,Hall,07/02/1998,Mpumalanga,19379.21,Employed,783.0
CUST002386,Joseph,Richmond,21/12/1987,North West,38760.69,Self-Employed,654.0
CUST002387,John,Peters,04-04-1993,Northern Cape,19066.04,Self-Employed,654.0
CUST002388,Kevin,Russell,08-06-1959,Western Cape,83188.62,Unemployed,386.0
CUST002389,Cynthia,Harris,2002-01-10,Limpopo,47091.99,Unemployed,615.0
CUST002390,Nathaniel,Galloway,02-07-1993,North West,26174.22,Unemployed,519.0
CUST002391,Amanda,Henderson,27/04/1999,Free State,47078.41,Unemployed,414.0
CUST002392,Shannon,Smith,14 Nov 1977,Western Cape,28672.56,Retired,504.0
CUST002393,Maria,Roberts,24/03/2002,Gauteng,43810.6,Self-Employed,499.0
CUST002394,Aaron,Mahoney,17/09/1978,Mpumalanga,67894.98,Self-Employed,833.0
CUST002395,Carla,Franco,24/10/1973,Mpumalanga,45794.88,Self-Employed,369.0
CUST002396,Michael,Chen,28/08/1983,North West,20302.09,Retired,488.0
CUST002397,William,Williams,1991-01-18,Limpopo,40336.21,Unemployed,517.0
CUST002398,Anna,Turner,17/07/1974,North West,67632.04,Employed,664.0
CUST002399,David,Taylor,12 Apr 1982,Eastern Cape,74483.2,Retired,753.0
CUST002400,Joshua,Reynolds,13/11/1984,Mpumalanga,9757.0,Self-Employed,705.0
CUST002401,Susan,Flores,04-22-1988,Mpumalanga,39115.94,Unemployed,353.0
CUST002402,Matthew,Green,1991-09-12,Gauteng,47347.41,Retired,533.0
CUST002403,Shawn,Sanchez,02/10/2002,Limpopo,61193.88,Retired,834.0
CUST002404,Matthew,Stevens,05-05-1984,KwaZulu-Natal,35883.93,Unemployed,768.0
CUST002405,Allen,Holt,06 Aug 1986,KwaZulu-Natal,75085.76,Retired,636.0
CUST002406,Aaron,Alvarez,11-02-1998,Northern Cape,46224.17,Employed,483.0
CUST002407,Emily,Gutierrez,16 Jul 1998,North West,53540.82,Employed,440.0
CUST002408,Jacqueline,Farmer,25/05/1981,North West,41700.83,Unemployed,568.0
CUST002409,Kristin,Banks,1959-04-16,Free State,21091.91,Self-Employed,835.0
CUST002410,Anthony,Collier,1987-10-21,Western Cape,,Unemployed,744.0
CUST002411,Emily,Gomez,1994-07-31,Western Cape,53585.25,Employed,581.0
CUST002412,Maria,Howard,01-27-1964,Gauteng,6324.45,Self-Employed,407.0
CUST002413,Katrina,Terry,1955-12-21,Limpopo,49602.06,Retired,512.0
CUST002414,Steven,Mayer,11-27-1976,Western Cape,57387.93,Employed,775.0
CUST002415,Jeffrey,Smith,1969-01-22,Limpopo,,Employed,424.0
CUST002416,Sandra,Howard,1959-11-20,Gauteng,73540.74,Retired,614.0
CUST002417,Christina,Turner,01-08-1990,Limpopo,62742.31,Employed,843.0
CUST002418,Jim,Snyder,1972-12-28,Northern Cape,7938.68,Self-Employed,606.0
CUST002419,Juan,Conway,02 Jul 1989,Eastern Cape,77415.04,Retired,510.0
CUST002420,Jason,Gonzalez,24 Dec 1994,KwaZulu-Natal,10848.7,Retired,551.0
CUST002421,Randy,Kane,19/11/1982,Gauteng,54943.82,Retired,392.0
CUST002422,Troy,Arnold,03-29-1987,North West,11418.83,Retired,684.0
CUST002423,Ariel,Fleming,11 Sep 1982,KwaZulu-Natal,68083.24,Retired,597.0
CUST002424,Cameron,Anderson,1958-09-09,KwaZulu-Natal,77836.59,Self-Employed,
CUST002425,Jordan,Hudson,05/07/1966,Northern Cape,84739.86,Retired,304.0
CUST002426,Alexandra,Casey,10/10/1964,Free State,11117.65,Unemployed,370.0
CUST002427,Erica,Braun,30 Oct 1988,Western Cape,12939.87,Retired,631.0
CUST002428,Amanda,King,14/06/1982,Limpopo,70359.89,Retired,571.0
CUST002429,Shawn,Pace,05-02-1986,Western Cape,58376.94,Self-Employed,802.0
CUST002430,Sherry,Williams,2000-08-17,Free State,38285.72,Employed,569.0
CUST002431,Ryan,Carney,09-20-1968,North West,65275.72,Unemployed,516.0
CUST002432,Erin,Owens,01 Dec 1972,Gauteng,36871.62,Employed,477.0
CUST002433,Katherine,Stephenson,05-06-1966,Northern Cape,26204.6,Unemployed,414.0
CUST002434,Joshua,Fisher,10/02/1977,Limpopo,76366.91,Retired,426.0
CUST002435,Adam,Lee,30/06/1959,Gauteng,38697.87,Employed,408.0
CUST002436,Ashley,Johnson,12-18-1990,Gauteng,80742.44,Employed,819.0
CUST002437,Tiffany,Coleman,21 Feb 1959,North West,33411.11,Self-Employed,519.0
CUST002438,John,Martin,27 Jun 1970,,24711.05,Employed,312.0
CUST002439,Connie,Davis,1978-08-09,Limpopo,70985.32,Employed,490.0
CUST002440,Lindsey,Watkins,18 Aug 1985,KwaZulu-Natal,67895.71,Unemployed,369.0
CUST002441,Matthew,Wright,28/09/1960,Eastern Cape,53702.65,Unemployed,761.0
CUST002442,John,Peterson,1958-03-07,Free State,9835.92,Retired,578.0
CUST002443,Matthew,Bauer,09/11/2000,KwaZulu-Natal,84825.37,Employed,360.0
CUST002444,Kimberly,Harvey,03-30-1992,Western Cape,78849.55,Unemployed,
CUST002445,Colleen,Riley,03 Sep 1959,KwaZulu-Natal,83628.57,Retired,509.0
CUST002446,Bruce,Johnson,08-09-1970,Western Cape,72279.54,Self-Employed,
CUST002447,Melanie,Brown,08/09/1961,KwaZulu-Natal,13184.52,Employed,336.0
CUST002448,Samantha,Ramos,14 Jan 1970,Northern Cape,59847.15,Retired,312.0
CUST002449,Connie,Jones,03 Feb 1988,North West,18171.74,Self-Employed,335.0
CUST002450,Anita,Phillips,11-16-1973,Eastern Cape,69108.31,Employed,669.0
CUST002451,Cody,Walton,1966-10-03,Gauteng,42801.58,Employed,398.0
CUST002452,Carol,Keller,28/01/1956,Limpopo,,Retired,521.0
CUST002453,Patrick,Pope,1997-10-21,Eastern Cape,7285.89,Self-Employed,395.0
CUST002454,Christine,Morgan,27 Jul 2000,Gauteng,42545.43,Retired,807.0
CUST002455,Krista,Gibson,1971-04-27,Gauteng,24937.81,Unemployed,717.0
CUST002456,James,Garcia,19 Feb 1984,Western Cape,48546.19,Employed,785.0
CUST002457,Carlos,Clarke,10 Nov 1964,Free State,37268.52,Self-Employed,530.0
CUST002458,Ashley,Walsh,11-14-1967,KwaZulu-Natal,16110.09,Employed,447.0
CUST002459,Robert,Hardy,28/11/1976,Free State,15924.24,Employed,578.0
CUST002460,John,Robles,21 Jun 1958,North West,,Self-Employed,730.0
CUST002461,Larry,Graham,08-20-2001,Limpopo,78797.42,Employed,776.0
CUST002462,Karen,Collins,01-21-1998,,82639.3,Unemployed,667.0
CUST002463,Kimberly,Hernandez,05-20-1970,Western Cape,15078.77,Employed,627.0
CUST002464,Matthew,Wood,1955-12-15,KwaZulu-Natal,48009.65,Unemployed,848.0
CUST002465,Brenda,Gregory,04-26-1958,North West,68188.68,Retired,429.0
CUST002466,William,Conley,13 Oct 1996,Gauteng,44766.09,Retired,
CUST002467,Robert,Gonzalez,08/03/1965,North West,49377.96,Employed,333.0
CUST002468,Rebekah,Glover,18/12/1971,Western Cape,8010.77,Self-Employed,702.0
CUST002469,Elizabeth,Neal,13/09/2002,Eastern Cape,83361.62,Unemployed,822.0
CUST002470,Carol,Rivera,01 May 1983,Gauteng,13940.1,Retired,626.0
CUST002471,Sylvia,Jensen,31/08/1975,KwaZulu-Natal,5283.13,Self-Employed,504.0
CUST002472,Francis,Gibson,13 Jun 1993,KwaZulu-Natal,33422.01,Self-Employed,
CUST002473,Bobby,Robinson,1955-09-29,Gauteng,34840.72,Retired,764.0
CUST002474,Jeffrey,Hall,1985-07-07,,46447.93,Employed,424.0
CUST002475,John,Navarro,16 Apr 2001,,81373.07,Retired,455.0
CUST002476,Martin,Singh,03/06/1965,North West,41268.08,Retired,345.0
CUST002477,Jack,Fritz,12-24-1972,Free State,72332.94,Retired,791.0
CUST002478,Charles,Johnson,04 Feb 1961,Eastern Cape,6356.14,Unemployed,524.0
CUST002479,Kelly,Lee,1983-09-06,Western Cape,24167.64,Employed,835.0
CUST002480,Kathy,Williams,12-28-1956,Western Cape,49201.33,Unemployed,637.0
CUST002481,James,Thompson,01-24-1998,KwaZulu-Natal,19723.56,Employed,370.0
CUST002482,Jennifer,Morgan,03-08-1982,Eastern Cape,37594.82,Retired,556.0
CUST002483,Gregory,Smith,01-10-1996,Mpumalanga,16435.72,Employed,441.0
CUST002484,Renee,Smith,1988-02-01,KwaZulu-Natal,47895.53,Self-Employed,441.0
CUST002485,Nicholas,Cobb,22 Nov 1960,Free State,16517.99,Self-Employed,334.0
CUST002486,Sharon,Torres,1967-02-04,North West,30643.31,Self-Employed,667.0
CUST002487,Lisa,Guerrero,28/09/2000,Mpumalanga,81058.32,Retired,
CUST002488,Tiffany,Cuevas,1997-11-20,KwaZulu-Natal,84395.47,Self-Employed,639.0
CUST002489,Natalie,Jones,1962-07-02,Mpumalanga,55081.51,Unemployed,654.0
CUST002490,Sandra,Norton,10-07-1964,Mpumalanga,7052.43,Self-Employed,524.0
CUST002491,Nicholas,Brooks,06 May 1984,,11362.87,Self-Employed,769.0
CUST002492,Tiffany,Sanchez,1957-10-13,KwaZulu-Natal,77278.4,Retired,370.0
CUST002493,Christina,Lopez,08/04/1981,Gauteng,25791.6,Unemployed,311.0
CUST002494,Kristine,Murphy,14 Feb 1958,Mpumalanga,22563.26,Unemployed,619.0
CUST002495,Laura,Salas,1996-06-09,Free State,76453.61,Retired,524.0
CUST002496,Tanya,Blackwell,08-11-1965,Mpumalanga,6524.83,Unemployed,
CUST002497,Christopher,Ruiz,01 Jun 1987,Eastern Cape,29384.78,Unemployed,540.0
CUST002498,Calvin,Romero,18 Aug 1991,Western Cape,37491.5,Unemployed,403.0
CUST002499,Deanna,Hicks,02/07/1979,North West,19253.47,Employed,821.0
CUST002500,Steven,Morris,06 Jul 1973,Mpumalanga,79516.53,Self-Employed,433.0
CUST002501,Heather,Baldwin,1979-04-26,North West,37405.97,Unemployed,600.0
CUST002502,Joseph,Morales,1999-10-14,KwaZulu-Natal,55948.51,Employed,722.0
CUST002503,Brandy,Johnson,1966-02-07,Northern Cape,50032.84,Self-Employed,428.0
CUST002504,James,Roy,07-27-1974,Eastern Cape,29232.7,Retired,456.0
CUST002505,Kevin,Oneal,29/12/1982,Western Cape,55794.46,Unemployed,467.0
CUST002506,Selena,Brooks,29/12/1981,Gauteng,57623.95,Unemployed,390.0
CUST002507,Dennis,Miller,1976-11-26,North West,48509.51,Self-Employed,774.0
CUST002508,Michael,Silva,24 Nov 1977,Eastern Cape,31657.74,Unemployed,812.0
CUST002509,Christine,Simmons,04/01/1978,Western Cape,26816.81,Employed,714.0
CUST002510,Robert,Ballard,1970-10-14,Limpopo,70232.97,Self-Employed,393.0
CUST002511,Patrick,White,10-15-1966,Free State,64855.03,Self-Employed,553.0
CUST002512,Deanna,Howard,1959-07-10,Mpumalanga,53709.71,Retired,304.0
CUST002513,Megan,Hunt,18/06/1986,North West,61939.16,Retired,354.0
CUST002514,Kristi,House,16/04/1960,KwaZulu-Natal,60758.82,Retired,350.0
CUST002515,Charles,Johnson,03-07-1965,Gauteng,21393.46,Retired,419.0
CUST002516,James,Murphy,05 Feb 1970,Western Cape,42064.1,Retired,346.0
CUST002517,Lisa,Sutton,1968-09-27,Mpumalanga,17024.84,Unemployed,352.0
CUST002518,Janice,Bolton,06-29-2003,Western Cape,27434.08,Retired,836.0
CUST002519,Karen,Singh,05-12-1999,Gauteng,10701.83,Unemployed,528.0
CUST002520,Alan,Evans,14/01/1995,,78771.23,Retired,835.0
CUST002521,Krista,Powell,16 Jan 1975,KwaZulu-Natal,52698.92,Self-Employed,779.0
CUST002522,Bethany,Rios,23 Mar 1978,Western Cape,48978.25,Retired,458.0
CUST002523,William,Juarez,25/09/1962,Mpumalanga,43978.01,Self-Employed,796.0
CUST002524,Raymond,Perez,11/07/1991,Gauteng,38247.64,Employed,486.0
CUST002525,Thomas,Black,1993-04-17,Northern Cape,32827.79,Employed,315.0
CUST002526,Katherine,Sharp,09-18-1977,Free State,66326.61,Retired,490.0
CUST002527,Latoya,Edwards,1964-08-01,Mpumalanga,68042.03,Retired,660.0
CUST002528,Kayla,Wolfe,08-17-1965,Mpumalanga,6103.81,Unemployed,367.0
CUST002529,Shannon,Hansen,1973-07-21,Eastern Cape,83594.69,Self-Employed,391.0
CUST002530,Barbara,Anderson,2000-11-05,Mpumalanga,70787.84,Employed,791.0
CUST002531,Alec,Cochran,12/08/1995,Eastern Cape,83327.62,Unemployed,460.0
CUST002532,Matthew,Barnes,25/06/1988,Western Cape,74189.05,Unemployed,599.0
CUST002533,Richard,Osborne,16/05/1981,,77986.42,Employed,315.0
CUST002534,Mark,Johnson,06/04/1993,Gauteng,34148.23,Retired,673.0
CUST002535,Sandra,Hernandez,17 Apr 2001,Free State,68432.13,Unemployed,538.0
CUST002536,Mark,Soto,1984-07-05,,5874.62,Unemployed,810.0
CUST002537,Cathy,Camacho,13/08/2002,North West,69574.98,Employed,627.0
CUST002538,James,Myers,03-22-1981,Limpopo,78108.72,Employed,759.0
CUST002539,Jacob,Rodriguez,11-26-1982,Western Cape,52178.16,Retired,818.0
CUST002540,Shannon,Kline,01-16-1960,Free State,73253.6,Retired,464.0
CUST002541,Damon,Tran,08 Feb 1957,Gauteng,67834.81,Unemployed,586.0
CUST002542,Hannah,Burns,12 Jul 1964,North West,33327.3,Employed,771.0
CUST002543,Chad,Mccarty,10 Mar 1969,Western Cape,69343.47,Retired,844.0
CUST002544,Jesse,Keller,04/12/1958,North West,9426.72,Unemployed,614.0
CUST002545,Brian,Stone,1963-10-25,KwaZulu-Natal,28368.8,Unemployed,815.0
CUST002546,Michele,Jenkins,08 Feb 1963,KwaZulu-Natal,17540.81,Unemployed,703.0
CUST002547,Daniel,Herrera,10 Jul 1978,KwaZulu-Natal,19467.89,Unemployed,346.0
CUST002548,Casey,Friedman,13 Feb 1997,Free State,40348.22,Self-Employed,447.0
CUST002549,David,Harris,1976-04-24,Eastern Cape,21263.79,Retired,787.0
CUST002550,Jenna,Wells,18/07/1984,Limpopo,22039.99,Retired,353.0
CUST002551,Sheila,Matthews,1979-09-08,Free State,79858.18,Self-Employed,480.0
CUST002552,Gail,Hill,12-04-1955,Limpopo,25406.51,Employed,837.0
CUST002553,Douglas,Brown,24/09/1974,North West,38158.66,Unemployed,760.0
CUST002554,Lindsey,Fox,04-06-1999,Gauteng,59385.82,Retired,761.0
CUST002555,Natasha,Stevens,22 Mar 1983,Northern Cape,41801.56,Unemployed,560.0
CUST002556,Jo,Roberts,1997-11-08,Gauteng,67391.13,Self-Employed,788.0
CUST002557,Stephen,Graves,22 Sep 1989,KwaZulu-Natal,21102.48,Self-Employed,479.0
CUST002558,Kenneth,Austin,12/06/1994,North West,65806.93,Unemployed,801.0
CUST002559,Gregory,Wright,1998-10-07,North West,17732.72,Self-Employed,680.0
CUST002560,Jessica,Ellis,04-15-1999,Northern Cape,49053.45,Self-Employed,406.0
CUST002561,Isaac,Carroll,1974-06-16,Eastern Cape,69420.96,Self-Employed,723.0
CUST002562,Sonya,Allen,1997-05-09,Western Cape,76183.92,Retired,575.0
CUST002563,Joshua,Fuller,1969-07-30,Gauteng,6534.5,Retired,319.0
CUST002564,Sabrina,Wolfe,1990-03-30,Mpumalanga,40374.68,Unemployed,311.0
CUST002565,Jeff,Snyder,03-15-2003,Eastern Cape,37768.14,Unemployed,586.0
CUST002566,Angela,Carney,29/03/1959,Western Cape,39965.85,Retired,743.0
CUST002567,Daniel,Miranda,1971-03-20,Northern Cape,49807.14,Unemployed,566.0
CUST002568,Shannon,King,11-10-1979,Northern Cape,60759.91,Self-Employed,430.0
CUST002569,Steven,Jones,25/11/1988,North West,73824.91,Employed,696.0
CUST002570,Kara,James,1991-05-17,Free State,49838.59,Self-Employed,740.0
CUST002571,Melissa,Sanders,31 Jan 1956,Mpumalanga,70837.06,Self-Employed,611.0
CUST002572,Danny,Stark,08/04/1971,North West,64787.94,Employed,763.0
CUST002573,Kaitlyn,Washington,04 Nov 1958,Free State,38205.02,Unemployed,722.0
CUST002574,Amy,Allen,2001-03-02,KwaZulu-Natal,5323.48,Employed,475.0
CUST002575,Donald,Hoover,18/12/1995,KwaZulu-Natal,77281.53,Unemployed,543.0
CUST002576,George,Smith,05-23-1960,Free State,78066.51,Self-Employed,460.0
CUST002577,Kelly,Nichols,30/04/1974,Eastern Cape,5028.12,Unemployed,368.0
CUST002578,Chris,Gallagher,01-30-1988,Limpopo,82860.75,Self-Employed,645.0
CUST002579,Eric,Howard,1965-12-19,Eastern Cape,51262.07,Unemployed,513.0
CUST002580,Austin,Leonard,10/12/1965,Eastern Cape,28210.73,Self-Employed,736.0
CUST002581,Heather,Copeland,1994-07-09,Limpopo,64103.72,Self-Employed,425.0
CUST002582,Danielle,Moran,08-16-1998,Free State,75316.16,Unemployed,702.0
CUST002583,Peter,Parker,30/01/1958,Gauteng,24039.51,Self-Employed,377.0
CUST002584,Adam,Barton,05-22-1992,Limpopo,,Self-Employed,574.0
CUST002585,Sarah,Brooks,07/01/1967,North West,83871.69,Self-Employed,485.0
CUST002586,Christopher,Fisher,2003-01-20,Eastern Cape,34476.35,Self-Employed,733.0
CUST002587,Matthew,Lee,09-05-1987,North West,58256.27,Retired,557.0
CUST002588,Jeffrey,Khan,26/10/1993,Gauteng,38770.74,Self-Employed,
CUST002589,Maria,Jackson,02/08/1963,Northern Cape,29890.11,Employed,495.0
CUST002590,Robert,Rodriguez,1971-04-09,Western Cape,23036.87,Employed,625.0
CUST002591,Anna,Lopez,05/07/1965,KwaZulu-Natal,56007.7,Employed,829.0
CUST002592,Amber,Mcmillan,13 May 1961,North West,25504.73,Self-Employed,683.0
CUST002593,Jason,Kelly,11-25-1963,KwaZulu-Natal,12020.66,Unemployed,629.0
CUST002594,Richard,Stewart,1974-04-01,KwaZulu-Natal,82514.74,Retired,804.0
CUST002595,Stephen,Jones,10 Sep 1994,Mpumalanga,20461.08,Self-Employed,474.0
CUST002596,Debra,Wood,19 Oct 1958,Limpopo,74744.87,Self-Employed,648.0
CUST002597,Jeffery,Turner,04-24-1984,Mpumalanga,75615.34,Unemployed,839.0
CUST002598,Tonya,Garcia,21/04/1981,Limpopo,61703.42,Retired,
CUST002599,Veronica,Jefferson,10-19-1963,Mpumalanga,57506.2,Unemployed,612.0
CUST002600,Susan,Greene,09-04-2002,Limpopo,51640.98,Self-Employed,476.0
CUST002601,Heather,Gregory,03-29-2002,Gauteng,47429.33,Retired,472.0
CUST002602,Heather,Rivera,01-24-1986,North West,37600.73,Unemployed,484.0
CUST002603,Nicole,Stewart,1996-06-10,KwaZulu-Natal,24277.55,Unemployed,479.0
CUST002604,Timothy,Rogers,1984-10-10,Mpumalanga,71433.76,Self-Employed,719.0
CUST002605,Brenda,Reyes,04-25-1986,Limpopo,8735.54,Retired,498.0
CUST002606,Jesse,Matthews,04 Jan 2003,Free State,6010.43,Employed,351.0
CUST002607,Jesse,Jensen,1998-08-12,Eastern Cape,65922.75,Self-Employed,437.0
CUST002608,Kyle,Rojas,01 Dec 1991,Western Cape,52146.84,Employed,347.0
CUST002609,Christine,Brown,1973-07-18,Northern Cape,43611.21,Retired,587.0
CUST002610,Kenneth,Hernandez,18 May 1965,Gauteng,39592.08,Unemployed,523.0
CUST002611,Benjamin,Mclean,04-10-1984,,30707.94,Self-Employed,577.0
CUST002612,Sonya,Stevenson,06 May 1971,Mpumalanga,73519.87,Self-Employed,502.0
CUST002613,Joshua,Schneider,1992-01-26,Gauteng,68301.42,Employed,745.0
CUST002614,Abigail,Madden,03/09/1986,Western Cape,26719.75,Employed,501.0
CUST002615,Keith,Johnson,21 Mar 1996,North West,35763.1,Retired,332.0
CUST002616,Mark,Allen,15/06/1981,Free State,18994.89,Unemployed,738.0
CUST002617,Rebecca,Ortega,27 Jun 1967,Limpopo,12556.99,Employed,388.0
CUST002618,Grace,Ball,02 Oct 1984,Eastern Cape,60635.32,Self-Employed,593.0
CUST002619,Patrick,Morris,19 Oct 1976,Free State,26019.19,Self-Employed,524.0
CUST002620,Adam,Kane,04 Dec 1958,Limpopo,44829.14,Unemployed,759.0
CUST002621,James,Walters,1962-05-12,KwaZulu-Natal,28120.46,Self-Employed,687.0
CUST002622,James,Davis,06/01/1984,Mpumalanga,7837.73,Self-Employed,502.0
CUST002623,Marie,Frederick,11-28-1966,Western Cape,,Unemployed,532.0
CUST002624,Christian,Hardy,07-08-1970,Limpopo,80460.32,Retired,585.0
CUST002625,Jennifer,Sanchez,1964-01-14,Gauteng,22240.15,Unemployed,737.0
CUST002626,John,Mitchell,31 Jan 1977,Mpumalanga,28134.8,Unemployed,582.0
CUST002627,Cynthia,Nelson,1993-01-25,Mpumalanga,11129.53,Unemployed,725.0
CUST002628,Christopher,Kaufman,07 Sep 1974,North West,75085.55,Retired,368.0
CUST002629,Gary,Alexander,10-27-1979,Western Cape,70226.35,Employed,361.0
CUST002630,Jessica,Wolf,28 Nov 1994,KwaZulu-Natal,13354.72,Unemployed,642.0
CUST002631,Laura,Smith,16 Nov 1973,Northern Cape,27849.5,Retired,738.0
CUST002632,Melissa,Blake,1999-10-20,Eastern Cape,40258.67,Self-Employed,
CUST002633,Brooke,Hernandez,12 Jun 1990,North West,6291.38,Employed,438.0
CUST002634,Jonathan,Ford,04/05/1977,Mpumalanga,73538.55,Unemployed,383.0
CUST002635,Nicholas,Obrien,08 Jan 1959,Northern Cape,39188.09,Unemployed,347.0
CUST002636,Derrick,Harrison,29/12/1962,Mpumalanga,59218.85,Retired,
CUST002637,Jake,Smith,08-08-1979,Limpopo,72429.32,Self-Employed,442.0
CUST002638,Jessica,Henry,01 Jan 2000,Gauteng,73444.03,Employed,711.0
CUST002639,Shelby,Waller,23 Jun 1973,Gauteng,21077.59,Employed,711.0
CUST002640,Tracy,Davidson,1983-10-22,North West,69671.55,Employed,849.0
CUST002641,Riley,Williams,21 Oct 1999,Western Cape,38203.7,Self-Employed,538.0
CUST002642,Paul,Cunningham,21 Nov 1964,Gauteng,70699.86,Unemployed,475.0
CUST002643,Samuel,Scott,05-25-1999,KwaZulu-Natal,62296.05,Self-Employed,389.0
CUST002644,Jennifer,Hicks,08/01/1979,Limpopo,84160.15,Employed,415.0
CUST002645,Haley,Horton,23 Oct 1986,,35120.7,Unemployed,749.0
CUST002646,Sara,Fitzgerald,03-14-1967,Free State,47205.41,Unemployed,537.0
CUST002647,Austin,Li,11-07-1985,Eastern Cape,60638.67,Employed,777.0
CUST002648,Erica,Terry,1986-07-17,Mpumalanga,,Retired,577.0
CUST002649,Jose,Gibson,1988-04-04,Limpopo,46980.17,Employed,405.0
CUST002650,Jonathan,Guzman,04-02-2001,KwaZulu-Natal,57150.94,Employed,504.0
CUST002651,Mckenzie,Smith,1992-07-28,Western Cape,79921.72,Retired,605.0
CUST002652,Dawn,Rangel,1974-08-27,Eastern Cape,55142.86,Employed,765.0
CUST002653,Brenda,Santana,15/06/1980,Northern Cape,80642.47,Unemployed,606.0
CUST002654,Jacob,Henderson,05-25-1995,Gauteng,6048.86,Unemployed,488.0
CUST002655,Johnny,Turner,06 Jan 2002,Free State,,Employed,694.0
CUST002656,Dominique,Reyes,08/05/1970,North West,15160.75,Self-Employed,317.0
CUST002657,Robert,Walter,1990-06-30,North West,65471.5,Retired,499.0
CUST002658,Christopher,Fields,11-05-1992,Free State,30748.12,Self-Employed,559.0
CUST002659,Maxwell,Thomas,04 Jul 1991,Gauteng,5381.64,Self-Employed,605.0
CUST002660,Sarah,Sanders,05-10-1970,Eastern Cape,5994.67,Self-Employed,528.0
CUST002661,Valerie,Velasquez,23/08/1955,Gauteng,77712.55,Retired,360.0
CUST002662,Chad,Horton,06 Oct 1980,,78422.41,Retired,625.0
CUST002663,Diamond,Quinn,10-04-1963,Gauteng,22395.62,Unemployed,813.0
CUST002664,Nicholas,Padilla,26 Jan 1965,Limpopo,,Self-Employed,709.0
CUST002665,Hunter,Fry,03-13-1977,Northern Cape,14067.94,Retired,810.0
CUST002666,Lisa,Lopez,05-26-1958,Free State,36705.29,Self-Employed,430.0
CUST002667,Ian,Malone,1968-01-06,Mpumalanga,41819.21,Retired,590.0
CUST002668,Rachel,Ortiz,27/08/1985,Limpopo,50139.28,Self-Employed,438.0
CUST002669,Claudia,Oneill,07-17-1963,KwaZulu-Natal,35649.6,Retired,
CUST002670,Kelly,Gray,07 Nov 1968,Mpumalanga,41023.24,Retired,481.0
CUST002671,Matthew,Richards,07-04-1978,Mpumalanga,51995.69,Self-Employed,553.0
CUST002672,Emily,Garcia,01 Jul 1958,Mpumalanga,41851.3,Self-Employed,681.0
CUST002673,Karen,Smith,11 Jul 1983,Gauteng,24388.25,Employed,835.0
CUST002674,Vanessa,Davis,08-21-1980,Eastern Cape,20611.44,Self-Employed,386.0
CUST002675,Adrian,Morrison,09/12/2002,,4855.73,Unemployed,350.0
CUST002676,Kathleen,Frederick,13 Apr 1978,Mpumalanga,54163.65,Employed,612.0
CUST002677,Matthew,Jordan,13/05/1973,Gauteng,63352.68,Self-Employed,607.0
CUST002678,Pamela,Key,10/10/1994,Northern Cape,44404.34,Retired,435.0
CUST002679,Shelley,Ortega,24 Sep 1973,Limpopo,35391.43,Self-Employed,603.0
CUST002680,Brian,Kelly,06-03-1971,KwaZulu-Natal,19203.44,Self-Employed,331.0
CUST002681,Craig,Bryant,31 Jan 1989,Mpumalanga,80363.96,Unemployed,710.0
CUST002682,Jessica,Barron,1962-03-26,Limpopo,,Retired,673.0
CUST002683,Carolyn,Melton,1968-12-24,North West,37427.73,Retired,641.0
CUST002684,Holly,Briggs,02/04/1973,Free State,5041.57,Unemployed,802.0
CUST002685,Christine,Hopkins,18/05/1978,Limpopo,10339.68,Unemployed,714.0
CUST002686,Robert,Lopez,2002-11-26,North West,20314.17,Retired,658.0
CUST002687,Susan,Hess,13 May 1956,Western Cape,65824.51,Employed,450.0
CUST002688,Michael,Williams,1994-05-01,Eastern Cape,20066.79,Self-Employed,605.0
CUST002689,Mark,Wallace,09-09-1984,Free State,40608.59,Employed,577.0
CUST002690,Ricardo,Salazar,1959-06-22,North West,47530.88,Self-Employed,622.0
CUST002691,Ronnie,Huynh,2000-03-31,North West,10635.42,Employed,782.0
CUST002692,Valerie,Vincent,01-07-1999,Western Cape,23730.83,Unemployed,380.0
CUST002693,Jessica,Carter,06 Dec 1964,Eastern Cape,7481.67,Unemployed,
CUST002694,Douglas,Meyer,01-07-1983,Northern Cape,63178.04,Unemployed,762.0
CUST002695,Melissa,Wagner,14 Sep 1961,Limpopo,58145.64,Employed,803.0
CUST002696,Laura,Turner,1987-11-16,Gauteng,51820.49,Employed,618.0
CUST002697,Ana,Baxter,08-20-1963,Western Cape,83769.32,Self-Employed,453.0
CUST002698,Sean,Wilson,1987-05-17,Eastern Cape,36189.33,Employed,544.0
CUST002699,John,Lewis,22 Sep 1991,Free State,,Retired,846.0
CUST002700,Donna,Davis,10/06/1976,Mpumalanga,53450.48,Retired,589.0
CUST002701,Jennifer,Martin,27/02/2000,Eastern Cape,32074.94,Self-Employed,356.0
CUST002702,Raven,Miranda,22 Feb 1966,Free State,6163.53,Employed,742.0
CUST002703,Jonathan,Alvarez,25 Aug 1998,Gauteng,7802.61,Employed,394.0
CUST002704,David,Taylor,03-23-1981,Eastern Cape,20575.22,Self-Employed,699.0
CUST002705,Jessica,Davis,1988-10-09,Limpopo,49060.36,Unemployed,466.0
CUST002706,Monica,Huynh,08/05/1992,KwaZulu-Natal,13470.79,Employed,602.0
CUST002707,Caroline,Schneider,30/08/1973,,22684.17,Employed,787.0
CUST002708,Jennifer,Fitzgerald,11-20-1973,Limpopo,28349.4,Employed,844.0
CUST002709,Dawn,Hoffman,29/08/1996,Eastern Cape,64932.56,Employed,647.0
CUST002710,Lindsey,Walker,02-13-1961,Mpumalanga,43616.37,Retired,435.0
CUST002711,Christopher,Davis,11/02/1991,Eastern Cape,65595.0,Employed,672.0
CUST002712,Sharon,Garner,1961-02-20,KwaZulu-Natal,10430.63,Employed,432.0
CUST002713,Michael,Castaneda,12 May 2001,Gauteng,35755.06,Unemployed,353.0
CUST002714,Barbara,Smith,1958-07-15,Mpumalanga,,Employed,432.0
CUST002715,Amanda,Boone,2002-08-07,Mpumalanga,5145.15,Employed,311.0
CUST002716,Luis,Diaz,1988-03-04,Western Cape,9225.53,Employed,446.0
CUST002717,Laura,Meyer,1984-06-11,Free State,59929.04,Retired,679.0
CUST002718,Jeffrey,Foster,05-28-1981,Eastern Cape,50745.49,Retired,342.0
CUST002719,Steven,Thomas,28 Oct 2000,Gauteng,82344.15,Retired,602.0
CUST002720,Mary,Porter,06-11-1977,Free State,52038.14,Unemployed,592.0
CUST002721,Carolyn,Thomas,07-03-1987,Free State,22622.89,Employed,423.0
CUST002722,Laurie,Warner,24 Apr 1984,Limpopo,47116.1,Unemployed,638.0
CUST002723,Kyle,Mooney,29 Jun 1961,KwaZulu-Natal,52568.0,Self-Employed,426.0
CUST002724,Wendy,Mccarthy,11 Jul 1978,Gauteng,,Retired,405.0
CUST002725,Maria,Simpson,13/05/1989,Free State,,Retired,457.0
CUST002726,Nicholas,Zavala,23 Jul 1971,Gauteng,32942.22,Unemployed,816.0
CUST002727,Maria,Clark,1990-09-25,Limpopo,59312.07,Self-Employed,392.0
CUST002728,Lisa,Graves,1958-02-02,Limpopo,32422.31,Employed,682.0
CUST002729,Michelle,White,12-19-1978,Free State,24246.24,Retired,571.0
CUST002730,Philip,Joyce,18 Mar 1987,Free State,33912.03,Unemployed,778.0
CUST002731,Melinda,Ritter,11-13-1981,North West,79652.85,Retired,745.0
CUST002732,Matthew,Gregory,02-07-2003,Mpumalanga,39089.66,Employed,540.0
CUST002733,Katherine,Myers,11-26-1980,North West,58479.49,Employed,683.0
CUST002734,Justin,Horton,1964-12-06,KwaZulu-Natal,84502.53,Retired,390.0
CUST002735,Melissa,Long,06/11/1961,Gauteng,12571.06,Employed,668.0
CUST002736,Karen,Carpenter,18/03/1994,Eastern Cape,70299.07,Retired,517.0
CUST002737,Melissa,Mckinney,12/07/1977,Eastern Cape,73779.18,Employed,490.0
CUST002738,Frank,Taylor,21/12/1988,Limpopo,17691.18,Retired,685.0
CUST002739,Kelly,Thomas,14/01/1966,Free State,42608.52,Self-Employed,529.0
CUST002740,Kaitlin,Moss,01-03-1956,KwaZulu-Natal,23683.03,Employed,557.0
CUST002741,Jessica,Johnston,1988-02-16,Western Cape,19706.36,Self-Employed,828.0
CUST002742,Vanessa,Hernandez,09/03/2001,Eastern Cape,44318.84,Self-Employed,309.0
CUST002743,Ronald,Skinner,06 Jan 2000,Limpopo,73892.42,Unemployed,650.0
CUST002744,Cody,Mccann,10 Mar 1964,Gauteng,40126.53,Employed,506.0
CUST002745,Brian,Baird,09/10/1986,,62187.99,Unemployed,551.0
CUST002746,Brittney,Booker,30/08/1985,KwaZulu-Natal,39315.93,Self-Employed,431.0
CUST002747,Richard,Johnson,16 Feb 1967,North West,80108.29,Employed,707.0
CUST002748,Tracy,Watts,05-21-2001,,,Unemployed,353.0
CUST002749,Denise,Bennett,1988-10-09,Limpopo,18141.99,Unemployed,438.0
CUST002750,Laura,Barrett,1992-11-24,Gauteng,68182.38,Employed,435.0
CUST002751,Michelle,Santos,10-11-1968,Gauteng,74417.64,Unemployed,818.0
CUST002752,Denise,Richardson,29 Apr 1961,Mpumalanga,,Retired,
CUST002753,Christopher,Burns,1987-09-02,Eastern Cape,19868.28,Unemployed,713.0
CUST002754,William,Johnson,01-26-1983,Mpumalanga,27259.32,Unemployed,797.0
CUST002755,Ashley,Hill,06/05/1991,Western Cape,22015.94,Retired,584.0
CUST002756,Laura,White,1978-10-22,Free State,61338.29,Unemployed,
CUST002757,Deanna,Hamilton,12-30-1982,Eastern Cape,38064.15,Unemployed,521.0
CUST002758,Cory,Brown,12/03/1999,Free State,12665.06,Employed,406.0
CUST002759,Laura,Lopez,08-02-1994,Northern Cape,,Employed,486.0
CUST002760,Andrew,Hawkins,25 Apr 1981,KwaZulu-Natal,20045.24,Unemployed,809.0
CUST002761,Lisa,Freeman,22/06/1980,Limpopo,41618.16,Retired,365.0
CUST002762,Brenda,Reeves,28/06/1993,KwaZulu-Natal,46831.7,Retired,359.0
CUST002763,David,Mullins,12-02-2001,Western Cape,8482.81,Self-Employed,561.0
CUST002764,Priscilla,White,04-28-1984,Mpumalanga,64681.27,Unemployed,
CUST002765,Hector,Peters,12-28-1993,Northern Cape,40227.73,Retired,497.0
CUST002766,David,Anderson,19/06/1965,Gauteng,73575.44,Self-Employed,704.0
CUST002767,Evan,Hart,1996-06-08,Northern Cape,75344.58,Retired,710.0
CUST002768,Austin,Whitney,1979-11-11,Mpumalanga,77019.9,Retired,584.0
CUST002769,Michael,Stephens,15 Nov 1975,Limpopo,65571.25,Unemployed,402.0
CUST002770,Sierra,Smith,30/12/1969,Free State,,Retired,836.0
CUST002771,Sophia,Stone,21 Feb 1993,Northern Cape,27939.2,Employed,724.0
CUST002772,Donna,Wallace,04-08-1983,Limpopo,18597.57,Unemployed,566.0
CUST002773,Heather,Mills,23 Nov 2002,,69034.88,Self-Employed,841.0
CUST002774,Michael,Medina,21 Aug 1965,Gauteng,23287.19,Retired,342.0
CUST002775,Corey,Weiss,12 Dec 1966,Gauteng,37360.85,Unemployed,574.0
CUST002776,Jacob,Evans,14/07/1995,Northern Cape,9391.43,Unemployed,349.0
CUST002777,Susan,Guzman,08/12/1965,Gauteng,67037.16,Employed,517.0
CUST002778,Michael,Anderson,1985-06-09,Mpumalanga,70805.64,Retired,798.0
CUST002779,Charles,Scott,11-22-1973,Limpopo,49196.71,Unemployed,698.0
CUST002780,Rebecca,Ross,1959-07-25,Free State,7900.11,Retired,803.0
CUST002781,Jonathan,Coleman,1988-11-26,Limpopo,55952.24,Unemployed,319.0
CUST002782,Amanda,Jones,1990-09-26,KwaZulu-Natal,39291.81,Unemployed,576.0
CUST002783,Wanda,Terry,1964-10-24,Eastern Cape,32978.83,Self-Employed,640.0
CUST002784,Nathan,Sandoval,1994-12-14,North West,29630.4,Employed,750.0
CUST002785,Cassidy,Barnes,08 Dec 1962,Free State,41552.21,Employed,616.0
CUST002786,Victoria,Hamilton,23 Oct 1956,Free State,59782.23,Self-Employed,303.0
CUST002787,Cassandra,Jones,19/07/1961,Limpopo,46359.98,Unemployed,408.0
CUST002788,Daniel,Kelley,25/09/1958,Eastern Cape,22192.54,Retired,331.0
CUST002789,Danielle,Cox,07-30-1971,Northern Cape,54628.2,Retired,730.0
CUST002790,Joshua,Melton,05-28-1966,Northern Cape,72869.18,Employed,693.0
CUST002791,Alejandro,Bennett,25/01/2002,Western Cape,83528.94,Employed,779.0
CUST002792,Nicholas,Garcia,31/12/1999,Free State,75851.5,Unemployed,619.0
CUST002793,Gregory,Chandler,1970-04-13,Mpumalanga,23463.11,Self-Employed,525.0
CUST002794,Lori,Burns,1980-12-15,North West,,Self-Employed,475.0
CUST002795,Jackie,Grimes,1982-01-15,Gauteng,68624.37,Unemployed,579.0
CUST002796,Catherine,Mosley,06 Oct 1963,Gauteng,48951.23,Retired,630.0
CUST002797,Stacey,Price,1972-02-19,North West,29773.8,Employed,340.0
CUST002798,Judith,Faulkner,01/02/1981,North West,32895.76,Retired,359.0
CUST002799,Brooke,Atkinson,06-16-1978,Limpopo,53486.22,Retired,471.0
CUST002800,David,Smith,20/03/1980,Northern Cape,45693.98,Employed,459.0
CUST002801,Eric,Martinez,01 Oct 1973,Mpumalanga,23642.52,Employed,484.0
CUST002802,Jill,Brown,1990-05-22,Limpopo,48548.15,Employed,458.0
CUST002803,Terri,Zimmerman,11 Jul 1967,Western Cape,15272.12,Retired,307.0
CUST002804,Charlotte,Mann,10 May 1964,Gauteng,8289.56,Self-Employed,792.0
CUST002805,Valerie,Lindsey,04/09/1979,Mpumalanga,76423.98,Retired,611.0
CUST002806,Joshua,Patterson,07 Oct 2000,Gauteng,29952.72,Unemployed,771.0
CUST002807,Nicole,Cervantes,20 Mar 1970,Northern Cape,74135.02,Self-Employed,646.0
CUST002808,Michaela,Meza,30 Jan 1975,Gauteng,40101.86,Self-Employed,523.0
CUST002809,Lawrence,Davis,05-20-1959,Limpopo,59348.32,Retired,333.0
CUST002810,Jessica,Duffy,1963-06-29,Northern Cape,53082.08,Self-Employed,828.0
CUST002811,Brian,Paul,03-02-1982,Free State,34095.38,Self-Employed,407.0
CUST002812,Trevor,Baxter,10-01-2001,Western Cape,43413.48,Employed,456.0
CUST002813,Roger,Romero,08-24-1990,Gauteng,47628.21,Unemployed,702.0
CUST002814,Timothy,Robertson,2003-06-21,Gauteng,39751.8,Retired,850.0
CUST002815,Pamela,Wolfe,11/01/1975,Eastern Cape,28855.53,Unemployed,665.0
CUST002816,Christina,Bartlett,05-16-1991,Free State,42578.81,Employed,537.0
CUST002817,Jennifer,Park,21 Jul 1991,Mpumalanga,70059.48,Self-Employed,437.0
CUST002818,John,Stevenson,17 Mar 2001,Eastern Cape,45235.57,Employed,663.0
CUST002819,Madeline,Beard,30 Nov 1980,Limpopo,78318.22,Self-Employed,749.0
CUST002820,Chelsea,Lawson,14 Nov 2001,Northern Cape,21274.37,Employed,639.0
CUST002821,Emily,Macias,09-11-1980,KwaZulu-Natal,22754.88,Employed,684.0
CUST002822,Jeffrey,Jones,11-10-1995,Western Cape,54959.72,Self-Employed,743.0
CUST002823,Willie,Farley,1975-11-10,North West,28641.23,Retired,560.0
CUST002824,Nicholas,Brooks,1961-01-01,Limpopo,50570.3,Employed,798.0
CUST002825,Robin,Wright,1981-06-11,Mpumalanga,,Self-Employed,469.0
CUST002826,Katie,Wilson,1969-12-05,Mpumalanga,10280.33,Unemployed,401.0
CUST002827,Kelly,Lewis,12-29-1990,Free State,35621.62,Unemployed,508.0
CUST002828,Ashley,Robinson,14 Mar 1970,,84696.02,Self-Employed,848.0
CUST002829,Sarah,Day,15/03/1995,Eastern Cape,6808.08,Unemployed,330.0
CUST002830,Austin,Ford,21 Mar 1985,KwaZulu-Natal,76200.68,Retired,770.0
CUST002831,Tracy,Kelly,10 Feb 1985,Mpumalanga,,Unemployed,703.0
CUST002832,Mark,Gomez,10-25-1955,KwaZulu-Natal,78698.41,Self-Employed,436.0
CUST002833,Pamela,Lopez,01/08/1972,Free State,48309.54,Self-Employed,748.0
CUST002834,Craig,Vasquez,20/08/1959,Mpumalanga,,Retired,763.0
CUST002835,Willie,Hernandez,07-06-1961,KwaZulu-Natal,26724.29,Unemployed,
CUST002836,Tony,Moore,01/02/1987,Eastern Cape,73596.92,Unemployed,704.0
CUST002837,Jeremy,Foster,07 Dec 1969,Free State,69624.82,Employed,692.0
CUST002838,Ross,White,09/07/1994,Mpumalanga,50192.74,Unemployed,690.0
CUST002839,Daniel,Gonzales,11-09-1995,Limpopo,17215.03,Retired,684.0
CUST002840,Evan,Gomez,05-25-1976,Western Cape,8120.99,Unemployed,302.0
CUST002841,Michael,Harrell,02-03-1965,Limpopo,62621.51,Unemployed,595.0
CUST002842,Jake,Williams,07-04-1974,Northern Cape,15824.89,Self-Employed,300.0
CUST002843,Julie,Santana,06/04/1963,Eastern Cape,78974.69,Employed,682.0
CUST002844,James,Mendoza,07-02-1987,Eastern Cape,11970.0,Retired,838.0
CUST002845,Joseph,Fisher,12-21-1981,Eastern Cape,,Employed,629.0
CUST002846,Lauren,Klein,28 Feb 1971,North West,38706.53,Employed,841.0
CUST002847,Kathy,Macias,1979-08-28,Gauteng,60585.18,Self-Employed,387.0
CUST002848,Sandra,Cameron,1974-03-26,Limpopo,9726.29,Retired,847.0
CUST002849,Daniel,Rodriguez,1956-07-31,Gauteng,48654.52,Employed,346.0
CUST002850,Eric,Porter,26 May 1992,Northern Cape,28745.98,Retired,354.0
CUST002851,Joel,Gregory,1971-12-28,KwaZulu-Natal,70668.44,Self-Employed,373.0
CUST002852,Tiffany,Mclaughlin,05-31-1976,KwaZulu-Natal,20292.16,Employed,489.0
CUST002853,Keith,Tucker,03/02/1992,Northern Cape,31486.87,Unemployed,319.0
CUST002854,John,Hernandez,09/02/1980,KwaZulu-Natal,12193.9,Self-Employed,327.0
CUST002855,John,Wang,17 Jan 1997,Gauteng,10568.72,Self-Employed,319.0
CUST002856,Virginia,Wright,15 Dec 1994,Mpumalanga,21067.44,Self-Employed,431.0
CUST002857,James,Mccarthy,12/06/1994,Free State,84292.71,Self-Employed,488.0
CUST002858,Jacqueline,Shaw,1964-04-06,Limpopo,57228.71,Employed,377.0
CUST002859,Victoria,Garza,08/01/1986,Free State,21330.61,Self-Employed,533.0
CUST002860,Jerome,Anderson,05-29-1957,KwaZulu-Natal,81406.23,Self-Employed,462.0
CUST002861,Veronica,Hickman,01-11-1976,Limpopo,37643.5,Self-Employed,521.0
CUST002862,Christina,Davis,05 Jan 1958,Free State,28484.9,Employed,477.0
CUST002863,Richard,Torres,19 Dec 1985,Mpumalanga,18496.35,Unemployed,553.0
CUST002864,Jesse,Rogers,27 Jul 1978,North West,74291.05,Unemployed,481.0
CUST002865,William,Schneider,04/03/1970,Limpopo,66838.96,Self-Employed,692.0
CUST002866,Joseph,Ramirez,01 Jun 1972,Limpopo,49799.0,Retired,699.0
CUST002867,Robert,Flores,11-06-1957,Eastern Cape,45627.21,Retired,726.0
CUST002868,Blake,Williams,04-26-1991,North West,34242.65,Unemployed,463.0
CUST002869,Jason,Kennedy,05 Mar 1999,Free State,36201.44,Self-Employed,646.0
CUST002870,Craig,Lopez,01 Feb 2001,KwaZulu-Natal,75396.04,Unemployed,555.0
CUST002871,Michael,Torres,20/03/1960,Mpumalanga,52187.41,Unemployed,786.0
CUST002872,Alexander,Arnold,10 Dec 1996,Mpumalanga,64468.21,Self-Employed,631.0
CUST002873,Mark,Figueroa,11-29-1972,Mpumalanga,44767.01,Employed,722.0
CUST002874,Kimberly,Rice,27 May 1973,Northern Cape,50023.29,Self-Employed,379.0
CUST002875,Debra,Clark,01-01-1974,Eastern Cape,44757.49,Self-Employed,772.0
CUST002876,Paige,Anderson,19/03/1991,Gauteng,21261.65,Employed,782.0
CUST002877,David,Willis,1999-05-09,Western Cape,53890.34,Employed,443.0
CUST002878,Destiny,Lee,05-23-1989,Eastern Cape,83326.58,Retired,501.0
CUST002879,Sara,Jones,10-20-1981,North West,30526.84,Self-Employed,468.0
CUST002880,Matthew,Swanson,01-26-2003,Limpopo,21011.74,Employed,771.0
CUST002881,James,Le,09-02-1957,Gauteng,70563.08,Employed,412.0
CUST002882,James,Pierce,09 Sep 1967,Mpumalanga,50156.14,Retired,762.0
CUST002883,Natalie,Castaneda,1999-02-04,Mpumalanga,48831.67,Self-Employed,413.0
CUST002884,Theresa,Jacobson,03 Feb 1977,Western Cape,67714.01,Employed,710.0
CUST002885,Jennifer,Bartlett,26/10/1958,Free State,7227.93,Self-Employed,531.0
CUST002886,Robert,Velazquez,10-02-1979,Eastern Cape,58103.63,Self-Employed,580.0
CUST002887,Andrew,Greene,1989-01-03,Free State,49849.82,Unemployed,390.0
CUST002888,David,Williams,1982-09-29,Mpumalanga,21929.07,Unemployed,393.0
CUST002889,Laura,Benson,1991-02-14,Free State,61685.37,Employed,325.0
CUST002890,Raymond,Cohen,05-04-1997,KwaZulu-Natal,7611.53,Retired,727.0
CUST002891,Teresa,Martin,08 Aug 1991,Northern Cape,64713.17,Employed,552.0
CUST002892,Patrick,Chan,1974-10-22,Eastern Cape,76573.16,Unemployed,567.0
CUST002893,Joseph,White,1963-04-01,Eastern Cape,10512.31,Retired,398.0
CUST002894,Jeffery,Horton,1997-10-07,Eastern Cape,35263.69,Retired,401.0
CUST002895,Krystal,Gibson,1989-07-16,North West,75090.86,Employed,616.0
CUST002896,Alicia,Turner,1966-02-21,KwaZulu-Natal,41846.4,Self-Employed,833.0
CUST002897,Jeanette,Arnold,1963-10-12,Free State,15167.86,Unemployed,624.0
CUST002898,Brandon,Allen,11 Jun 1957,Western Cape,53409.54,Retired,822.0
CUST002899,Eddie,Stephenson,28 Jan 2000,Free State,19595.54,Employed,338.0
CUST002900,Joseph,Gibbs,27 May 1986,Free State,13451.5,Employed,593.0
CUST002901,John,Colon,24/03/1981,Western Cape,75096.77,Self-Employed,384.0
CUST002902,Aaron,Bailey,12/08/1984,Limpopo,52543.36,Self-Employed,697.0
CUST002903,Miguel,Miller,06-06-1989,Limpopo,84866.4,Retired,619.0
CUST002904,Andrea,Bowen,1975-03-03,KwaZulu-Natal,27281.15,Employed,777.0
CUST002905,Cheryl,Nguyen,04-25-1958,Northern Cape,77740.66,Unemployed,818.0
CUST002906,Lisa,Holloway,03/02/1966,Gauteng,13030.33,Unemployed,743.0
CUST002907,Tammy,Thompson,16 Mar 2002,Eastern Cape,67152.9,Self-Employed,488.0
CUST002908,Amanda,Irwin,1992-12-02,North West,37038.69,Unemployed,714.0
CUST002909,Kimberly,Rodriguez,05-13-1991,Mpumalanga,42851.08,Employed,601.0
CUST002910,Patrick,Valdez,04-30-1997,Western Cape,4910.04,Retired,484.0
CUST002911,Cynthia,Pierce,10 Oct 1994,Western Cape,4776.15,Retired,718.0
CUST002912,Jeffrey,Adams,1983-06-27,Free State,69238.66,Self-Employed,849.0
CUST002913,Lindsey,Mullins,14 Jan 1963,Mpumalanga,44870.93,Unemployed,465.0
CUST002914,Jesse,Barber,05/04/1973,Northern Cape,18586.63,Employed,848.0
CUST002915,Rachel,Davis,04-12-1964,KwaZulu-Natal,33312.23,Unemployed,
CUST002916,Jackson,Huffman,1964-08-19,Gauteng,49116.71,Employed,533.0
CUST002917,Tracy,Blair,1986-08-26,Western Cape,,Unemployed,498.0
CUST002918,Andrew,Martin,06 Feb 1964,KwaZulu-Natal,56271.84,Employed,747.0
CUST002919,Phillip,Franklin,11-25-1958,North West,7795.26,Self-Employed,329.0
CUST002920,Charles,Sanchez,1999-03-16,,28658.21,Unemployed,548.0
CUST002921,Tara,Garcia,11-07-1980,KwaZulu-Natal,45598.36,Unemployed,594.0
CUST002922,Jessica,Morton,10 Jul 1984,North West,75644.77,Employed,479.0
CUST002923,Nicholas,Smith,30/03/1995,Gauteng,65358.7,Employed,532.0
CUST002924,Kathryn,Newman,1957-08-31,KwaZulu-Natal,70824.55,Retired,556.0
CUST002925,John,Miller,31/05/1962,Mpumalanga,5606.13,Unemployed,652.0
CUST002926,Courtney,Smith,12-14-2001,Free State,6178.9,Self-Employed,300.0
CUST002927,Susan,Rodriguez,25 Nov 1990,Gauteng,33422.53,Retired,315.0
CUST002928,Matthew,Zimmerman,1965-04-12,Mpumalanga,41505.67,Unemployed,680.0
CUST002929,Timothy,Hart,1976-11-22,Western Cape,16084.08,Self-Employed,728.0
CUST002930,Frank,Rivera,1962-12-25,Free State,48922.88,Self-Employed,320.0
CUST002931,Brian,Holt,08/09/1985,North West,54085.2,Retired,602.0
CUST002932,David,Bryan,02 Jul 1960,North West,19018.18,Employed,844.0
CUST002933,Kenneth,Hunt,20/09/1995,Eastern Cape,77026.81,Unemployed,
CUST002934,Donald,Barr,1956-09-19,Free State,61609.76,Unemployed,650.0
CUST002935,Ronald,Hernandez,09 Jan 1987,Western Cape,31711.94,Employed,693.0
CUST002936,Jeremiah,Koch,13 Jan 1974,,26842.81,Employed,544.0
CUST002937,Nicole,Carson,17/12/1960,Eastern Cape,54456.9,Unemployed,667.0
CUST002938,Gavin,Rodriguez,13/06/1960,Western Cape,47794.54,Retired,531.0
CUST002939,Stephanie,Howard,1985-02-13,KwaZulu-Natal,36080.95,Employed,753.0
CUST002940,David,Mclean,21 Sep 1999,Free State,52819.22,Employed,609.0
CUST002941,Paula,Munoz,11 Feb 1964,Northern Cape,18735.09,Self-Employed,480.0
CUST002942,Alyssa,Greene,06 Mar 1988,Eastern Cape,,Self-Employed,429.0
CUST002943,Edward,Contreras,1970-01-16,Eastern Cape,23065.56,Employed,609.0
CUST002944,Lisa,Bailey,07-21-1960,Gauteng,8129.2,Employed,408.0
CUST002945,Sabrina,Stanley,06/05/2000,Eastern Cape,22668.28,Employed,
CUST002946,Lisa,Dawson,1959-03-26,KwaZulu-Natal,56666.5,Retired,449.0
CUST002947,Aaron,Fitzpatrick,09-14-1962,Mpumalanga,58999.73,Employed,826.0
CUST002948,Diana,Flores,04-25-1974,,40684.51,Self-Employed,
CUST002949,Jennifer,Floyd,07-13-1978,Eastern Cape,23363.79,Retired,776.0
CUST002950,Carlos,Lane,2001-08-17,Free State,27814.84,Self-Employed,
CUST002951,Joshua,Davis,2003-04-26,Free State,32895.87,Employed,382.0
CUST002952,Hunter,Cruz,23 Nov 1970,Mpumalanga,61775.62,Unemployed,481.0
CUST002953,Rodney,Steele,09 Jun 1975,Western Cape,67592.16,Employed,628.0
CUST002954,Laura,Cook,1994-01-26,Mpumalanga,68670.86,Self-Employed,435.0
CUST002955,Desiree,Sanchez,1975-08-30,Mpumalanga,48541.1,Employed,695.0
CUST002956,Tyler,Ferguson,15 Feb 1981,Mpumalanga,24308.99,Retired,426.0
CUST002957,Lori,Cruz,15/06/1983,Western Cape,34973.34,Unemployed,824.0
CUST002958,Robert,Lane,08/11/1988,North West,27528.39,Unemployed,
CUST002959,Kaitlin,Warner,1966-11-09,Eastern Cape,31600.49,Self-Employed,549.0
CUST002960,Aaron,Mcknight,1956-05-22,Eastern Cape,39706.98,Retired,689.0
CUST002961,Angela,Rosario,09/10/1999,North West,47597.5,Retired,506.0
CUST002962,Brian,Bailey,22 Apr 1996,Mpumalanga,10262.06,Self-Employed,836.0
CUST002963,Michelle,Fuentes,1969-09-17,Western Cape,58217.56,Retired,661.0
CUST002964,Douglas,Castaneda,19 Mar 2002,Mpumalanga,39202.15,Self-Employed,677.0
CUST002965,Robin,Sanchez,21/04/1995,North West,27011.81,Self-Employed,554.0
CUST002966,Brian,Taylor,09-29-2001,Mpumalanga,64985.36,Retired,566.0
CUST002967,Jane,Bennett,10-30-1956,Mpumalanga,26933.91,Unemployed,676.0
CUST002968,Tammie,Watson,1989-03-26,Free State,,Retired,432.0
CUST002969,Elizabeth,Jones,06 Oct 1995,Limpopo,79269.15,Self-Employed,355.0
CUST002970,Monica,Johnson,05/02/1973,North West,61732.44,Self-Employed,627.0
CUST002971,Christian,Jones,20 Nov 1982,Eastern Cape,75125.53,Employed,434.0
CUST002972,Lisa,Hernandez,04-28-1964,Mpumalanga,57367.83,Self-Employed,450.0
CUST002973,Julia,Adkins,02-05-1989,North West,83709.26,Employed,593.0
CUST002974,Kevin,Jenkins,05 Oct 1971,North West,15523.7,Unemployed,353.0
CUST002975,Kimberly,Dominguez,01/05/1969,Eastern Cape,47140.83,Retired,447.0
CUST002976,Eric,Ibarra,09/02/1957,North West,75406.89,Unemployed,624.0
CUST002977,Karen,Gordon,02 Feb 1956,North West,,Self-Employed,716.0
CUST002978,Marissa,Frazier,12/08/1997,Northern Cape,4849.72,Self-Employed,
CUST002979,Angela,Gallegos,1999-09-08,Northern Cape,78407.52,Unemployed,508.0
CUST002980,Warren,Fletcher,26/11/1975,Mpumalanga,58893.45,Self-Employed,715.0
CUST002981,Eric,Dudley,1980-08-06,Eastern Cape,73071.62,Unemployed,592.0
CUST002982,Tiffany,Martinez,26/09/1965,Gauteng,34322.97,Employed,416.0
CUST002983,Christine,Robinson,20/05/1964,Free State,65969.62,Self-Employed,683.0
CUST002984,Julie,Hansen,1995-12-20,Western Cape,31210.08,Retired,653.0
CUST002985,Lisa,Mcdonald,1970-08-07,Northern Cape,21947.34,Employed,592.0
CUST002986,Dawn,Wilcox,1963-06-24,Gauteng,26391.11,Retired,694.0
CUST002987,Linda,Lucas,11-30-1964,Western Cape,71607.85,Employed,581.0
CUST002988,Daniel,Miller,09/07/1984,North West,30237.36,Self-Employed,343.0
CUST002989,Melanie,Johnson,1969-02-10,Western Cape,46063.73,Unemployed,758.0
CUST002990,Amber,Jones,24 Mar 1984,Northern Cape,11842.44,Employed,458.0
CUST002991,Katherine,Parker,1982-01-18,Mpumalanga,46932.78,Self-Employed,795.0
CUST002992,Danielle,Johnson,27 Jun 1968,Western Cape,46034.53,Retired,415.0
CUST002993,Tiffany,Cunningham,17 Aug 1982,Mpumalanga,51120.97,Self-Employed,503.0
CUST002994,Kristy,Williams,1970-09-01,North West,62413.08,Unemployed,849.0
CUST002995,Sherry,Smith,07/09/1972,Free State,47899.04,Retired,635.0
CUST002996,Justin,Sanders,02/12/1964,Northern Cape,33862.06,Self-Employed,821.0
CUST002997,Karen,Swanson,24/04/2002,Mpumalanga,15933.11,Retired,643.0
CUST002998,Jacqueline,Davis,1975-02-12,Limpopo,26048.61,Retired,
CUST002999,Judith,Garcia,29/04/1994,Gauteng,45992.79,Retired,483.0
CUST003000,Edward,Matthews,28 Nov 1973,Mpumalanga,69795.08,Unemployed,371.0
CUST002909,Kimberly,Rodriguez,05-13-1991,Mpumalanga,9429.02,Employed,601.0
CUST001311,Michael,Parrish,12-08-1978,Eastern Cape,14625.45,Self-Employed,755.0
CUST002122,Christopher,Hahn,05-01-1990,Limpopo,34334.64,Employed,794.0
CUST001229,Eric,Morris,1958-01-03,KwaZulu-Natal,38830.76,Employed,785.0
CUST000978,Marcus,Johnson,22/09/1983,North West,4855.66,Unemployed,802.0
CUST002230,Eric,Simpson,1985-10-14,Gauteng,42102.82,Unemployed,471.0
CUST000781,Vincent,Cooper,29/09/1956,Free State,80280.84,Employed,519.0
CUST000032,Robert,Brown,11-19-1973,Eastern Cape,47581.26,Retired,623.0
CUST002312,Erin,Spencer,03-05-1970,Free State,78870.54,Self-Employed,797.0
CUST000513,Rachel,Wallace,13/10/1959,Limpopo,75823.09,Unemployed,567.0
CUST000033,Wendy,Rice,2002-03-06,Gauteng,55932.14,Employed,850.0
CUST000917,Adam,Ortiz,01/10/1966,Eastern Cape,49223.38,Retired,
CUST002929,Timothy,Hart,1976-11-22,Western Cape,72491.19,Self-Employed,728.0
CUST001982,Thomas,Dillon,04/12/2002,KwaZulu-Natal,68365.33,Employed,633.0
CUST001922,Brian,Dougherty,14/12/1987,Eastern Cape,41198.38,Unemployed,341.0
CUST000475,Vanessa,Spencer,23 Apr 1974,North West,14230.08,Employed,398.0
CUST002054,Joshua,Reeves,1983-07-02,Northern Cape,28045.4,Self-Employed,464.0
CUST001307,Mary,Baker,11/09/1981,Gauteng,14825.87,Unemployed,520.0
CUST002909,Kimberly,Rodriguez,05-13-1991,Mpumalanga,43198.88,Employed,601.0
CUST002065,Ebony,Henry,02-16-1968,Western Cape,78684.11,Self-Employed,716.0
CUST000813,Christopher,Johnson,05 Feb 1992,Mpumalanga,4588.29,Self-Employed,329.0
CUST002469,Elizabeth,Neal,13/09/2002,Eastern Cape,9449.02,Unemployed,822.0
CUST001813,Stephanie,Little,21 Jul 1989,Free State,77545.7,Self-Employed,564.0
CUST000600,Brenda,Sanchez,20/09/1987,Western Cape,10391.26,Self-Employed,
CUST000580,Daniel,Smith,1970-08-16,Free State,62164.4,Employed,521.0
