LoanID,CustomerID,LoanType,Amount,InterestRate,TermMonths,DisbursementDate
LOAN000001,CUST002777,Home,801845.58,24.28,180,13/06/2024
LOAN000002,CUST001924,Vehicle,439704.57,9.13,48,04/10/2025
LOAN000003,CUST001495,Personal,103289.08,19.85,48,29/12/2022
LOAN000004,CUST000167,Home,984480.99,18.07,240,24/04/2022
LOAN000005,CUST000072,Vehicle,485068.92,18.2,12,05/11/2023
LOAN000006,CUST002763,Personal,28414.15,14.11,24,02/12/2025
LOAN000007,CUST000521,Personal,118148.04,22.08,24,2022-01-09
LOAN000008,CUST001483,Home,1360403.83,19.56,120,06/02/2025
LOAN000009,CUST002624,Vehicle,139289.18,17.71,48,2025-12-01
LOAN000010,CUST002904,Home,1493568.32,21.92,360,2025-07-16
LOAN000011,CUST002296,Home,1156662.92,17.45,240,2024-10-13
LOAN000012,CUST002279,Vehicle,254857.34,23.48,48,2025-05-07
LOAN000013,CUST002016,Personal,51203.45,23.06,36,2022-05-11
LOAN000014,CUST001033,Personal,46134.77,14.19,240,22/04/2026
LOAN000015,CUST000639,Vehicle,512512.29,7.9,240,2024-02-08
LOAN000016,CUST002693,Personal,141649.63,14.59,240,24/02/2025
LOAN000017,CUST001081,Personal,117908.63,22.43,36,2024-10-08
LOAN000018,CUST000141,Vehicle,81359.14,19.49,240,2026-02-21
LOAN000019,CUST001545,Personal,84185.13,21.24,120,31/03/2023
LOAN000020,CUST000587,Personal,90438.1,16.12,24,2025-06-06
LOAN000021,CUST000961,Home,644960.96,13.07,180,27/03/2023
LOAN000022,CUST000823,Vehicle,450639.55,21.63,240,2023-05-04
LOAN000023,CUST002438,Personal,13245.34,17.74,240,2025-10-11
LOAN000024,CUST002178,Vehicle,81846.78,24.33,36,2023-09-08
LOAN000025,CUST000265,Vehicle,254679.6,13.33,36,2025-12-12
LOAN000026,CUST002893,Vehicle,199659.87,11.34,36,17/05/2025
LOAN000027,CUST002187,Home,712150.56,23.44,180,2023-06-22
LOAN000028,CUST002602,Vehicle,592223.56,14.97,120,2022-08-05
LOAN000029,CUST002857,Home,1770868.95,24.58,360,26/07/2024
LOAN000030,CUST000362,Personal,131413.17,8.13,240,07/12/2021
LOAN000031,CUST000035,Vehicle,485472.55,22.5,24,25/04/2022
LOAN000032,CUST000572,Home,1327922.48,9.15,240,2024-08-27
LOAN000033,CUST001672,Vehicle,395330.14,20.26,48,06/01/2024
LOAN000034,CUST001750,Vehicle,290878.74,15.83,48,2025-07-11
LOAN000035,CUST002175,Vehicle,546929.82,16.94,120,2022-04-08
LOAN000036,CUST000101,Home,1035151.74,9.03,240,06/11/2025
LOAN000037,CUST000754,Vehicle,169386.73,14.9,24,04/04/2024
LOAN000038,CUST001834,Home,1474920.76,18.7,180,2026-05-02
LOAN000039,CUST001900,Home,852269.9,12.57,120,2025-05-30
LOAN000040,CUST001968,Home,480493.2,15.59,360,29/12/2021
LOAN000041,CUST002249,Home,1721107.97,22.09,120,11/01/2022
LOAN000042,CUST001192,Vehicle,560624.39,9.67,120,09/02/2023
LOAN000043,CUST002387,Personal,134331.54,10.78,60,2026-02-28
LOAN000044,CUST001438,Personal,90583.54,21.44,48,12/05/2022
LOAN000045,CUST000162,Personal,99001.64,8.48,48,11/12/2022
LOAN000046,CUST002884,Personal,5632.61,18.61,60,09/05/2023
LOAN000047,CUST002566,Vehicle,412515.04,11.55,12,2022-01-02
LOAN000048,CUST001393,Personal,90499.34,18.52,24,2022-06-12
LOAN000049,CUST000701,Vehicle,98787.04,17.45,36,2025-05-13
LOAN000050,CUST000664,Home,1321235.46,11.45,180,2022-11-01
LOAN000051,CUST001575,Home,1695427.69,10.43,120,2023-11-23
LOAN000052,CUST001072,Personal,118456.56,21.17,24,29/10/2022
LOAN000053,CUST001849,Vehicle,444909.49,13.82,60,17/11/2025
LOAN000054,CUST002027,Vehicle,442588.82,22.88,36,2024-10-06
LOAN000055,CUST001506,Vehicle,571939.28,23.18,60,04/04/2022
LOAN000056,CUST001483,Home,946730.0,18.74,180,05/03/2022
LOAN000057,CUST002685,Home,861520.81,14.97,360,13/05/2024
LOAN000058,CUST002076,Home,1173992.68,10.95,240,05/10/2021
LOAN000059,CUST002683,Vehicle,568684.92,17.02,36,16/10/2025
LOAN000060,CUST001605,Vehicle,337152.18,21.94,48,16/07/2023
LOAN000061,CUST001495,Personal,27367.33,16.63,48,2025-10-13
LOAN000062,CUST001674,Vehicle,162715.42,20.92,120,2026-01-29
LOAN000063,CUST001764,Vehicle,206804.63,24.84,120,14/03/2022
LOAN000064,CUST001308,Vehicle,456511.06,21.41,36,16/05/2023
LOAN000065,CUST000677,Vehicle,219952.76,20.25,48,2025-09-21
LOAN000066,CUST002472,Personal,71393.42,20.7,240,2026-04-01
LOAN000067,CUST002418,Vehicle,463918.1,12.98,24,28/05/2023
LOAN000068,CUST000260,Vehicle,205678.34,14.84,12,02/12/2024
LOAN000069,CUST002823,Vehicle,99994.81,19.63,24,2024-01-21
LOAN000070,CUST001277,Home,339371.38,11.15,120,2022-11-10
LOAN000071,CUST002813,Personal,25194.03,19.2,120,2025-11-15
LOAN000072,CUST000771,Personal,113836.53,8.87,36,2024-12-03
LOAN000073,CUST000684,Personal,25624.25,14.48,36,2024-08-14
LOAN000074,CUST000751,Home,553278.13,21.53,360,25/09/2024
LOAN000075,CUST000789,Personal,105325.6,17.14,60,18/03/2025
LOAN000076,CUST000168,Home,1922751.88,21.39,360,2022-10-08
LOAN000077,CUST001410,Vehicle,327850.96,21.92,36,09/08/2025
LOAN000078,CUST001712,Vehicle,96250.33,9.86,240,2021-08-09
LOAN000079,CUST001025,Vehicle,183894.1,14.2,48,2025-10-05
LOAN000080,CUST002946,Personal,101831.11,20.06,48,2022-12-30
LOAN000081,CUST002105,Home,472556.19,11.98,120,2022-05-06
LOAN000082,CUST002414,Vehicle,283972.59,18.31,12,2023-07-13
LOAN000083,CUST000083,Home,442521.66,21.25,180,2021-12-04
LOAN000084,CUST000243,Vehicle,306629.83,12.91,48,2023-06-23
LOAN000085,CUST000513,Vehicle,386889.96,23.41,24,03/11/2023
LOAN000086,CUST001149,Home,1666509.33,21.1,180,2022-01-10
LOAN000087,CUST002664,Home,1745355.42,10.15,240,2023-11-10
LOAN000088,CUST002784,Home,711895.7,10.02,120,2024-09-22
LOAN000089,CUST001520,Vehicle,148907.6,15.18,36,29/12/2025
LOAN000090,CUST002419,Personal,92924.89,7.92,36,08/11/2023
LOAN000091,CUST000832,Vehicle,351095.39,18.76,120,2021-12-27
LOAN000092,CUST000157,Home,933270.67,19.43,120,2025-03-02
LOAN000093,CUST000440,Vehicle,141725.21,13.08,120,29/01/2026
LOAN000094,CUST002478,Personal,104081.39,9.7,48,07/02/2026
LOAN000095,CUST001751,Personal,136906.79,9.96,12,2025-05-06
LOAN000096,CUST000638,Vehicle,198865.77,10.23,60,2022-07-19
LOAN000097,CUST002783,Home,428377.22,15.51,180,08/03/2023
LOAN000098,CUST001849,Personal,117067.03,15.98,120,16/02/2023
LOAN000099,CUST002986,Vehicle,465052.25,8.91,240,2026-06-20
LOAN000100,CUST000025,Personal,41872.85,9.78,24,16/12/2023
LOAN000101,CUST000141,Vehicle,337070.97,22.93,60,08/01/2025
LOAN000102,CUST001638,Vehicle,389111.57,15.38,60,28/11/2023
LOAN000103,CUST002945,Personal,39472.26,21.22,60,08/12/2022
LOAN000104,CUST002198,Home,1080704.99,19.87,120,2021-10-02
LOAN000105,CUST000998,Personal,119377.11,21.94,12,2022-05-01
LOAN000106,CUST000999,Home,382395.92,11.76,120,17/11/2023
LOAN000107,CUST000963,Personal,19579.76,16.82,12,2024-09-18
LOAN000108,CUST002807,Home,595481.45,20.22,180,21/02/2023
LOAN000109,CUST000038,Vehicle,293758.81,11.63,48,2021-09-20
LOAN000110,CUST002459,Vehicle,207677.17,7.72,48,10/07/2024
LOAN000111,CUST001449,Vehicle,104009.95,9.75,12,09/06/2023
LOAN000112,CUST001871,Vehicle,582592.27,9.49,12,2026-03-04
LOAN000113,CUST000427,Home,1781314.59,10.64,240,06/05/2023
LOAN000114,CUST002393,Personal,81717.52,20.61,240,06/09/2023
LOAN000115,CUST001936,Vehicle,268951.69,9.97,60,23/11/2023
LOAN000116,CUST001753,Home,1698594.4,16.17,360,2021-10-31
LOAN000117,CUST000580,Home,1463404.06,22.23,360,2025-11-01
LOAN000118,CUST001564,Vehicle,465936.32,23.57,240,02/04/2026
LOAN000119,CUST001880,Vehicle,268997.34,9.21,24,05/12/2024
LOAN000120,CUST000891,Vehicle,166254.1,19.46,24,22/11/2022
LOAN000121,CUST001562,Vehicle,234502.07,10.56,48,10/09/2024
LOAN000122,CUST000294,Personal,110490.58,21.52,12,23/12/2021
LOAN000123,CUST000761,Personal,104208.68,12.64,36,2021-11-27
LOAN000124,CUST001703,Personal,92140.0,12.06,24,2023-07-23
LOAN000125,CUST002430,Home,941083.05,16.38,360,13/01/2023
LOAN000126,CUST000013,Personal,36385.34,7.99,24,2025-01-25
LOAN000127,CUST002827,Home,1864908.0,22.17,180,07/11/2025
LOAN000128,CUST002433,Vehicle,155382.76,9.48,120,2024-02-24
LOAN000129,CUST000264,Home,951613.02,8.26,240,10/11/2024
LOAN000130,CUST000336,Personal,59682.45,16.95,12,2022-11-04
LOAN000131,CUST000084,Personal,79466.63,9.02,24,2025-08-26
LOAN000132,CUST001968,Home,1613550.44,13.32,120,08/01/2022
LOAN000133,CUST001033,Vehicle,458133.03,21.99,120,01/01/2026
LOAN000134,CUST000661,Home,1062952.68,23.68,240,2023-04-01
LOAN000135,CUST001376,Personal,76098.22,24.69,48,09/04/2025
LOAN000136,CUST000039,Vehicle,357959.32,15.03,12,17/05/2022
LOAN000137,CUST001284,Personal,96617.17,14.57,120,2023-04-14
LOAN000138,CUST001889,Personal,149007.25,24.57,60,18/08/2023
LOAN000139,CUST000424,Home,602614.4,14.78,360,27/11/2023
LOAN000140,CUST000364,Vehicle,371487.93,17.49,12,2024-12-14
LOAN000141,CUST000220,Vehicle,417100.53,14.32,60,2022-05-10
LOAN000142,CUST002047,Vehicle,414361.01,8.84,12,28/12/2024
LOAN000143,CUST000909,Home,1461555.25,21.46,360,2023-04-24
LOAN000144,CUST002515,Home,1663961.74,22.48,360,22/12/2024
LOAN000145,CUST000994,Home,1582332.06,15.79,120,2023-06-25
LOAN000146,CUST002063,Vehicle,348262.03,11.41,36,12/08/2021
LOAN000147,CUST000507,Personal,103611.96,10.16,240,02/06/2025
LOAN000148,CUST001401,Vehicle,155659.96,9.34,36,03/07/2024
LOAN000149,CUST000274,Personal,125875.89,18.45,60,12/12/2021
LOAN000150,CUST002881,Home,1826651.51,24.75,120,2024-11-07
LOAN000151,CUST002341,Home,506574.29,17.91,180,06/08/2024
LOAN000152,CUST001304,Home,653445.63,11.57,240,27/02/2023
LOAN000153,CUST002449,Home,389626.15,14.46,360,02/06/2026
LOAN000154,CUST001485,Vehicle,441797.03,22.85,36,09/03/2026
LOAN000155,CUST002504,Personal,96297.47,18.03,120,2025-03-21
LOAN000156,CUST001347,Vehicle,483727.91,18.82,24,2025-03-10
LOAN000157,CUST002547,Home,409432.25,15.69,180,14/02/2023
LOAN000158,CUST002895,Home,1477097.99,12.61,180,2022-04-22
LOAN000159,CUST000700,Vehicle,418237.25,20.29,120,28/10/2023
LOAN000160,CUST000941,Personal,104810.09,21.61,120,2022-04-17
LOAN000161,CUST001281,Home,717577.04,12.87,360,2025-10-26
LOAN000162,CUST001100,Personal,134276.21,10.43,36,15/02/2022
LOAN000163,CUST001003,Personal,102063.3,21.57,36,04/05/2026
LOAN000164,CUST000373,Personal,106167.47,9.55,120,26/07/2023
LOAN000165,CUST002510,Vehicle,594640.56,21.47,12,16/02/2024
LOAN000166,CUST002895,Personal,49794.75,8.63,60,2021-08-01
LOAN000167,CUST001331,Home,828778.32,24.73,240,2023-10-13
LOAN000168,CUST000290,Vehicle,527240.51,7.97,120,2025-08-30
LOAN000169,CUST000145,Home,1348054.93,18.53,180,2022-03-08
LOAN000170,CUST001735,Personal,74641.31,17.94,120,2023-10-11
LOAN000171,CUST001025,Vehicle,279536.15,9.12,60,2026-05-03
LOAN000172,CUST000067,Vehicle,179774.78,22.04,120,2022-01-17
LOAN000173,CUST000010,Home,1411298.51,14.09,240,2022-08-22
LOAN000174,CUST001229,Vehicle,179484.03,19.24,240,2026-05-20
LOAN000175,CUST002158,Personal,42316.37,14.13,120,20/08/2023
LOAN000176,CUST001180,Vehicle,500353.93,10.56,240,2024-04-02
LOAN000177,CUST002272,Vehicle,402515.53,13.24,24,2022-05-20
LOAN000178,CUST000669,Home,878043.89,24.45,240,04/06/2023
LOAN000179,CUST000034,Vehicle,329394.19,11.83,120,12/04/2023
LOAN000180,CUST002462,Vehicle,249914.76,9.17,36,02/04/2026
LOAN000181,CUST000019,Home,739644.26,8.15,180,07/05/2026
LOAN000182,CUST001167,Home,1164719.86,20.37,240,27/05/2024
LOAN000183,CUST002208,Vehicle,303443.73,18.14,60,20/08/2021
LOAN000184,CUST001775,Home,1491353.57,17.67,120,2025-07-27
LOAN000185,CUST002145,Home,1843914.51,12.04,180,24/08/2021
LOAN000186,CUST002982,Personal,53824.74,13.17,48,23/12/2025
LOAN000187,CUST000393,Personal,83708.83,14.19,120,14/01/2024
LOAN000188,CUST002844,Home,1529447.66,11.11,240,01/11/2025
LOAN000189,CUST000077,Vehicle,379251.51,22.86,36,02/01/2025
LOAN000190,CUST001674,Home,328286.03,22.41,360,2024-10-04
LOAN000191,CUST000729,Home,377453.94,21.34,240,23/10/2023
LOAN000192,CUST001826,Personal,73386.19,9.66,36,2023-08-02
LOAN000193,CUST002208,Personal,52913.57,13.13,24,19/04/2023
LOAN000194,CUST002107,Home,1584468.82,24.77,240,2024-03-26
LOAN000195,CUST002347,Vehicle,348996.94,11.75,36,21/02/2024
LOAN000196,CUST001437,Vehicle,181848.42,11.34,60,2025-04-30
LOAN000197,CUST002368,Personal,116618.17,14.07,60,14/02/2022
LOAN000198,CUST001205,Personal,145191.51,18.68,240,06/06/2022
LOAN000199,CUST002148,Personal,136449.93,14.04,36,03/09/2023
LOAN000200,CUST000796,Personal,134272.37,20.5,12,2022-06-08
LOAN000201,CUST001651,Home,778140.15,16.35,240,29/06/2024
LOAN000202,CUST002762,Vehicle,134574.83,24.26,12,2024-03-27
LOAN000203,CUST000196,Personal,58763.65,15.3,120,2023-06-11
LOAN000204,CUST001891,Personal,133456.78,22.92,48,2025-09-21
LOAN000205,CUST001821,Vehicle,207401.56,16.86,48,2024-12-14
LOAN000206,CUST002001,Vehicle,555711.66,21.66,60,20/09/2023
LOAN000207,CUST002663,Home,1759773.29,11.67,240,16/12/2022
LOAN000208,CUST001828,Vehicle,264153.63,20.55,24,13/08/2024
LOAN000209,CUST001720,Personal,144533.95,17.2,48,12/02/2026
LOAN000210,CUST001726,Personal,43445.07,15.63,48,2025-10-13
LOAN000211,CUST001299,Home,896244.86,20.63,120,2026-06-18
LOAN000212,CUST000133,Vehicle,385947.49,18.69,240,2025-07-13
LOAN000213,CUST001632,Vehicle,494080.55,13.71,36,2022-01-28
LOAN000214,CUST001367,Personal,113005.45,18.89,60,05/10/2024
LOAN000215,CUST001686,Home,1921512.87,14.98,180,2024-08-06
LOAN000216,CUST000151,Vehicle,476599.66,12.03,240,2023-08-04
LOAN000217,CUST001261,Vehicle,462518.39,17.68,240,04/01/2024
LOAN000218,CUST001288,Home,1320011.97,24.79,360,2025-04-06
LOAN000219,CUST001835,Vehicle,341238.86,21.2,120,16/02/2026
LOAN000220,CUST001742,Home,830330.23,23.57,360,21/01/2022
LOAN000221,CUST002391,Vehicle,454684.55,14.66,120,02/10/2023
LOAN000222,CUST002917,Vehicle,88227.81,9.82,36,04/06/2024
LOAN000223,CUST001132,Home,1296483.73,20.0,120,2021-09-22
LOAN000224,CUST002034,Vehicle,378610.8,14.86,24,28/12/2022
LOAN000225,CUST002192,Personal,50754.13,14.85,60,2023-08-20
LOAN000226,CUST002179,Personal,41739.64,14.26,12,2022-08-30
LOAN000227,CUST001038,Home,1066814.29,15.4,120,20/10/2023
LOAN000228,CUST000011,Personal,42866.77,10.77,24,10/06/2023
LOAN000229,CUST002958,Home,1881039.16,11.43,180,12/07/2022
LOAN000230,CUST002794,Vehicle,122685.1,19.67,120,16/11/2023
LOAN000231,CUST000392,Home,1774008.94,11.05,240,2022-03-06
LOAN000232,CUST002106,Home,1446337.21,14.01,240,29/04/2026
LOAN000233,CUST002548,Home,1208669.94,23.78,180,23/01/2026
LOAN000234,CUST001408,Vehicle,366196.22,22.76,36,2023-08-07
LOAN000235,CUST000700,Vehicle,432256.65,24.4,12,08/08/2025
LOAN000236,CUST001544,Home,1182009.71,15.52,120,2025-01-10
LOAN000237,CUST001275,Personal,83015.36,16.77,24,2025-03-18
LOAN000238,CUST002183,Vehicle,460816.59,8.63,24,08/08/2021
LOAN000239,CUST001277,Home,516129.97,23.42,180,2023-05-30
LOAN000240,CUST000992,Vehicle,320921.35,24.52,240,2022-09-01
LOAN000241,CUST000634,Vehicle,112923.39,15.72,36,2022-12-17
LOAN000242,CUST000806,Home,448165.25,11.84,120,22/11/2025
LOAN000243,CUST001314,Vehicle,108066.4,11.39,12,2022-11-13
LOAN000244,CUST000361,Personal,122227.77,19.19,60,2025-09-09
LOAN000245,CUST002249,Personal,94412.64,12.77,60,23/06/2025
LOAN000246,CUST001252,Home,1560417.98,13.16,180,10/08/2023
LOAN000247,CUST000403,Personal,118547.39,9.96,60,03/10/2022
LOAN000248,CUST000094,Home,1008859.28,14.8,120,2025-12-29
LOAN000249,CUST000383,Vehicle,277878.4,7.8,60,2023-08-09
LOAN000250,CUST002194,Personal,101302.3,9.96,48,2021-08-22
LOAN000251,CUST001648,Personal,104617.04,10.47,120,27/04/2022
LOAN000252,CUST000793,Vehicle,155925.51,18.49,60,29/05/2023
LOAN000253,CUST001415,Vehicle,467792.76,17.4,12,2025-08-01
LOAN000254,CUST001441,Vehicle,567230.93,16.07,120,2025-08-07
LOAN000255,CUST000125,Vehicle,184643.11,8.31,24,08/07/2024
LOAN000256,CUST000784,Home,1346663.81,17.18,240,2023-03-20
LOAN000257,CUST000184,Personal,93458.73,13.26,120,2026-04-14
LOAN000258,CUST000066,Vehicle,572817.08,21.52,48,2026-06-14
LOAN000259,CUST001074,Home,594954.27,7.72,180,03/10/2022
LOAN000260,CUST002837,Home,747933.02,24.55,360,10/05/2026
LOAN000261,CUST002059,Personal,109112.48,24.41,120,07/07/2022
LOAN000262,CUST001594,Home,1469278.19,13.23,120,26/09/2024
LOAN000263,CUST002982,Home,674947.89,22.81,360,22/08/2025
LOAN000264,CUST000304,Home,1849248.42,11.08,180,2025-07-04
LOAN000265,CUST000362,Home,1804583.44,24.77,120,2024-05-29
LOAN000266,CUST001135,Vehicle,330637.09,19.08,60,14/03/2022
LOAN000267,CUST000850,Personal,114281.47,13.23,12,11/09/2024
LOAN000268,CUST002295,Vehicle,247779.11,10.43,24,17/05/2026
LOAN000269,CUST002308,Home,1509206.45,20.22,360,03/06/2022
LOAN000270,CUST000381,Personal,49605.7,24.16,36,05/01/2026
LOAN000271,CUST000517,Home,395702.27,18.94,180,10/02/2024
LOAN000272,CUST002568,Home,1246208.42,16.7,360,20/09/2023
LOAN000273,CUST001506,Home,1423410.2,20.97,180,2022-01-20
LOAN000274,CUST000454,Personal,81202.89,16.67,12,2025-07-04
LOAN000275,CUST001405,Personal,59159.91,14.93,60,18/01/2024
LOAN000276,CUST002029,Vehicle,551456.92,16.24,120,02/09/2024
LOAN000277,CUST001150,Home,1237828.91,17.5,240,04/06/2025
LOAN000278,CUST001957,Home,692786.71,13.11,120,17/09/2025
LOAN000279,CUST002868,Vehicle,406824.28,18.33,60,26/08/2024
LOAN000280,CUST000264,Vehicle,125232.51,19.78,120,05/11/2022
LOAN000281,CUST001818,Vehicle,562843.22,13.12,48,2024-04-14
LOAN000282,CUST001054,Vehicle,401785.69,13.32,48,26/03/2026
LOAN000283,CUST002627,Vehicle,117409.57,15.08,36,2022-07-27
LOAN000284,CUST000033,Vehicle,301919.32,23.4,120,2022-01-09
LOAN000285,CUST000250,Vehicle,342244.74,22.03,24,20/09/2023
LOAN000286,CUST001948,Personal,126382.92,18.85,60,2024-08-29
LOAN000287,CUST002218,Personal,138684.89,21.28,240,2024-06-26
LOAN000288,CUST002267,Home,1320344.06,8.35,360,13/09/2021
LOAN000289,CUST001125,Home,383835.0,7.64,120,2025-01-17
LOAN000290,CUST001367,Personal,136948.45,22.65,240,04/02/2026
LOAN000291,CUST001991,Vehicle,354031.45,9.32,48,14/12/2021
LOAN000292,CUST002400,Home,1008609.08,10.18,180,13/06/2023
LOAN000293,CUST001651,Personal,94182.87,18.51,120,2025-03-20
LOAN000294,CUST002854,Home,1369514.88,22.33,360,17/03/2022
LOAN000295,CUST002174,Vehicle,439254.45,21.79,120,19/10/2023
LOAN000296,CUST000175,Home,1365113.54,10.47,240,2024-09-02
LOAN000297,CUST002282,Home,1528513.27,11.78,180,2023-04-30
LOAN000298,CUST000366,Vehicle,246413.31,23.41,24,29/09/2022
LOAN000299,CUST001957,Personal,65433.82,18.66,48,25/12/2025
LOAN000300,CUST001969,Home,304297.07,21.94,120,2023-01-10
LOAN000301,CUST002487,Vehicle,376149.36,16.28,12,14/03/2024
LOAN000302,CUST001225,Home,416486.86,9.17,240,09/10/2022
LOAN000303,CUST001129,Vehicle,429535.85,18.29,48,2025-05-27
LOAN000304,CUST001378,Vehicle,349021.61,19.04,120,07/06/2025
LOAN000305,CUST002386,Home,1038434.22,23.12,240,10/05/2025
LOAN000306,CUST002902,Personal,57438.49,11.16,120,22/10/2024
LOAN000307,CUST000418,Personal,147678.62,13.35,48,02/12/2022
LOAN000308,CUST001089,Vehicle,81389.91,20.86,60,2026-03-02
LOAN000309,CUST001417,Home,1914084.67,11.16,120,26/08/2024
LOAN000310,CUST001365,Home,386620.45,18.7,120,15/09/2024
LOAN000311,CUST000985,Home,1603049.58,19.04,240,01/06/2024
LOAN000312,CUST001919,Vehicle,263246.76,24.24,36,27/01/2022
LOAN000313,CUST001266,Home,679526.32,9.16,360,29/10/2023
LOAN000314,CUST000974,Vehicle,425899.49,22.48,24,30/06/2024
LOAN000315,CUST001991,Home,330010.01,20.49,240,03/02/2022
LOAN000316,CUST000182,Home,1152694.69,10.2,360,15/12/2022
LOAN000317,CUST000875,Vehicle,293483.2,20.4,24,19/12/2025
LOAN000318,CUST002429,Home,331012.92,24.85,360,08/01/2022
LOAN000319,CUST002417,Vehicle,589117.72,16.01,120,2023-12-31
LOAN000320,CUST000171,Home,893809.1,16.52,240,2023-05-06
LOAN000321,CUST000503,Home,933867.62,15.53,120,2025-09-09
LOAN000322,CUST002523,Vehicle,120473.2,19.29,36,2023-06-28
LOAN000323,CUST002647,Personal,68557.77,12.19,60,2023-12-25
LOAN000324,CUST001286,Home,1491239.48,19.33,240,03/09/2021
LOAN000325,CUST000969,Vehicle,269885.93,19.06,240,05/12/2021
LOAN000326,CUST001994,Home,724977.35,24.9,360,14/04/2026
LOAN000327,CUST002004,Vehicle,389060.1,8.51,12,2021-12-10
LOAN000328,CUST000945,Personal,82426.88,21.43,24,2024-12-12
LOAN000329,CUST001918,Personal,93753.3,23.35,60,31/05/2023
LOAN000330,CUST001660,Personal,76412.34,22.31,48,2023-02-09
LOAN000331,CUST000257,Home,1612214.55,24.04,360,13/01/2026
LOAN000332,CUST000046,Vehicle,479174.84,19.06,120,17/07/2025
LOAN000333,CUST001495,Vehicle,482573.29,17.26,48,2022-06-14
LOAN000334,CUST000744,Home,1173232.47,24.01,240,13/08/2021
LOAN000335,CUST002899,Personal,135054.38,21.04,36,2022-06-12
LOAN000336,CUST002390,Personal,133521.61,9.3,48,2024-05-10
LOAN000337,CUST001081,Vehicle,497179.02,18.4,12,2024-07-20
LOAN000338,CUST002399,Home,1668676.82,16.01,120,2021-09-20
LOAN000339,CUST001850,Home,1770749.64,24.27,240,14/05/2026
LOAN000340,CUST001148,Home,1490113.0,12.48,240,2026-06-15
LOAN000341,CUST002852,Personal,80511.93,13.46,120,2023-12-12
LOAN000342,CUST000592,Home,618886.41,8.51,240,2024-08-02
LOAN000343,CUST002102,Vehicle,574634.23,12.74,48,2024-04-03
LOAN000344,CUST001066,Vehicle,338260.64,14.15,12,2022-05-06
LOAN000345,CUST000813,Personal,9045.69,11.73,24,19/03/2025
LOAN000346,CUST000849,Personal,135413.03,23.36,60,2026-02-15
LOAN000347,CUST001920,Personal,5234.82,23.3,36,2022-07-07
LOAN000348,CUST001784,Vehicle,423928.13,9.39,48,2021-09-17
LOAN000349,CUST001725,Home,1558786.43,18.88,360,2021-09-05
LOAN000350,CUST001155,Vehicle,339473.58,16.99,12,31/01/2024
LOAN000351,CUST002353,Vehicle,340522.01,11.37,240,2022-04-25
LOAN000352,CUST001641,Vehicle,420257.49,11.97,240,30/10/2025
LOAN000353,CUST001323,Home,1300997.96,19.99,120,2022-02-17
LOAN000354,CUST002332,Vehicle,554095.82,8.08,240,19/08/2022
LOAN000355,CUST000469,Vehicle,254872.4,19.77,120,06/03/2023
LOAN000356,CUST002289,Vehicle,463444.33,17.49,36,2022-08-24
LOAN000357,CUST001894,Home,541742.57,12.32,120,2025-02-22
LOAN000358,CUST002985,Home,413873.99,9.91,360,10/03/2026
LOAN000359,CUST002341,Personal,63221.72,20.29,48,2022-11-18
LOAN000360,CUST000043,Vehicle,492186.99,9.96,60,2023-12-08
LOAN000361,CUST001221,Personal,117041.88,10.84,60,2026-04-03
LOAN000362,CUST000346,Personal,64196.78,15.85,36,13/04/2023
LOAN000363,CUST000501,Home,670042.67,7.95,240,2024-04-12
LOAN000364,CUST000617,Vehicle,500059.73,23.35,12,2023-01-05
LOAN000365,CUST002388,Personal,17583.18,19.79,120,2025-03-26
LOAN000366,CUST002019,Personal,54136.84,23.66,12,2024-01-02
LOAN000367,CUST000234,Home,626817.49,23.04,360,02/02/2024
LOAN000368,CUST001352,Personal,23787.57,9.12,12,14/07/2023
LOAN000369,CUST000856,Home,694160.38,11.66,240,07/07/2022
LOAN000370,CUST001654,Vehicle,315843.67,15.46,240,01/06/2022
LOAN000371,CUST002927,Personal,6361.54,23.7,120,11/12/2024
LOAN000372,CUST001936,Vehicle,518234.44,20.73,120,2025-12-06
LOAN000373,CUST002960,Personal,37740.75,20.12,120,13/12/2022
LOAN000374,CUST000002,Home,748846.27,12.76,120,01/07/2023
LOAN000375,CUST002972,Vehicle,444472.95,21.45,48,2024-06-08
LOAN000376,CUST001186,Vehicle,90157.54,10.32,36,2025-05-03
LOAN000377,CUST002375,Home,1742807.03,20.0,240,05/02/2023
LOAN000378,CUST002360,Home,499523.91,15.72,360,21/06/2025
LOAN000379,CUST001890,Home,1445138.56,10.11,240,04/04/2026
LOAN000380,CUST001384,Personal,29130.81,12.17,60,2023-12-19
LOAN000381,CUST001558,Personal,89095.65,16.69,120,28/11/2025
LOAN000382,CUST002986,Vehicle,277057.17,17.9,60,26/08/2023
LOAN000383,CUST001952,Personal,36680.16,8.09,60,29/03/2025
LOAN000384,CUST002680,Home,1046355.88,11.07,120,31/07/2025
LOAN000385,CUST001819,Personal,59556.04,8.71,120,2024-08-18
LOAN000386,CUST000533,Personal,142221.11,17.14,12,21/07/2024
LOAN000387,CUST000688,Personal,32177.55,12.5,120,2023-09-05
LOAN000388,CUST000587,Personal,32925.89,11.25,240,2024-05-10
LOAN000389,CUST001548,Home,338348.03,17.35,120,29/05/2023
LOAN000390,CUST002681,Vehicle,287389.86,9.77,36,04/09/2024
LOAN000391,CUST000371,Home,966039.25,9.88,240,18/11/2021
LOAN000392,CUST001086,Personal,74947.16,11.92,48,22/05/2022
LOAN000393,CUST000477,Home,1625783.05,24.24,120,2021-09-24
LOAN000394,CUST002169,Home,895107.46,21.46,180,30/01/2024
LOAN000395,CUST001496,Personal,146291.85,13.29,24,2024-06-14
LOAN000396,CUST002230,Home,1950577.18,14.41,360,2023-01-04
LOAN000397,CUST001021,Personal,38159.31,22.95,12,19/08/2025
LOAN000398,CUST002295,Personal,135784.84,14.48,36,27/09/2024
LOAN000399,CUST001934,Personal,142955.98,17.35,60,25/04/2026
LOAN000400,CUST002866,Personal,138354.41,8.83,240,2023-04-19
LOAN000401,CUST001942,Home,1655246.04,23.43,120,17/09/2021
LOAN000402,CUST002220,Home,1026087.5,17.19,180,2022-06-14
LOAN000403,CUST002159,Home,851108.37,15.99,180,25/02/2023
LOAN000404,CUST002993,Vehicle,156512.58,19.74,24,2025-06-16
LOAN000405,CUST000274,Personal,109857.98,14.43,36,29/04/2023
LOAN000406,CUST001103,Vehicle,115438.41,14.56,240,2021-12-03
LOAN000407,CUST000701,Home,1557526.46,14.56,240,18/10/2024
LOAN000408,CUST000227,Home,1702902.3,15.87,360,25/05/2023
LOAN000409,CUST000055,Home,1884407.49,17.47,180,26/05/2025
LOAN000410,CUST000886,Vehicle,203711.99,14.42,60,2022-03-02
LOAN000411,CUST002435,Home,449471.72,10.17,360,2023-02-18
LOAN000412,CUST002049,Home,755414.87,19.74,240,14/08/2021
LOAN000413,CUST002034,Personal,18869.8,18.1,48,08/03/2023
LOAN000414,CUST000536,Vehicle,262206.73,8.3,60,2023-11-09
LOAN000415,CUST000612,Vehicle,203902.97,24.37,120,24/06/2025
LOAN000416,CUST001953,Personal,125544.4,17.69,240,2025-12-27
LOAN000417,CUST001524,Vehicle,581626.59,23.41,120,2024-04-30
LOAN000418,CUST000342,Personal,67256.67,12.41,48,2023-06-18
LOAN000419,CUST001240,Personal,136085.47,19.61,48,2024-07-11
LOAN000420,CUST002388,Home,808345.43,14.67,180,28/02/2024
LOAN000421,CUST002839,Personal,55144.92,8.72,24,26/01/2022
LOAN000422,CUST002981,Vehicle,491697.55,15.32,48,07/12/2022
LOAN000423,CUST001217,Vehicle,538571.62,10.83,36,22/07/2024
LOAN000424,CUST002126,Personal,96301.36,16.12,48,29/11/2025
LOAN000425,CUST000913,Home,873849.36,23.06,240,2025-10-18
LOAN000426,CUST001107,Personal,93940.58,23.65,24,2021-12-07
LOAN000427,CUST000208,Vehicle,382214.83,18.4,48,2025-12-16
LOAN000428,CUST001979,Vehicle,297854.11,11.47,36,22/08/2023
LOAN000429,CUST002843,Personal,46757.66,22.0,240,2025-04-14
LOAN000430,CUST002456,Home,561442.53,11.52,360,2023-02-17
LOAN000431,CUST000411,Vehicle,407355.11,19.31,12,2023-02-21
LOAN000432,CUST000756,Home,1905178.64,21.76,360,15/07/2022
LOAN000433,CUST001725,Home,739661.92,17.45,240,2025-07-07
LOAN000434,CUST000913,Personal,96949.49,11.28,60,08/01/2024
LOAN000435,CUST000671,Vehicle,313155.06,10.25,36,2026-06-09
LOAN000436,CUST001972,Vehicle,435883.78,21.2,120,2023-08-21
LOAN000437,CUST001767,Home,1311718.41,20.88,180,2022-03-05
LOAN000438,CUST000044,Vehicle,202864.36,8.24,36,2022-05-29
LOAN000439,CUST000228,Personal,92741.51,15.02,120,05/03/2023
LOAN000440,CUST001850,Home,1729208.79,16.26,180,2023-06-13
LOAN000441,CUST002927,Vehicle,422502.53,23.53,12,2024-05-26
LOAN000442,CUST002966,Vehicle,336208.84,19.77,24,2022-12-20
LOAN000443,CUST002339,Vehicle,501940.89,11.41,36,2024-09-24
LOAN000444,CUST001136,Home,1462646.83,13.06,120,2025-10-11
LOAN000445,CUST001421,Vehicle,175276.85,10.54,120,05/06/2026
LOAN000446,CUST002093,Vehicle,183026.57,9.22,240,2026-01-19
LOAN000447,CUST002577,Personal,7855.6,23.13,24,2022-12-19
LOAN000448,CUST000733,Personal,31214.33,10.15,240,15/09/2025
LOAN000449,CUST000645,Home,1269096.72,8.46,360,2023-07-19
LOAN000450,CUST001019,Home,1856952.69,21.79,180,21/12/2025
LOAN000451,CUST001329,Personal,123733.77,16.8,36,30/01/2026
LOAN000452,CUST000215,Personal,121575.91,12.26,120,2021-10-04
LOAN000453,CUST001252,Vehicle,572077.73,8.74,48,2024-09-26
LOAN000454,CUST002092,Home,1754946.58,21.43,180,2021-11-27
LOAN000455,CUST001415,Home,428125.12,23.22,180,12/01/2022
LOAN000456,CUST000281,Vehicle,241231.4,18.23,36,07/07/2025
LOAN000457,CUST002033,Personal,53311.33,24.02,36,14/02/2025
LOAN000458,CUST001138,Home,595252.0,14.63,180,2022-12-01
LOAN000459,CUST002750,Home,997879.46,19.15,120,10/04/2025
LOAN000460,CUST000004,Vehicle,84814.23,15.47,240,2023-07-15
LOAN000461,CUST002052,Home,561532.65,21.57,360,20/04/2024
LOAN000462,CUST000884,Vehicle,239157.41,19.55,120,08/02/2023
LOAN000463,CUST000156,Personal,137371.07,9.4,60,2024-07-30
LOAN000464,CUST000887,Home,1009916.28,17.94,120,02/07/2023
LOAN000465,CUST000157,Vehicle,359732.43,12.39,24,28/12/2024
LOAN000466,CUST001670,Vehicle,368528.55,24.32,12,20/10/2023
LOAN000467,CUST001447,Vehicle,354269.96,23.73,120,2025-09-28
LOAN000468,CUST002281,Home,1423425.22,16.83,360,2026-04-28
LOAN000469,CUST002927,Home,1190809.19,16.0,180,2022-03-01
LOAN000470,CUST001190,Vehicle,430079.37,15.29,240,2023-05-28
LOAN000471,CUST002979,Home,1013957.44,20.11,180,2024-08-09
LOAN000472,CUST002452,Vehicle,393903.43,17.66,60,16/09/2021
LOAN000473,CUST000838,Personal,98023.77,14.66,60,2021-10-19
LOAN000474,CUST001553,Home,747840.3,16.67,360,13/08/2021
LOAN000475,CUST000414,Home,1776275.43,8.96,360,30/01/2022
LOAN000476,CUST001648,Home,896860.29,11.11,240,26/02/2023
LOAN000477,CUST002687,Personal,139288.61,15.14,120,2024-12-12
LOAN000478,CUST001756,Personal,109365.08,13.26,36,2023-09-16
LOAN000479,CUST000076,Personal,116726.9,19.28,24,2022-05-27
LOAN000480,CUST001703,Home,1247256.17,9.37,180,04/07/2022
LOAN000481,CUST001076,Vehicle,523099.24,19.07,24,2026-01-02
LOAN000482,CUST001402,Home,793123.01,12.65,120,2023-05-19
LOAN000483,CUST002256,Vehicle,426220.15,22.17,60,03/01/2026
LOAN000484,CUST001270,Home,702732.64,14.07,180,08/06/2026
LOAN000485,CUST002156,Personal,6912.49,11.32,24,2026-02-28
LOAN000486,CUST002520,Personal,9336.76,12.85,24,2025-11-01
LOAN000487,CUST002328,Personal,76299.2,17.36,48,04/11/2022
LOAN000488,CUST002840,Home,1002630.91,10.89,360,2025-06-05
LOAN000489,CUST001853,Vehicle,155541.51,21.04,24,10/02/2022
LOAN000490,CUST001176,Personal,5605.75,8.18,24,24/03/2026
LOAN000491,CUST000756,Vehicle,587308.81,13.75,12,07/12/2021
LOAN000492,CUST002577,Vehicle,216445.15,10.39,60,2023-03-09
LOAN000493,CUST000737,Home,984329.79,11.28,120,2024-07-31
LOAN000494,CUST002391,Home,799651.91,17.19,120,2025-07-25
LOAN000495,CUST002260,Home,538909.61,21.6,240,23/11/2022
LOAN000496,CUST002843,Home,325182.38,17.16,240,28/05/2022
LOAN000497,CUST001891,Vehicle,456577.19,11.58,24,2022-03-30
LOAN000498,CUST002184,Home,684818.4,8.05,120,2023-10-31
LOAN000499,CUST000498,Home,1373207.36,18.01,240,2022-03-09
LOAN000500,CUST001861,Vehicle,124340.28,23.69,36,2025-10-21
LOAN000501,CUST002377,Vehicle,512026.02,21.49,240,2025-04-09
LOAN000502,CUST002455,Vehicle,577334.8,9.99,120,07/12/2025
LOAN000503,CUST001186,Vehicle,427921.96,8.6,24,2026-04-26
LOAN000504,CUST002113,Personal,42965.88,9.3,12,2023-08-07
LOAN000505,CUST000642,Home,1971564.81,12.98,180,2023-10-06
LOAN000506,CUST000158,Home,1436477.99,16.24,360,02/03/2022
LOAN000507,CUST001857,Personal,88016.07,9.24,48,29/02/2024
LOAN000508,CUST001449,Vehicle,134374.56,20.77,240,29/05/2024
LOAN000509,CUST001344,Home,512743.57,19.01,360,26/10/2024
LOAN000510,CUST000912,Vehicle,457334.83,11.24,12,15/05/2026
LOAN000511,CUST000016,Home,1366558.95,18.01,360,2023-02-24
LOAN000512,CUST001184,Personal,93226.5,9.05,60,28/02/2025
LOAN000513,CUST001748,Home,1716874.65,20.71,180,04/09/2022
LOAN000514,CUST001425,Home,411124.97,16.01,120,12/11/2022
LOAN000515,CUST002469,Personal,17700.42,14.57,60,09/01/2023
LOAN000516,CUST000154,Home,460855.86,14.26,360,21/12/2021
LOAN000517,CUST001901,Personal,13907.76,17.93,48,24/04/2024
LOAN000518,CUST001034,Vehicle,387289.85,16.49,60,10/11/2025
LOAN000519,CUST000220,Personal,135236.55,23.53,12,23/10/2024
LOAN000520,CUST002679,Home,422087.19,15.86,180,08/03/2025
LOAN000521,CUST001820,Vehicle,594919.82,16.68,12,2022-07-30
LOAN000522,CUST000214,Personal,69140.71,24.77,240,13/12/2021
LOAN000523,CUST000353,Vehicle,219385.75,23.94,36,07/05/2026
LOAN000524,CUST000956,Home,1018885.91,19.08,180,11/11/2021
LOAN000525,CUST001533,Vehicle,444691.44,23.86,36,2021-08-18
LOAN000526,CUST000865,Vehicle,433447.13,20.15,240,18/08/2022
LOAN000527,CUST002529,Personal,136496.37,19.59,36,2025-08-04
LOAN000528,CUST002940,Home,1965909.44,9.44,360,28/06/2022
LOAN000529,CUST002327,Vehicle,597113.8,22.62,24,29/01/2022
LOAN000530,CUST000624,Vehicle,337561.16,23.67,120,2022-08-04
LOAN000531,CUST001350,Vehicle,519814.71,24.37,48,2024-06-21
LOAN000532,CUST001857,Vehicle,502276.46,19.05,60,29/02/2024
LOAN000533,CUST000823,Vehicle,205541.53,21.26,60,15/10/2025
LOAN000534,CUST001491,Vehicle,303818.97,17.23,36,2025-04-22
LOAN000535,CUST000486,Home,1702086.1,22.83,180,2023-02-06
LOAN000536,CUST001520,Home,341645.95,20.55,180,19/10/2023
LOAN000537,CUST000064,Home,1693337.49,9.27,360,28/04/2022
LOAN000538,CUST000946,Vehicle,267521.99,17.93,12,2024-01-18
LOAN000539,CUST002967,Home,1108241.36,16.91,120,23/01/2026
LOAN000540,CUST000517,Home,1291425.07,18.02,240,2022-08-23
LOAN000541,CUST000030,Home,1870658.13,8.33,120,2023-05-10
LOAN000542,CUST001738,Personal,101747.24,8.78,36,2026-05-13
LOAN000543,CUST002554,Vehicle,489646.28,18.41,240,2025-11-01
LOAN000544,CUST002278,Personal,142396.03,16.41,120,2024-02-03
LOAN000545,CUST002558,Vehicle,275243.36,8.39,60,27/05/2025
LOAN000546,CUST001081,Home,1445551.45,19.08,120,2022-06-28
LOAN000547,CUST002573,Home,1904690.39,24.76,180,07/12/2022
LOAN000548,CUST002173,Home,419352.39,17.02,120,2022-05-17
LOAN000549,CUST001178,Personal,64545.8,9.62,48,28/01/2023
LOAN000550,CUST000120,Personal,97520.87,10.21,240,05/11/2025
LOAN000551,CUST001735,Home,1473472.45,16.32,180,03/10/2024
LOAN000552,CUST001122,Vehicle,520760.68,7.76,48,2022-04-16
LOAN000553,CUST000935,Personal,37672.59,18.96,60,16/11/2025
LOAN000554,CUST001648,Personal,119317.13,21.51,120,2025-03-25
LOAN000555,CUST002479,Personal,60177.47,22.22,36,01/10/2022
LOAN000556,CUST001054,Personal,140760.95,11.99,48,18/12/2025
LOAN000557,CUST002989,Personal,121208.05,16.93,120,2022-06-27
LOAN000558,CUST001746,Personal,15785.9,11.98,12,2021-09-15
LOAN000559,CUST002878,Home,1114134.75,13.55,240,2024-10-27
LOAN000560,CUST002174,Vehicle,166787.72,15.83,48,2023-10-17
LOAN000561,CUST002922,Personal,138732.68,20.2,12,15/11/2022
LOAN000562,CUST001626,Personal,72854.5,14.38,120,2026-02-15
LOAN000563,CUST000028,Personal,26134.36,10.55,60,24/12/2021
LOAN000564,CUST000932,Home,1302043.3,20.05,360,2023-09-09
LOAN000565,CUST001419,Vehicle,523411.76,8.67,36,2022-04-22
LOAN000566,CUST001964,Home,758034.99,19.25,120,14/01/2024
LOAN000567,CUST001610,Home,1507822.8,24.17,240,24/01/2024
LOAN000568,CUST002992,Home,572531.55,22.29,240,2021-10-29
LOAN000569,CUST001021,Personal,9441.24,8.06,48,2022-11-27
LOAN000570,CUST000571,Vehicle,596997.67,16.4,60,2022-01-17
LOAN000571,CUST002137,Personal,120908.8,16.63,120,2024-10-03
LOAN000572,CUST001191,Personal,97318.12,16.98,36,2025-03-02
LOAN000573,CUST000093,Personal,5387.06,17.08,48,2023-08-24
LOAN000574,CUST002935,Vehicle,116064.47,10.29,120,05/01/2023
LOAN000575,CUST002993,Personal,96238.44,13.19,120,19/07/2023
LOAN000576,CUST000133,Personal,104242.53,16.43,12,27/06/2024
LOAN000577,CUST000709,Vehicle,147026.93,11.12,48,2024-03-03
LOAN000578,CUST000986,Personal,35421.57,13.11,24,2023-12-30
LOAN000579,CUST002743,Vehicle,446802.5,12.23,24,2023-09-13
LOAN000580,CUST002353,Vehicle,252064.9,9.5,24,01/12/2024
LOAN000581,CUST000459,Vehicle,95670.65,22.66,60,29/09/2024
LOAN000582,CUST001580,Personal,22975.34,22.05,60,14/04/2026
LOAN000583,CUST001042,Vehicle,187297.48,14.0,12,24/08/2022
LOAN000584,CUST002377,Personal,141715.77,15.58,36,2021-10-29
LOAN000585,CUST000113,Vehicle,461878.01,9.24,60,2021-09-28
LOAN000586,CUST002113,Home,542592.18,7.56,180,2022-11-16
LOAN000587,CUST002680,Home,909730.14,18.11,120,21/11/2021
LOAN000588,CUST000800,Vehicle,131332.05,9.63,120,2022-01-23
LOAN000589,CUST000546,Vehicle,207161.97,19.0,24,2022-09-05
LOAN000590,CUST002605,Home,1232021.82,12.79,360,13/08/2024
LOAN000591,CUST002036,Home,1922899.88,24.81,240,2025-02-01
LOAN000592,CUST000437,Home,1449815.71,9.01,120,30/06/2023
LOAN000593,CUST000744,Personal,123475.35,15.56,240,2022-01-24
LOAN000594,CUST000975,Home,440175.25,7.85,120,05/03/2025
LOAN000595,CUST001929,Vehicle,447483.3,9.55,60,22/11/2025
LOAN000596,CUST000730,Personal,120894.54,18.1,24,2022-11-20
LOAN000597,CUST002707,Home,858410.52,20.22,240,2022-07-30
LOAN000598,CUST001316,Personal,52267.82,15.24,48,2025-06-06
LOAN000599,CUST002246,Personal,103689.82,11.39,240,11/04/2023
LOAN000600,CUST001332,Home,1951661.98,20.85,240,2022-12-25
LOAN000601,CUST001461,Personal,149611.45,24.34,240,01/07/2024
LOAN000602,CUST000744,Personal,120708.86,9.52,24,2025-03-05
LOAN000603,CUST000032,Personal,59942.77,23.43,12,2022-01-11
LOAN000604,CUST000029,Home,1457289.82,19.45,180,16/01/2024
LOAN000605,CUST002993,Home,479906.52,22.07,180,04/01/2025
LOAN000606,CUST002595,Vehicle,145855.83,23.27,12,29/11/2023
LOAN000607,CUST000903,Vehicle,487235.8,11.18,240,25/01/2023
LOAN000608,CUST000597,Vehicle,263438.24,16.43,240,10/01/2026
LOAN000609,CUST000962,Vehicle,478834.35,24.36,240,27/09/2022
LOAN000610,CUST002643,Home,386954.24,7.57,120,2023-02-12
LOAN000611,CUST001134,Home,1346310.1,12.94,240,27/11/2021
LOAN000612,CUST002382,Home,1744998.33,23.26,360,2022-06-27
LOAN000613,CUST001167,Vehicle,481016.19,18.88,36,29/12/2025
LOAN000614,CUST000127,Home,1988974.53,23.8,360,06/04/2022
LOAN000615,CUST002113,Personal,54427.97,13.23,60,2021-08-17
LOAN000616,CUST001491,Home,1496872.71,16.31,360,25/11/2023
LOAN000617,CUST001707,Home,679046.16,19.09,240,2023-03-18
LOAN000618,CUST002774,Home,826031.06,8.18,240,2022-06-09
LOAN000619,CUST001909,Personal,149431.41,15.6,120,12/11/2022
LOAN000620,CUST002694,Personal,132623.41,7.94,36,2021-12-11
LOAN000621,CUST000782,Home,670450.41,10.93,180,27/11/2024
LOAN000622,CUST000533,Home,1837122.97,24.1,240,06/10/2025
LOAN000623,CUST000567,Vehicle,196588.33,23.68,240,27/06/2024
LOAN000624,CUST000487,Home,1079621.28,12.45,240,03/05/2026
LOAN000625,CUST001007,Personal,43059.85,12.16,24,07/06/2024
LOAN000626,CUST002397,Personal,47342.78,11.73,12,20/12/2023
LOAN000627,CUST000610,Home,1481263.19,8.14,120,13/10/2022
LOAN000628,CUST001088,Personal,73188.21,23.8,36,07/02/2022
LOAN000629,CUST000656,Vehicle,283646.53,9.38,240,2025-08-05
LOAN000630,CUST003000,Vehicle,156686.97,20.65,120,2024-05-10
LOAN000631,CUST000692,Home,1043919.09,22.63,180,2026-06-09
LOAN000632,CUST001718,Vehicle,280825.71,17.2,36,04/09/2025
LOAN000633,CUST001394,Personal,102323.52,17.6,36,2024-02-24
LOAN000634,CUST002047,Personal,145581.16,16.17,12,22/05/2022
LOAN000635,CUST002362,Personal,38652.59,20.08,24,2022-04-15
LOAN000636,CUST002844,Home,998801.87,20.41,180,2022-01-10
LOAN000637,CUST001738,Home,1525483.61,22.98,180,2023-01-24
LOAN000638,CUST001535,Personal,142307.17,24.01,48,2025-03-09
LOAN000639,CUST000098,Home,1614540.18,23.47,360,2023-10-17
LOAN000640,CUST001036,Home,593493.87,12.88,180,2025-03-07
LOAN000641,CUST001567,Home,1108559.61,10.67,120,2026-06-08
LOAN000642,CUST000948,Vehicle,472552.78,17.73,240,2022-10-31
LOAN000643,CUST002497,Vehicle,276520.72,10.05,120,2023-12-17
LOAN000644,CUST000173,Home,1116652.7,22.57,360,2023-05-11
LOAN000645,CUST000745,Personal,79081.64,15.4,36,2021-08-19
LOAN000646,CUST000683,Home,1251421.65,23.0,360,2023-04-20
LOAN000647,CUST002842,Personal,63033.26,20.5,60,2025-01-22
LOAN000648,CUST000218,Personal,147223.36,23.19,60,13/12/2025
LOAN000649,CUST001109,Home,921647.22,16.04,180,2025-05-17
LOAN000650,CUST001087,Vehicle,90115.29,15.16,48,12/10/2025
LOAN000651,CUST002847,Home,1083754.29,11.86,360,02/01/2026
LOAN000652,CUST002855,Vehicle,309589.79,19.66,240,30/06/2024
LOAN000653,CUST001778,Home,1095774.62,9.0,120,13/02/2022
LOAN000654,CUST002453,Personal,84134.6,9.87,240,2024-12-09
LOAN000655,CUST001054,Home,421041.39,9.58,360,2025-02-23
LOAN000656,CUST001738,Personal,54532.02,8.08,60,01/09/2021
LOAN000657,CUST000305,Vehicle,85498.72,19.51,24,19/05/2026
LOAN000658,CUST002605,Home,1102315.08,8.62,240,11/10/2025
LOAN000659,CUST001076,Vehicle,537660.99,9.82,240,22/10/2024
LOAN000660,CUST001634,Personal,147532.33,21.28,240,2022-04-06
LOAN000661,CUST002279,Vehicle,369310.79,7.84,36,06/01/2024
LOAN000662,CUST002966,Personal,139989.49,19.42,60,08/10/2022
LOAN000663,CUST002968,Personal,58217.76,24.01,12,18/03/2025
LOAN000664,CUST002999,Home,684351.06,15.2,240,10/05/2026
LOAN000665,CUST002744,Home,1401798.4,8.43,120,2023-05-02
LOAN000666,CUST002771,Personal,10073.22,15.66,12,2025-03-24
LOAN000667,CUST001525,Home,915605.12,8.34,120,09/07/2022
LOAN000668,CUST000941,Vehicle,436760.33,19.74,120,2026-04-06
LOAN000669,CUST001493,Personal,16876.72,23.24,48,15/09/2024
LOAN000670,CUST002622,Home,1446546.13,11.5,240,25/04/2026
LOAN000671,CUST001043,Home,1572400.88,21.97,240,2025-11-18
LOAN000672,CUST002741,Home,1427281.24,18.78,240,2024-11-26
LOAN000673,CUST001806,Home,783162.86,12.58,180,27/12/2025
LOAN000674,CUST002510,Personal,135566.21,20.85,240,11/10/2023
LOAN000675,CUST001554,Home,972298.44,16.78,360,13/04/2026
LOAN000676,CUST001876,Personal,126434.99,12.74,12,2024-02-27
LOAN000677,CUST001127,Home,1346140.9,12.25,120,2022-11-14
LOAN000678,CUST001642,Vehicle,494421.16,10.47,60,2024-11-27
LOAN000679,CUST002529,Vehicle,251964.53,17.55,60,07/12/2025
LOAN000680,CUST001808,Personal,31485.32,20.32,24,2023-06-28
LOAN000681,CUST002123,Personal,135697.52,13.97,120,2023-08-14
LOAN000682,CUST002269,Vehicle,546475.19,19.13,60,16/06/2026
LOAN000683,CUST002363,Vehicle,206236.69,14.67,240,2023-02-01
LOAN000684,CUST001127,Personal,123716.47,19.56,120,2021-10-07
LOAN000685,CUST000635,Personal,133288.71,13.52,36,15/02/2024
LOAN000686,CUST002240,Vehicle,522812.34,21.88,36,03/04/2023
LOAN000687,CUST001155,Vehicle,153271.29,15.69,12,30/07/2024
LOAN000688,CUST001208,Vehicle,238624.49,10.54,12,2023-09-12
LOAN000689,CUST002795,Home,1119024.25,15.76,240,2023-10-21
LOAN000690,CUST002193,Personal,43026.32,8.33,36,30/04/2026
LOAN000691,CUST001827,Home,1356541.09,22.54,360,18/06/2025
LOAN000692,CUST002220,Vehicle,401702.85,16.63,60,26/12/2022
LOAN000693,CUST001208,Home,859962.01,24.32,360,2026-05-03
LOAN000694,CUST002958,Home,1860714.42,23.78,180,2024-01-08
LOAN000695,CUST000746,Home,1858796.68,19.6,360,08/12/2024
LOAN000696,CUST001544,Vehicle,382341.96,23.09,36,2023-11-10
LOAN000697,CUST001207,Personal,27212.73,15.83,36,2022-04-21
LOAN000698,CUST001476,Home,1437435.59,14.63,120,28/04/2026
LOAN000699,CUST001907,Personal,107261.39,7.99,12,19/08/2024
LOAN000700,CUST000419,Home,1181382.09,14.09,180,2024-10-31
LOAN000701,CUST000217,Vehicle,235744.71,11.21,24,22/01/2023
LOAN000702,CUST002016,Vehicle,418295.31,8.67,240,26/12/2022
LOAN000703,CUST001443,Vehicle,317415.5,14.78,240,2025-07-02
LOAN000704,CUST002014,Personal,23858.48,16.97,12,2021-08-23
LOAN000705,CUST001705,Vehicle,494932.07,8.85,48,07/10/2021
LOAN000706,CUST000949,Home,1168117.01,13.65,360,16/12/2022
LOAN000707,CUST002575,Vehicle,563648.0,22.37,24,2024-06-25
LOAN000708,CUST001773,Home,1894840.77,17.66,360,29/10/2021
LOAN000709,CUST001271,Vehicle,451670.66,10.56,60,2023-01-26
LOAN000710,CUST001345,Vehicle,313483.91,10.18,12,2023-09-07
LOAN000711,CUST002214,Personal,102128.08,17.17,60,24/10/2024
LOAN000712,CUST000653,Personal,119937.06,23.47,120,2021-07-27
LOAN000713,CUST001813,Home,1189022.29,23.67,180,20/10/2022
LOAN000714,CUST001385,Vehicle,361620.84,10.74,120,2023-04-16
LOAN000715,CUST000613,Vehicle,95111.33,7.61,24,17/12/2022
LOAN000716,CUST000030,Home,1712975.12,14.58,120,2025-10-16
LOAN000717,CUST002608,Personal,43564.17,19.75,240,02/11/2024
LOAN000718,CUST000529,Personal,54607.85,22.44,120,07/05/2025
LOAN000719,CUST000873,Home,1604075.86,13.41,240,30/04/2022
LOAN000720,CUST001894,Vehicle,569589.52,11.34,240,2021-12-27
LOAN000721,CUST001279,Personal,84858.87,19.84,12,24/11/2022
LOAN000722,CUST001190,Personal,115678.82,23.3,36,2026-06-19
LOAN000723,CUST000159,Vehicle,591193.27,12.6,120,2022-07-14
LOAN000724,CUST001474,Home,1248459.91,21.22,120,11/06/2024
LOAN000725,CUST000954,Vehicle,532111.41,16.68,48,18/12/2021
LOAN000726,CUST002749,Home,804933.95,15.0,240,2022-08-23
LOAN000727,CUST000668,Personal,32174.79,12.43,120,23/11/2023
LOAN000728,CUST002701,Home,1860633.63,22.27,120,2023-04-24
LOAN000729,CUST002429,Personal,103221.58,19.29,240,23/07/2025
LOAN000730,CUST002274,Personal,66153.14,17.85,120,2024-09-12
LOAN000731,CUST001004,Personal,17345.77,17.52,240,2023-08-24
LOAN000732,CUST001540,Vehicle,342368.36,10.0,12,2026-04-28
LOAN000733,CUST000311,Personal,56598.79,8.16,60,2022-01-18
LOAN000734,CUST000810,Personal,58066.42,13.17,240,07/11/2022
LOAN000735,CUST001888,Personal,23748.56,8.73,60,19/01/2023
LOAN000736,CUST002855,Home,1033538.78,23.45,360,04/02/2023
LOAN000737,CUST001507,Home,879065.22,7.94,240,04/05/2024
LOAN000738,CUST002307,Home,707983.84,19.86,180,2024-11-27
LOAN000739,CUST000305,Home,1173708.33,17.23,240,25/02/2023
LOAN000740,CUST000588,Personal,105003.43,21.58,36,2024-05-29
LOAN000741,CUST000305,Home,1615188.21,14.36,180,04/12/2024
LOAN000742,CUST001227,Personal,131681.6,21.98,12,19/07/2022
LOAN000743,CUST000166,Home,802947.6,21.24,180,2022-03-26
LOAN000744,CUST000830,Home,1600558.17,7.95,360,2024-04-17
LOAN000745,CUST000706,Home,620539.84,20.09,180,2023-01-18
LOAN000746,CUST002877,Personal,111984.87,10.51,12,2021-12-26
LOAN000747,CUST002359,Home,1394775.77,11.86,120,2024-05-09
LOAN000748,CUST002704,Vehicle,100168.3,10.37,120,28/08/2024
LOAN000749,CUST001960,Vehicle,447849.07,18.08,36,01/04/2024
LOAN000750,CUST001331,Personal,24762.84,12.76,24,2023-06-01
LOAN000751,CUST000467,Personal,85284.78,11.05,240,16/11/2025
LOAN000752,CUST002909,Vehicle,216232.78,13.88,60,2023-09-19
LOAN000753,CUST000721,Personal,36079.17,23.03,120,01/04/2022
LOAN000754,CUST000527,Vehicle,204392.65,9.52,240,2023-09-28
LOAN000755,CUST002899,Personal,8758.39,11.05,120,2023-02-08
LOAN000756,CUST000141,Personal,10717.85,10.33,60,2026-03-01
LOAN000757,CUST002775,Vehicle,116522.56,14.67,48,26/01/2025
LOAN000758,CUST002418,Personal,32297.11,8.13,60,2023-11-14
LOAN000759,CUST002979,Personal,102251.67,21.71,60,2023-09-02
LOAN000760,CUST002565,Personal,69128.96,14.44,240,2023-08-20
LOAN000761,CUST001984,Home,1509592.2,8.98,120,2023-08-02
LOAN000762,CUST001963,Vehicle,401557.94,12.56,60,13/09/2021
LOAN000763,CUST001020,Personal,21242.1,12.24,12,25/04/2024
LOAN000764,CUST002127,Vehicle,336408.22,15.76,36,11/04/2026
LOAN000765,CUST001467,Home,1516448.97,19.81,180,21/08/2023
LOAN000766,CUST000482,Personal,37783.58,14.36,24,2025-04-14
LOAN000767,CUST002672,Vehicle,458606.44,24.42,12,2024-08-04
LOAN000768,CUST000770,Home,1473045.16,20.72,120,20/01/2023
LOAN000769,CUST001415,Personal,13761.91,17.83,12,05/10/2022
LOAN000770,CUST002812,Home,1766526.14,18.02,360,2024-02-01
LOAN000771,CUST002791,Personal,36639.01,13.04,12,2022-03-11
LOAN000772,CUST000199,Personal,89099.68,17.23,120,2024-03-28
LOAN000773,CUST001664,Personal,31477.82,13.38,240,07/05/2024
LOAN000774,CUST002553,Home,1482936.04,22.73,180,2023-01-04
LOAN000775,CUST002019,Personal,72877.44,10.75,60,13/04/2025
LOAN000776,CUST001124,Vehicle,274393.6,13.7,36,2023-07-01
LOAN000777,CUST000099,Personal,94929.89,24.27,48,20/07/2023
LOAN000778,CUST002223,Vehicle,202308.04,17.26,48,2021-08-05
LOAN000779,CUST002601,Vehicle,536577.91,10.85,240,2025-07-16
LOAN000780,CUST001799,Vehicle,202400.55,13.84,36,14/11/2025
LOAN000781,CUST002916,Home,1659257.56,12.12,360,31/10/2023
LOAN000782,CUST000433,Personal,76208.6,15.46,24,31/10/2021
LOAN000783,CUST001468,Personal,88387.67,16.43,36,2021-11-01
LOAN000784,CUST000326,Vehicle,220064.47,13.94,240,2025-08-25
LOAN000785,CUST000281,Vehicle,191371.46,8.76,48,05/10/2024
LOAN000786,CUST001537,Personal,19786.73,8.82,24,2023-03-17
LOAN000787,CUST002906,Home,337629.97,18.47,240,17/01/2022
LOAN000788,CUST001556,Home,598264.9,16.31,180,30/12/2022
LOAN000789,CUST000813,Personal,77475.62,12.55,12,08/12/2023
LOAN000790,CUST001451,Vehicle,255740.51,19.24,60,13/03/2023
LOAN000791,CUST002462,Personal,6285.67,24.12,12,2021-11-12
LOAN000792,CUST001542,Personal,76998.74,21.42,60,17/03/2025
LOAN000793,CUST000851,Home,1473791.42,14.3,360,2024-11-18
LOAN000794,CUST001331,Vehicle,108784.49,22.08,60,15/03/2025
LOAN000795,CUST002934,Personal,147076.84,18.02,240,2021-10-29
LOAN000796,CUST000286,Home,1841702.6,10.79,120,29/07/2022
LOAN000797,CUST001115,Personal,39879.47,10.79,60,11/04/2022
LOAN000798,CUST002337,Home,1474746.5,13.25,360,17/03/2025
LOAN000799,CUST001045,Vehicle,388837.25,12.46,36,02/01/2024
LOAN000800,CUST002849,Home,799262.25,19.65,360,31/08/2022
LOAN000801,CUST000460,Home,882751.41,14.72,120,2024-11-21
LOAN000802,CUST002713,Vehicle,239137.15,21.13,60,04/10/2025
LOAN000803,CUST002915,Vehicle,141122.37,11.2,48,2023-01-17
LOAN000804,CUST002943,Personal,66271.58,9.09,48,2023-02-04
LOAN000805,CUST000514,Personal,18122.13,19.39,12,07/06/2026
LOAN000806,CUST000981,Vehicle,575060.17,8.21,120,06/08/2021
LOAN000807,CUST001182,Vehicle,443402.46,10.52,240,2023-12-14
LOAN000808,CUST002622,Home,1615576.28,11.21,180,2024-12-12
LOAN000809,CUST002697,Vehicle,266784.02,16.06,48,2022-02-17
LOAN000810,CUST001550,Vehicle,295569.12,12.27,36,26/07/2021
LOAN000811,CUST000533,Vehicle,257658.7,22.87,60,2024-07-15
LOAN000812,CUST002138,Vehicle,579088.66,21.25,120,28/02/2022
LOAN000813,CUST000495,Personal,140192.2,9.52,60,16/01/2022
LOAN000814,CUST002919,Personal,16029.65,18.8,48,2022-07-28
LOAN000815,CUST001488,Vehicle,474289.23,21.42,48,2023-11-24
LOAN000816,CUST002747,Vehicle,334525.82,16.48,120,30/08/2025
LOAN000817,CUST001198,Vehicle,455238.25,17.24,48,01/10/2023
LOAN000818,CUST002591,Home,1096885.52,10.06,120,2021-11-03
LOAN000819,CUST002979,Personal,53478.48,20.91,120,2022-03-01
LOAN000820,CUST002399,Vehicle,291213.04,8.55,60,22/07/2023
LOAN000821,CUST001477,Vehicle,157169.32,23.34,48,2026-05-26
LOAN000822,CUST001882,Vehicle,416225.36,8.6,36,08/08/2025
LOAN000823,CUST002938,Home,1436682.01,7.52,120,2025-09-15
LOAN000824,CUST002432,Personal,104015.51,22.16,240,2024-04-03
LOAN000825,CUST002162,Home,718144.48,18.49,120,10/08/2025
LOAN000826,CUST000921,Vehicle,499943.21,10.36,60,01/12/2024
LOAN000827,CUST001119,Vehicle,542862.11,16.28,24,2025-10-17
LOAN000828,CUST001804,Vehicle,455718.9,22.56,60,2024-08-08
LOAN000829,CUST002758,Vehicle,326881.41,22.52,36,10/09/2023
LOAN000830,CUST002773,Home,526493.84,12.31,240,2024-09-11
LOAN000831,CUST002366,Vehicle,221152.06,13.59,48,2022-06-23
LOAN000832,CUST000762,Personal,49563.04,15.11,12,2025-08-04
LOAN000833,CUST001594,Home,1960384.19,19.04,180,19/10/2024
LOAN000834,CUST000990,Home,1874888.73,7.68,180,2022-05-28
LOAN000835,CUST001561,Home,1694029.79,11.45,120,2025-03-19
LOAN000836,CUST001638,Home,549284.3,20.46,360,03/04/2024
LOAN000837,CUST002593,Personal,23145.94,17.5,240,2023-11-28
LOAN000838,CUST001637,Personal,109417.67,20.09,24,29/12/2022
LOAN000839,CUST000890,Vehicle,336134.81,24.78,24,2024-11-06
LOAN000840,CUST002129,Personal,82254.58,11.52,240,2026-04-14
LOAN000841,CUST000852,Personal,77107.41,9.27,60,2023-12-28
LOAN000842,CUST000218,Personal,109031.81,7.62,120,06/11/2024
LOAN000843,CUST001826,Personal,99972.1,7.69,24,2023-06-28
LOAN000844,CUST002568,Personal,38817.13,16.85,120,2024-12-30
LOAN000845,CUST000524,Vehicle,478342.66,13.76,12,03/02/2022
LOAN000846,CUST000414,Vehicle,321664.81,17.81,48,14/08/2023
LOAN000847,CUST001580,Vehicle,298902.57,16.9,120,28/08/2023
LOAN000848,CUST000393,Home,1500234.89,13.9,180,2021-09-14
LOAN000849,CUST000845,Home,567481.33,19.91,240,25/10/2023
LOAN000850,CUST002169,Personal,98915.48,13.81,60,2024-05-04
LOAN000851,CUST002604,Home,525737.05,21.47,180,2021-08-14
LOAN000852,CUST002754,Personal,92468.39,16.51,120,2023-01-21
LOAN000853,CUST000388,Vehicle,91885.77,17.83,24,27/09/2024
LOAN000854,CUST000331,Vehicle,259631.58,19.35,36,2025-12-17
LOAN000855,CUST002660,Personal,53085.16,16.62,120,2024-08-12
LOAN000856,CUST001930,Home,679361.8,9.13,360,10/10/2021
LOAN000857,CUST002391,Vehicle,208238.82,13.74,60,2026-01-10
LOAN000858,CUST001924,Vehicle,176303.22,14.13,24,2026-04-21
LOAN000859,CUST001810,Personal,52161.88,12.63,120,13/11/2023
LOAN000860,CUST001184,Personal,91502.77,7.63,60,14/02/2025
LOAN000861,CUST000813,Home,786194.26,8.8,240,2022-12-05
LOAN000862,CUST000373,Vehicle,157800.85,7.77,240,2026-05-25
LOAN000863,CUST001541,Vehicle,186092.43,11.35,120,2023-04-29
LOAN000864,CUST000697,Home,1416579.95,23.98,180,2025-10-10
LOAN000865,CUST001746,Home,1068429.86,19.12,120,2024-01-16
LOAN000866,CUST002128,Personal,89137.74,15.0,60,2023-04-13
LOAN000867,CUST001268,Vehicle,467860.05,12.79,48,15/01/2025
LOAN000868,CUST002106,Vehicle,182805.19,13.72,48,27/06/2023
LOAN000869,CUST000239,Vehicle,595694.23,21.19,240,2021-11-15
LOAN000870,CUST002897,Vehicle,295713.5,18.93,240,16/10/2024
LOAN000871,CUST002011,Vehicle,228493.35,21.67,240,19/04/2023
LOAN000872,CUST000875,Home,1276902.26,19.48,360,2025-02-07
LOAN000873,CUST002915,Vehicle,109618.88,13.17,240,2023-03-27
LOAN000874,CUST002266,Vehicle,557563.24,10.83,12,31/01/2025
LOAN000875,CUST002211,Vehicle,354905.88,16.24,240,08/06/2025
LOAN000876,CUST002082,Home,748839.06,13.05,360,2022-12-08
LOAN000877,CUST000982,Vehicle,248152.46,8.28,24,26/04/2025
LOAN000878,CUST000911,Home,1334041.81,12.69,240,2023-01-21
LOAN000879,CUST000765,Home,989690.64,21.77,120,03/07/2023
LOAN000880,CUST002135,Home,699728.66,17.0,120,2026-01-27
LOAN000881,CUST000003,Home,1013332.82,23.24,360,2024-09-27
LOAN000882,CUST002388,Personal,74156.21,9.63,48,2023-06-02
LOAN000883,CUST000974,Home,601612.83,20.15,120,20/11/2023
LOAN000884,CUST002060,Vehicle,490098.71,19.87,120,2024-10-22
LOAN000885,CUST001240,Vehicle,102050.68,9.63,240,2024-05-26
LOAN000886,CUST002930,Personal,36417.88,19.01,120,2026-02-16
LOAN000887,CUST000107,Personal,123163.76,10.41,12,19/05/2025
LOAN000888,CUST000281,Home,1181719.06,10.71,120,25/02/2024
LOAN000889,CUST002290,Home,460950.72,8.45,240,2022-03-15
LOAN000890,CUST001644,Vehicle,380767.16,18.38,24,28/02/2023
LOAN000891,CUST002430,Personal,132177.64,11.37,120,07/04/2026
LOAN000892,CUST000315,Vehicle,493375.75,15.9,48,2023-04-12
LOAN000893,CUST002897,Vehicle,390671.73,10.34,24,08/08/2024
LOAN000894,CUST000343,Personal,76107.38,10.17,48,2023-07-21
LOAN000895,CUST001446,Personal,122853.16,10.34,60,2021-10-14
LOAN000896,CUST000170,Personal,86567.95,19.08,36,2025-10-04
LOAN000897,CUST001488,Home,424171.0,16.59,360,08/05/2022
LOAN000898,CUST001637,Home,1063241.93,9.35,360,2022-01-15
LOAN000899,CUST000244,Home,1559115.98,24.81,180,01/02/2022
LOAN000900,CUST000483,Personal,67252.3,17.15,12,2026-02-28
LOAN000901,CUST000540,Vehicle,143148.18,22.52,120,2023-11-29
LOAN000902,CUST000746,Vehicle,195259.04,13.15,12,21/04/2025
LOAN000903,CUST000906,Vehicle,303179.34,9.5,24,24/05/2026
LOAN000904,CUST002872,Vehicle,422214.81,18.03,60,2025-07-17
LOAN000905,CUST001658,Personal,132813.61,22.47,60,2025-03-03
LOAN000906,CUST000201,Home,884425.87,22.16,180,24/09/2022
LOAN000907,CUST002823,Personal,80235.68,22.99,12,2025-12-28
LOAN000908,CUST002217,Home,1653618.94,19.71,120,03/06/2022
LOAN000909,CUST001119,Personal,42214.88,14.89,24,15/12/2025
LOAN000910,CUST000048,Home,1787978.65,17.78,360,14/04/2025
LOAN000911,CUST001075,Vehicle,440001.63,13.42,48,19/08/2023
LOAN000912,CUST001427,Vehicle,411592.63,17.44,240,2021-11-18
LOAN000913,CUST000587,Home,1334260.62,19.07,240,2024-07-29
LOAN000914,CUST001766,Home,1072311.51,10.62,360,2022-02-16
LOAN000915,CUST001600,Vehicle,316152.46,18.02,240,24/09/2025
LOAN000916,CUST002030,Personal,11509.95,9.92,36,03/12/2021
LOAN000917,CUST001312,Personal,73064.92,17.63,60,2025-04-27
LOAN000918,CUST001827,Personal,145082.62,24.16,60,2024-07-19
LOAN000919,CUST001635,Personal,114990.47,15.08,60,2025-09-13
LOAN000920,CUST002247,Home,516707.01,17.84,360,09/02/2026
LOAN000921,CUST002039,Home,512391.17,20.48,180,23/02/2023
LOAN000922,CUST000542,Personal,27929.88,11.09,48,2025-01-01
LOAN000923,CUST001400,Home,604829.43,21.9,180,04/06/2023
LOAN000924,CUST002537,Personal,5099.71,12.87,240,07/06/2026
LOAN000925,CUST001391,Personal,70629.35,20.95,12,2024-05-22
LOAN000926,CUST000360,Vehicle,198384.15,10.78,24,2022-07-19
LOAN000927,CUST002555,Vehicle,88662.3,11.5,60,2022-10-22
LOAN000928,CUST002477,Personal,26666.34,8.98,12,2023-09-20
LOAN000929,CUST000447,Vehicle,466968.55,21.3,120,22/12/2022
LOAN000930,CUST002205,Vehicle,528302.19,23.62,240,22/07/2022
LOAN000931,CUST002790,Vehicle,496186.53,22.17,24,13/05/2022
LOAN000932,CUST000185,Home,1224785.59,20.66,240,2025-07-27
LOAN000933,CUST002016,Personal,66927.19,18.34,24,2025-07-18
LOAN000934,CUST002322,Vehicle,102170.03,14.16,120,06/07/2022
LOAN000935,CUST002526,Personal,146146.49,20.63,240,06/06/2024
LOAN000936,CUST001421,Personal,103495.99,22.58,36,29/08/2024
LOAN000937,CUST000589,Personal,116250.47,10.9,60,08/11/2024
LOAN000938,CUST002619,Vehicle,468883.05,13.1,24,26/07/2022
LOAN000939,CUST000765,Personal,14803.22,17.13,60,20/07/2025
LOAN000940,CUST002160,Personal,147811.21,10.75,60,17/12/2025
LOAN000941,CUST001556,Personal,6031.73,23.42,48,2023-05-03
LOAN000942,CUST002895,Vehicle,337474.83,19.62,36,29/07/2023
LOAN000943,CUST000851,Personal,109829.04,8.76,36,2024-04-03
LOAN000944,CUST001522,Vehicle,394172.17,21.02,12,2021-12-02
LOAN000945,CUST002916,Home,1416333.9,23.13,240,2022-06-23
LOAN000946,CUST000063,Home,747657.71,21.51,120,2025-02-26
LOAN000947,CUST001253,Home,904302.4,13.63,360,18/01/2026
LOAN000948,CUST000397,Home,648060.87,21.61,360,22/09/2024
LOAN000949,CUST001847,Personal,37926.83,10.36,60,03/01/2024
LOAN000950,CUST000844,Vehicle,470002.74,21.28,120,29/08/2025
LOAN000951,CUST002915,Personal,47701.46,16.94,120,15/05/2024
LOAN000952,CUST002075,Vehicle,461504.1,9.11,60,24/11/2023
LOAN000953,CUST000536,Vehicle,597907.14,9.51,240,2023-04-19
LOAN000954,CUST002110,Home,669495.65,9.72,180,10/08/2024
LOAN000955,CUST000657,Vehicle,189541.17,10.41,12,2024-04-24
LOAN000956,CUST000057,Vehicle,563277.05,12.54,48,2022-03-30
LOAN000957,CUST002152,Vehicle,569736.46,11.3,120,23/11/2021
LOAN000958,CUST001048,Vehicle,455989.68,7.61,48,2023-09-02
LOAN000959,CUST001447,Personal,63389.95,14.5,240,2023-06-01
LOAN000960,CUST002252,Vehicle,452865.28,22.33,24,2021-11-30
LOAN000961,CUST000871,Personal,119179.33,22.44,60,13/12/2021
LOAN000962,CUST000548,Vehicle,216026.35,14.92,48,2025-05-31
LOAN000963,CUST001476,Vehicle,551281.38,18.7,120,12/01/2023
LOAN000964,CUST002704,Vehicle,548069.65,24.32,48,2022-02-22
LOAN000965,CUST001034,Home,1980513.01,18.87,180,13/09/2022
LOAN000966,CUST002304,Personal,149779.79,9.09,60,10/07/2024
LOAN000967,CUST000120,Home,561834.41,22.69,120,2023-03-12
LOAN000968,CUST001258,Home,450192.01,17.23,120,2022-09-01
LOAN000969,CUST002977,Home,1914473.85,13.38,360,12/03/2026
LOAN000970,CUST002346,Home,1694455.17,23.72,240,2026-02-07
LOAN000971,CUST000855,Personal,95286.4,20.78,12,20/10/2022
LOAN000972,CUST002003,Personal,136890.54,14.46,24,09/01/2025
LOAN000973,CUST002290,Vehicle,375337.14,14.9,36,2021-11-25
LOAN000974,CUST000902,Home,736625.72,20.98,240,2025-11-08
LOAN000975,CUST002013,Vehicle,173161.22,22.38,240,2026-04-30
LOAN000976,CUST001664,Personal,93131.81,9.5,240,2021-12-07
LOAN000977,CUST001262,Personal,18626.65,16.65,36,2024-05-24
LOAN000978,CUST002046,Home,1573952.4,18.26,240,2025-10-06
LOAN000979,CUST000399,Home,1326305.09,21.42,360,24/02/2026
LOAN000980,CUST001404,Home,1496860.75,24.57,120,10/01/2024
LOAN000981,CUST002345,Personal,81895.76,14.13,60,2023-07-13
LOAN000982,CUST000485,Home,1962274.08,8.28,360,2021-11-04
LOAN000983,CUST000235,Personal,71420.04,13.83,24,30/12/2024
LOAN000984,CUST002542,Vehicle,545818.67,24.62,36,2022-02-10
LOAN000985,CUST001819,Vehicle,268194.18,18.25,120,2023-11-19
LOAN000986,CUST002777,Home,501526.48,18.26,240,29/01/2026
LOAN000987,CUST001695,Vehicle,175101.39,7.58,240,10/11/2022
LOAN000988,CUST002625,Vehicle,437687.17,19.45,240,17/09/2021
LOAN000989,CUST001943,Personal,10065.34,10.99,60,25/03/2023
LOAN000990,CUST002422,Vehicle,528236.06,12.6,240,2022-11-06
LOAN000991,CUST002033,Vehicle,293575.45,8.39,36,19/03/2023
LOAN000992,CUST001437,Personal,26805.2,17.84,48,30/04/2025
LOAN000993,CUST002536,Vehicle,465536.62,12.01,48,02/04/2022
LOAN000994,CUST001127,Home,893079.81,22.35,180,04/04/2024
LOAN000995,CUST001494,Home,1518731.89,11.7,120,05/03/2025
LOAN000996,CUST002148,Personal,92074.79,18.13,120,10/02/2026
LOAN000997,CUST001807,Personal,98044.0,21.5,24,30/10/2024
LOAN000998,CUST002151,Home,1901143.31,7.63,360,2025-11-20
LOAN000999,CUST002378,Vehicle,273374.2,10.78,48,2022-09-22
LOAN001000,CUST000176,Personal,64026.85,19.62,60,04/12/2021
LOAN001001,CUST001126,Personal,73834.19,9.02,240,2026-03-25
LOAN001002,CUST001055,Vehicle,501614.89,22.09,120,06/01/2026
LOAN001003,CUST002116,Personal,11653.99,11.51,36,09/01/2025
LOAN001004,CUST001914,Vehicle,543243.38,12.39,48,01/05/2025
LOAN001005,CUST001769,Home,1996267.51,20.47,360,2021-09-27
LOAN001006,CUST002337,Personal,128360.86,18.28,24,23/05/2026
LOAN001007,CUST002358,Personal,53672.78,12.44,240,2026-03-28
LOAN001008,CUST000184,Personal,132183.24,15.9,48,2024-07-04
LOAN001009,CUST001075,Vehicle,283704.88,17.8,60,30/07/2024
LOAN001010,CUST000089,Home,1097865.52,14.93,180,17/12/2021
LOAN001011,CUST001105,Home,846434.52,19.78,240,11/04/2024
LOAN001012,CUST001409,Vehicle,91921.99,19.14,240,2026-03-23
LOAN001013,CUST002163,Home,1592894.78,15.68,360,24/11/2022
LOAN001014,CUST000656,Home,444833.95,17.94,120,2021-10-09
LOAN001015,CUST000522,Vehicle,193579.13,10.76,12,27/09/2021
LOAN001016,CUST002754,Home,1395833.3,9.28,240,2024-01-24
LOAN001017,CUST002841,Personal,77243.26,16.29,36,2024-10-06
LOAN001018,CUST002627,Home,1589440.89,13.82,360,2023-09-09
LOAN001019,CUST002204,Home,1143128.55,19.34,180,22/01/2023
LOAN001020,CUST000934,Home,757137.85,11.92,120,30/09/2025
LOAN001021,CUST002827,Home,1880484.19,19.3,240,06/05/2026
LOAN001022,CUST000775,Home,1114655.06,9.55,120,02/09/2021
LOAN001023,CUST001598,Vehicle,491767.55,21.48,240,02/11/2021
LOAN001024,CUST001334,Personal,112206.78,20.48,60,16/05/2025
LOAN001025,CUST002407,Home,1810887.72,11.25,240,2025-07-23
LOAN001026,CUST001785,Personal,145899.07,7.59,36,11/03/2024
LOAN001027,CUST001482,Personal,66382.2,10.27,120,2025-10-18
LOAN001028,CUST000803,Personal,93022.5,11.31,48,2024-12-02
LOAN001029,CUST001003,Personal,56941.39,8.01,12,2025-03-13
LOAN001030,CUST002797,Home,1651245.26,15.55,180,2024-04-13
LOAN001031,CUST000881,Personal,22033.88,9.13,36,27/10/2021
LOAN001032,CUST000574,Personal,8188.79,19.68,60,01/05/2025
LOAN001033,CUST000510,Vehicle,236497.35,21.1,240,2024-12-26
LOAN001034,CUST001218,Vehicle,552962.58,16.73,36,06/09/2023
LOAN001035,CUST002458,Personal,137707.02,15.28,48,2023-09-01
LOAN001036,CUST002936,Vehicle,158187.68,13.23,240,30/03/2022
LOAN001037,CUST000643,Personal,81308.67,15.96,60,2023-09-21
LOAN001038,CUST002404,Vehicle,222733.66,13.68,24,2025-12-24
LOAN001039,CUST002809,Vehicle,269867.44,14.79,48,2026-05-26
LOAN001040,CUST002356,Home,1305972.68,14.86,120,17/05/2023
LOAN001041,CUST000062,Home,1153073.55,21.85,240,08/07/2022
LOAN001042,CUST001333,Vehicle,139866.91,20.33,120,2023-09-18
LOAN001043,CUST001362,Vehicle,231050.03,7.97,24,07/11/2021
LOAN001044,CUST000862,Vehicle,263194.32,13.91,120,15/09/2022
LOAN001045,CUST000550,Vehicle,344050.6,19.05,120,17/06/2024
LOAN001046,CUST002571,Home,810042.63,16.14,360,07/09/2022
LOAN001047,CUST000517,Home,1785595.63,11.27,120,30/03/2025
LOAN001048,CUST001977,Personal,128471.25,17.87,24,2025-12-08
LOAN001049,CUST002457,Personal,76551.67,24.61,36,20/06/2025
LOAN001050,CUST000433,Vehicle,546121.86,15.09,120,2024-05-11
LOAN001051,CUST002002,Personal,103272.94,9.54,240,10/06/2026
LOAN001052,CUST001845,Home,883960.33,15.0,180,21/08/2021
LOAN001053,CUST000635,Vehicle,236585.44,23.36,240,2025-02-08
LOAN001054,CUST001160,Home,1120548.29,21.72,120,2025-07-25
LOAN001055,CUST000203,Vehicle,338146.92,8.47,120,10/12/2021
LOAN001056,CUST002550,Home,709121.38,24.26,240,10/03/2022
LOAN001057,CUST000834,Home,1928972.77,13.99,180,15/06/2022
LOAN001058,CUST002296,Vehicle,295675.84,21.77,12,12/10/2021
LOAN001059,CUST002060,Personal,48720.72,14.76,12,2023-04-15
LOAN001060,CUST002788,Home,1105203.9,15.7,240,15/10/2024
LOAN001061,CUST000914,Personal,18556.01,14.3,24,07/10/2022
LOAN001062,CUST000281,Personal,117873.28,19.13,240,02/01/2023
LOAN001063,CUST002238,Personal,80909.26,13.59,60,2024-07-19
LOAN001064,CUST002447,Personal,9844.73,8.86,24,2023-12-03
LOAN001065,CUST000199,Home,594459.63,8.07,240,2022-03-02
LOAN001066,CUST001776,Vehicle,192909.43,11.73,60,2021-12-11
LOAN001067,CUST002296,Personal,136898.82,18.57,60,2022-10-18
LOAN001068,CUST002164,Vehicle,356793.81,12.67,24,28/03/2024
LOAN001069,CUST001656,Vehicle,481920.91,11.82,48,01/01/2024
LOAN001070,CUST000380,Personal,112176.49,10.73,120,2025-03-08
LOAN001071,CUST002982,Vehicle,329982.02,21.7,24,28/04/2023
LOAN001072,CUST002803,Home,738017.21,20.81,180,25/01/2026
LOAN001073,CUST002668,Vehicle,310018.52,13.19,240,2022-08-25
LOAN001074,CUST001117,Vehicle,508890.18,18.1,36,2025-01-27
LOAN001075,CUST001573,Home,1057969.11,21.69,240,2026-03-13
LOAN001076,CUST001353,Vehicle,127762.76,21.56,36,28/05/2025
LOAN001077,CUST002567,Home,633173.15,14.09,180,2023-01-02
LOAN001078,CUST001592,Vehicle,219499.86,14.29,60,2024-10-12
LOAN001079,CUST000598,Personal,100886.79,11.73,60,2024-02-27
LOAN001080,CUST000928,Home,1134097.08,15.64,120,2022-11-18
LOAN001081,CUST002767,Home,1615014.47,19.89,360,2024-12-30
LOAN001082,CUST001339,Vehicle,447558.93,16.13,60,2024-01-16
LOAN001083,CUST002812,Personal,139595.14,21.42,48,31/10/2021
LOAN001084,CUST001524,Vehicle,418897.59,21.87,120,30/12/2025
LOAN001085,CUST001382,Vehicle,108138.1,8.67,36,2025-01-13
LOAN001086,CUST002465,Home,1114261.77,12.09,240,16/08/2024
LOAN001087,CUST001780,Personal,29013.28,13.68,36,10/12/2022
LOAN001088,CUST001815,Home,404467.98,11.85,360,2022-07-26
LOAN001089,CUST002342,Home,724252.51,24.4,120,29/03/2022
LOAN001090,CUST002570,Vehicle,256972.34,9.26,36,2026-05-14
LOAN001091,CUST002564,Home,1230461.24,12.08,120,2022-09-13
LOAN001092,CUST001734,Personal,125778.57,14.65,48,2025-03-20
LOAN001093,CUST001144,Personal,128860.22,9.74,12,2022-08-08
LOAN001094,CUST002071,Vehicle,558448.24,18.21,120,2023-05-26
LOAN001095,CUST002471,Vehicle,269087.8,8.92,24,01/08/2025
LOAN001096,CUST002378,Home,1725607.68,21.97,240,07/04/2022
LOAN001097,CUST000078,Home,335580.32,19.74,360,18/05/2026
LOAN001098,CUST000883,Vehicle,138793.41,13.01,36,2024-12-31
LOAN001099,CUST002997,Personal,50256.13,23.11,48,05/10/2024
LOAN001100,CUST000628,Personal,37019.67,23.11,240,2023-10-19
LOAN001101,CUST000824,Personal,63210.75,21.82,240,2022-02-16
LOAN001102,CUST001161,Home,706651.51,11.78,120,2024-01-08
LOAN001103,CUST001685,Home,1659744.87,13.61,360,2021-09-24
LOAN001104,CUST001392,Personal,37141.25,16.38,36,07/12/2022
LOAN001105,CUST001872,Personal,41329.27,23.86,48,2023-06-16
LOAN001106,CUST000590,Vehicle,325996.05,15.41,12,20/08/2025
LOAN001107,CUST002807,Personal,6118.86,23.57,120,24/12/2021
LOAN001108,CUST000291,Personal,66808.56,24.4,12,2022-12-09
LOAN001109,CUST002453,Vehicle,315892.8,11.03,120,2024-07-25
LOAN001110,CUST002852,Personal,57921.44,23.49,24,2024-01-02
LOAN001111,CUST002871,Vehicle,226575.57,13.06,60,2025-10-23
LOAN001112,CUST000772,Home,1690089.11,10.03,240,2023-06-17
LOAN001113,CUST002800,Vehicle,221133.01,12.11,48,13/10/2021
LOAN001114,CUST000585,Vehicle,137391.78,20.04,12,30/07/2022
LOAN001115,CUST001249,Personal,129148.13,16.97,120,2022-06-22
LOAN001116,CUST001496,Home,1331545.93,20.09,360,2023-09-08
LOAN001117,CUST002867,Home,704797.24,12.77,240,27/10/2021
LOAN001118,CUST000490,Vehicle,506208.51,14.56,36,25/01/2023
LOAN001119,CUST000393,Personal,70371.4,21.18,24,2024-03-25
LOAN001120,CUST002883,Vehicle,505835.85,19.68,36,2023-04-12
LOAN001121,CUST002571,Vehicle,196466.88,21.76,24,10/09/2021
LOAN001122,CUST002168,Personal,70116.72,9.39,48,23/07/2024
LOAN001123,CUST000970,Vehicle,394239.36,24.34,48,2025-12-17
LOAN001124,CUST002954,Personal,115703.68,13.82,36,2026-02-08
LOAN001125,CUST002000,Home,1231933.59,17.75,120,11/01/2026
LOAN001126,CUST002961,Home,347480.76,12.72,240,21/07/2025
LOAN001127,CUST000612,Home,1662436.71,24.54,240,21/06/2024
LOAN001128,CUST002038,Vehicle,322883.98,22.33,120,16/04/2025
LOAN001129,CUST001921,Home,743631.55,16.86,120,30/03/2023
LOAN001130,CUST002380,Home,1901046.4,19.01,120,2025-08-24
LOAN001131,CUST000266,Home,518739.7,9.61,360,14/09/2023
LOAN001132,CUST000903,Vehicle,141120.86,15.09,60,2023-09-02
LOAN001133,CUST002277,Vehicle,519044.81,8.67,12,25/02/2025
LOAN001134,CUST001664,Personal,12103.43,19.1,120,2025-03-08
LOAN001135,CUST001905,Home,1663852.76,21.83,360,05/11/2021
LOAN001136,CUST001580,Personal,17270.89,16.31,120,2022-02-07
LOAN001137,CUST002458,Personal,86659.38,23.31,120,23/06/2023
LOAN001138,CUST002436,Home,1134457.07,13.8,240,2025-02-11
LOAN001139,CUST000493,Vehicle,264132.61,24.39,240,25/11/2024
LOAN001140,CUST001157,Home,1876675.27,20.21,360,2025-10-15
LOAN001141,CUST001089,Home,1143181.47,22.8,360,07/03/2026
LOAN001142,CUST002994,Vehicle,142736.79,9.47,24,05/11/2023
LOAN001143,CUST002488,Home,1904582.94,11.65,360,19/05/2024
LOAN001144,CUST002476,Vehicle,202302.22,17.57,48,12/05/2024
LOAN001145,CUST002506,Personal,30729.34,10.98,12,13/02/2024
LOAN001146,CUST000459,Home,1282480.8,17.55,360,14/05/2022
LOAN001147,CUST000872,Vehicle,204267.26,18.41,12,2023-06-11
LOAN001148,CUST002173,Vehicle,246887.1,9.81,48,26/03/2025
LOAN001149,CUST002825,Home,860020.86,10.49,360,2026-02-11
LOAN001150,CUST001967,Vehicle,577174.34,16.27,36,2022-03-19
LOAN001151,CUST000807,Personal,85986.93,12.55,60,22/08/2021
LOAN001152,CUST000563,Personal,70548.36,17.57,24,2025-07-01
LOAN001153,CUST001001,Home,1168161.46,17.38,120,30/03/2026
LOAN001154,CUST002639,Vehicle,274231.27,18.78,240,26/12/2021
LOAN001155,CUST002305,Home,1477629.46,8.87,360,18/10/2022
LOAN001156,CUST002625,Personal,15753.8,13.06,36,27/03/2024
LOAN001157,CUST002028,Personal,77921.12,13.62,36,2023-03-24
LOAN001158,CUST001559,Home,1352131.51,17.79,180,05/07/2023
LOAN001159,CUST000808,Home,1986079.25,10.97,240,2024-08-05
LOAN001160,CUST002134,Home,1812850.72,16.85,120,06/05/2023
LOAN001161,CUST002635,Personal,62961.68,23.44,60,22/10/2024
LOAN001162,CUST001994,Personal,13764.28,21.06,24,01/06/2025
LOAN001163,CUST000470,Home,892973.09,23.52,180,2025-07-21
LOAN001164,CUST002519,Personal,128366.1,14.73,120,2024-07-22
LOAN001165,CUST001006,Personal,144110.86,13.93,60,06/03/2022
LOAN001166,CUST000413,Personal,81657.06,9.05,12,12/05/2024
LOAN001167,CUST002634,Personal,128988.21,9.11,12,22/02/2023
LOAN001168,CUST001237,Home,1793942.15,21.98,180,13/11/2022
LOAN001169,CUST000506,Home,1981542.63,21.95,180,12/06/2022
LOAN001170,CUST000591,Vehicle,448781.5,19.05,24,04/11/2023
LOAN001171,CUST002730,Personal,76077.76,12.63,24,24/09/2023
LOAN001172,CUST001062,Home,405500.17,15.72,240,2023-11-11
LOAN001173,CUST002338,Vehicle,493975.26,16.64,24,2026-04-26
LOAN001174,CUST000778,Personal,69017.05,13.37,48,2023-12-05
LOAN001175,CUST000699,Home,1554836.8,10.38,120,2025-09-20
LOAN001176,CUST001787,Home,414537.52,11.9,240,2022-08-21
LOAN001177,CUST000895,Vehicle,220302.54,19.23,24,08/11/2021
LOAN001178,CUST002447,Home,1666152.18,21.42,240,2026-03-09
LOAN001179,CUST001800,Home,1484292.1,18.75,120,2022-12-04
LOAN001180,CUST002884,Vehicle,168626.41,13.23,12,26/07/2024
LOAN001181,CUST002635,Vehicle,384146.09,19.43,12,10/02/2023
LOAN001182,CUST001189,Personal,87712.19,9.42,12,2021-11-18
LOAN001183,CUST001626,Personal,36377.87,23.18,120,2022-06-14
LOAN001184,CUST000024,Vehicle,294337.77,23.26,24,2025-05-02
LOAN001185,CUST000212,Vehicle,542815.35,18.28,24,04/12/2022
LOAN001186,CUST001602,Vehicle,341662.15,14.52,60,03/11/2025
LOAN001187,CUST002458,Vehicle,320942.58,9.67,240,11/03/2022
LOAN001188,CUST001706,Home,855812.89,12.93,120,31/08/2024
LOAN001189,CUST000784,Vehicle,552606.45,21.35,36,2022-04-15
LOAN001190,CUST002120,Vehicle,131154.45,12.97,12,2024-08-09
LOAN001191,CUST000700,Personal,19839.45,22.94,240,2021-10-23
LOAN001192,CUST002979,Home,726199.61,9.68,120,16/02/2022
LOAN001193,CUST000648,Home,968211.63,7.67,180,2021-10-03
LOAN001194,CUST000651,Home,1719555.97,11.71,240,06/12/2024
LOAN001195,CUST001274,Home,1683022.36,20.95,120,2025-10-19
LOAN001196,CUST002193,Vehicle,423552.03,16.09,240,02/06/2024
LOAN001197,CUST002871,Vehicle,106940.67,22.75,60,09/10/2021
LOAN001198,CUST000732,Home,427565.89,21.31,240,2025-02-04
LOAN001199,CUST001518,Personal,39959.79,22.37,240,2021-11-12
LOAN001200,CUST002020,Vehicle,391140.25,24.32,240,2025-01-30
LOAN001201,CUST000749,Home,1667355.77,15.02,240,03/11/2022
LOAN001202,CUST002749,Personal,68345.86,11.11,60,2022-10-31
LOAN001203,CUST002380,Home,1038483.31,17.09,180,2024-11-26
LOAN001204,CUST002095,Personal,85554.91,17.53,240,13/10/2025
LOAN001205,CUST001882,Vehicle,166534.26,17.06,240,21/04/2023
LOAN001206,CUST001124,Vehicle,463548.74,10.64,12,2025-02-05
LOAN001207,CUST002135,Home,1076234.05,18.19,120,09/07/2024
LOAN001208,CUST002370,Vehicle,457243.09,17.82,120,2023-04-15
LOAN001209,CUST000234,Vehicle,447696.63,13.52,120,12/12/2021
LOAN001210,CUST002260,Vehicle,83187.58,23.49,60,01/10/2023
LOAN001211,CUST000811,Vehicle,398217.1,21.11,48,30/01/2024
LOAN001212,CUST000974,Home,1497393.95,17.01,120,2022-09-24
LOAN001213,CUST002263,Home,909285.06,12.36,240,03/03/2023
LOAN001214,CUST001379,Home,576901.69,9.25,240,2023-05-24
LOAN001215,CUST000395,Vehicle,115006.86,17.62,36,2025-08-12
LOAN001216,CUST000107,Vehicle,468782.6,17.88,12,12/08/2023
LOAN001217,CUST000940,Home,1443291.45,14.49,360,21/09/2024
LOAN001218,CUST001032,Vehicle,254290.81,8.63,12,2025-11-15
LOAN001219,CUST000551,Home,1839536.61,14.8,240,09/04/2022
LOAN001220,CUST002906,Vehicle,579481.0,10.96,12,2023-03-04
LOAN001221,CUST001808,Personal,96828.64,8.6,12,2025-06-11
LOAN001222,CUST000570,Home,822252.65,24.1,240,2023-03-19
LOAN001223,CUST001734,Personal,135957.9,11.75,60,29/07/2023
LOAN001224,CUST000978,Personal,15197.88,24.74,24,2024-10-09
LOAN001225,CUST000221,Personal,149465.18,21.71,24,18/11/2023
LOAN001226,CUST002182,Vehicle,93700.41,9.16,24,2026-05-10
LOAN001227,CUST000380,Personal,107222.71,19.29,120,2024-08-16
LOAN001228,CUST000098,Personal,14819.73,16.97,36,10/05/2022
LOAN001229,CUST002599,Personal,24533.82,17.07,48,14/10/2021
LOAN001230,CUST002327,Vehicle,474933.91,18.05,36,21/02/2026
LOAN001231,CUST002639,Personal,35395.55,12.92,24,19/01/2026
LOAN001232,CUST000178,Home,648382.33,14.66,120,2021-09-09
LOAN001233,CUST000050,Personal,121694.49,18.44,12,2024-07-24
LOAN001234,CUST001865,Personal,22684.01,17.44,120,2025-07-17
LOAN001235,CUST002790,Personal,109508.99,9.73,120,2024-01-29
LOAN001236,CUST001902,Vehicle,527525.09,9.77,120,2025-05-29
LOAN001237,CUST002930,Home,1627876.41,17.13,360,25/01/2024
LOAN001238,CUST000892,Home,1550434.92,16.2,120,04/06/2024
LOAN001239,CUST002184,Vehicle,395365.16,24.39,12,2023-04-05
LOAN001240,CUST002076,Vehicle,163583.19,15.79,36,2022-08-16
LOAN001241,CUST002089,Home,1297778.77,21.57,360,2025-08-26
LOAN001242,CUST000465,Vehicle,456579.65,16.87,36,2021-09-22
LOAN001243,CUST002982,Home,1283856.22,19.29,240,2025-02-20
LOAN001244,CUST001307,Vehicle,535713.84,16.37,240,2023-06-10
LOAN001245,CUST002711,Vehicle,411531.23,14.31,24,2026-06-23
LOAN001246,CUST000965,Personal,57446.08,17.65,24,13/12/2021
LOAN001247,CUST000934,Personal,102769.46,16.49,48,11/12/2021
LOAN001248,CUST001455,Home,1961105.96,10.93,120,03/03/2026
LOAN001249,CUST001427,Personal,12999.62,20.01,120,2022-09-02
LOAN001250,CUST001844,Vehicle,474846.98,20.7,12,16/01/2024
LOAN001251,CUST002640,Home,1945066.13,19.96,180,2024-05-23
LOAN001252,CUST000573,Personal,115531.47,19.32,240,2024-04-06
LOAN001253,CUST000512,Home,1585364.36,21.11,120,16/08/2023
LOAN001254,CUST001145,Home,1054108.26,9.15,120,2025-03-04
LOAN001255,CUST002138,Vehicle,292604.52,14.78,12,26/09/2025
LOAN001256,CUST002039,Personal,144189.71,8.53,240,29/02/2024
LOAN001257,CUST000482,Vehicle,139789.8,16.24,12,26/10/2021
LOAN001258,CUST002839,Personal,38484.92,12.46,12,21/11/2023
LOAN001259,CUST001541,Personal,118945.39,18.97,36,23/02/2024
LOAN001260,CUST000876,Vehicle,501654.89,18.62,12,2023-09-26
LOAN001261,CUST001812,Home,686885.48,18.36,360,2022-11-21
LOAN001262,CUST001158,Home,1275137.64,22.38,120,2025-09-05
LOAN001263,CUST001745,Personal,139718.23,20.86,60,03/01/2023
LOAN001264,CUST002824,Personal,24705.41,14.09,36,07/10/2022
LOAN001265,CUST000331,Personal,78965.16,23.12,60,05/10/2022
LOAN001266,CUST001110,Personal,8128.22,10.94,48,2025-05-05
LOAN001267,CUST002822,Home,1670311.04,13.25,120,07/05/2023
LOAN001268,CUST000506,Personal,50704.35,8.77,24,23/10/2023
LOAN001269,CUST002622,Home,412984.49,9.89,120,31/03/2025
LOAN001270,CUST000836,Personal,75876.03,8.42,60,2022-02-18
LOAN001271,CUST001085,Home,600111.56,10.35,240,02/10/2022
LOAN001272,CUST000820,Home,1908593.84,17.25,240,2025-03-03
LOAN001273,CUST002808,Home,503862.48,12.94,120,23/11/2025
LOAN001274,CUST001350,Home,1002248.07,12.97,240,07/05/2023
LOAN001275,CUST000246,Home,562180.43,16.79,240,19/04/2023
LOAN001276,CUST000750,Vehicle,241691.29,21.4,12,2024-01-20
LOAN001277,CUST002094,Personal,55363.93,8.47,36,2026-01-24
LOAN001278,CUST002081,Vehicle,535465.48,16.51,24,12/10/2024
LOAN001279,CUST002934,Personal,139278.31,19.08,48,2024-07-17
LOAN001280,CUST000868,Vehicle,507065.2,13.78,240,10/10/2023
LOAN001281,CUST002002,Personal,56928.64,15.89,48,17/08/2023
LOAN001282,CUST001254,Home,749723.64,14.93,120,2024-05-14
LOAN001283,CUST000556,Personal,68040.35,14.29,60,19/08/2025
LOAN001284,CUST000852,Personal,144240.9,16.15,36,2022-03-08
LOAN001285,CUST001556,Vehicle,230931.83,7.86,240,2024-03-18
LOAN001286,CUST000644,Personal,22586.09,22.46,48,21/05/2025
LOAN001287,CUST000248,Home,1325188.82,17.48,360,2023-07-28
LOAN001288,CUST002309,Personal,127149.05,9.99,48,2024-06-10
LOAN001289,CUST001216,Home,1817684.88,11.0,360,31/03/2022
LOAN001290,CUST002787,Personal,36552.96,24.53,24,05/11/2022
LOAN001291,CUST001096,Personal,102728.05,23.82,36,23/12/2022
LOAN001292,CUST000372,Vehicle,560816.52,21.18,48,09/02/2023
LOAN001293,CUST001255,Vehicle,457472.53,18.02,36,19/12/2021
LOAN001294,CUST000710,Vehicle,461183.9,15.31,12,2023-08-21
LOAN001295,CUST002699,Vehicle,229706.37,21.44,120,27/05/2026
LOAN001296,CUST001147,Vehicle,522003.37,23.2,120,2024-05-26
LOAN001297,CUST001949,Personal,91956.69,14.24,24,04/09/2024
LOAN001298,CUST000166,Home,760060.35,12.34,240,14/05/2025
LOAN001299,CUST000948,Home,468808.5,16.28,360,2025-12-29
LOAN001300,CUST000538,Personal,55781.18,16.76,240,2025-11-16
LOAN001301,CUST002408,Personal,74140.04,13.7,36,2021-08-22
LOAN001302,CUST000748,Home,1829863.79,11.09,240,2022-02-28
LOAN001303,CUST000793,Home,668939.04,20.23,360,2022-11-11
LOAN001304,CUST002370,Vehicle,396113.83,10.76,240,17/04/2024
LOAN001305,CUST000677,Personal,10954.33,8.68,48,2026-02-21
LOAN001306,CUST002332,Vehicle,442392.25,19.1,48,21/03/2025
LOAN001307,CUST001952,Home,1144421.19,11.83,240,2022-03-10
LOAN001308,CUST002278,Home,1252535.55,15.39,120,2021-09-25
LOAN001309,CUST000859,Vehicle,106904.59,22.14,60,09/09/2023
LOAN001310,CUST002508,Home,1837750.17,15.79,180,2024-12-17
LOAN001311,CUST000655,Home,1561530.59,19.41,120,08/06/2026
LOAN001312,CUST000110,Vehicle,412228.6,16.64,120,20/03/2022
LOAN001313,CUST000708,Vehicle,110571.92,7.98,24,30/10/2025
LOAN001314,CUST001144,Personal,131354.6,13.54,60,2026-01-31
LOAN001315,CUST000155,Vehicle,376522.08,9.79,240,2026-01-05
LOAN001316,CUST002114,Personal,122864.66,20.06,60,23/04/2023
LOAN001317,CUST000686,Personal,71735.38,10.92,24,2023-07-18
LOAN001318,CUST001905,Home,1806182.02,13.35,120,2024-04-21
LOAN001319,CUST001818,Vehicle,565032.64,16.43,12,25/01/2025
LOAN001320,CUST001396,Home,1176646.38,19.38,240,24/02/2022
LOAN001321,CUST000177,Personal,90216.64,12.66,36,24/12/2025
LOAN001322,CUST001612,Personal,135682.25,9.73,120,2025-12-26
LOAN001323,CUST001180,Vehicle,360891.89,20.85,12,2024-06-22
LOAN001324,CUST001108,Personal,49727.35,20.82,60,07/08/2024
LOAN001325,CUST000435,Personal,103886.96,15.97,24,16/06/2026
LOAN001326,CUST002352,Home,1879413.72,23.23,180,2021-10-15
LOAN001327,CUST001840,Home,1866468.62,11.96,360,2025-03-14
LOAN001328,CUST002309,Home,1453933.49,16.39,360,24/04/2023
LOAN001329,CUST000353,Vehicle,119195.69,8.45,240,10/10/2023
LOAN001330,CUST002065,Home,1963173.05,15.29,120,2023-07-30
LOAN001331,CUST001862,Vehicle,544239.14,15.73,24,2023-10-12
LOAN001332,CUST001090,Personal,45417.25,13.7,48,2025-09-03
LOAN001333,CUST001108,Home,1977162.43,15.16,120,27/12/2022
LOAN001334,CUST002085,Personal,74958.56,22.08,12,30/11/2023
LOAN001335,CUST000206,Home,603338.2,22.01,180,2022-03-24
LOAN001336,CUST001403,Vehicle,324203.94,21.01,24,2022-06-20
LOAN001337,CUST000633,Personal,57809.85,22.34,12,2025-05-02
LOAN001338,CUST002360,Personal,85122.16,13.57,240,2026-01-27
LOAN001339,CUST001560,Home,1499586.86,7.84,360,2026-03-05
LOAN001340,CUST002859,Home,1679035.98,24.09,120,2021-12-23
LOAN001341,CUST002609,Personal,135771.75,14.56,24,2025-12-21
LOAN001342,CUST001094,Personal,90304.49,18.23,60,26/06/2024
LOAN001343,CUST000179,Vehicle,94358.82,14.92,48,2023-05-21
LOAN001344,CUST001014,Home,941456.27,22.67,180,2024-10-04
LOAN001345,CUST002706,Personal,118670.44,15.99,240,07/06/2023
LOAN001346,CUST000977,Home,1251692.88,16.26,360,22/09/2023
LOAN001347,CUST002900,Home,434870.81,16.02,360,26/01/2024
LOAN001348,CUST001791,Personal,112162.73,14.97,60,2024-06-16
LOAN001349,CUST000698,Home,1531536.36,16.01,240,19/03/2026
LOAN001350,CUST002061,Personal,96026.26,16.21,60,2022-01-16
LOAN001351,CUST002593,Home,739006.21,10.3,120,2023-01-11
LOAN001352,CUST000653,Vehicle,513938.93,9.63,60,2023-03-30
LOAN001353,CUST002711,Personal,71848.77,19.61,24,04/05/2024
LOAN001354,CUST001720,Vehicle,559957.68,15.39,36,24/12/2025
LOAN001355,CUST001904,Personal,57689.89,18.81,120,01/06/2024
LOAN001356,CUST002363,Home,836606.24,8.97,180,2025-09-19
LOAN001357,CUST002014,Home,1555599.52,23.52,360,31/08/2023
LOAN001358,CUST001642,Home,1687916.68,22.49,360,26/02/2023
LOAN001359,CUST002625,Home,899740.63,9.93,240,18/02/2023
LOAN001360,CUST001490,Home,845113.97,8.58,360,11/06/2022
LOAN001361,CUST001918,Vehicle,333578.3,13.77,24,09/04/2022
LOAN001362,CUST001482,Personal,29158.64,19.55,60,27/07/2025
LOAN001363,CUST000951,Vehicle,323054.86,18.73,120,07/03/2025
LOAN001364,CUST001251,Vehicle,496211.3,14.72,24,07/06/2026
LOAN001365,CUST001053,Personal,89702.66,11.8,12,2022-08-08
LOAN001366,CUST000991,Personal,83877.94,21.78,24,2024-02-13
LOAN001367,CUST000088,Personal,138658.12,14.47,120,24/05/2024
LOAN001368,CUST000547,Vehicle,339039.39,19.62,36,05/08/2024
LOAN001369,CUST001688,Personal,87579.41,18.09,24,20/01/2022
LOAN001370,CUST001856,Home,1921287.67,24.16,120,2022-12-19
LOAN001371,CUST001345,Vehicle,126275.99,13.57,24,24/02/2022
LOAN001372,CUST002223,Home,1034444.5,19.89,180,30/11/2022
LOAN001373,CUST001901,Vehicle,425433.15,18.87,12,2023-09-22
LOAN001374,CUST002458,Home,958026.67,18.2,120,2025-12-02
LOAN001375,CUST001256,Vehicle,300775.47,18.53,60,26/12/2022
LOAN001376,CUST002199,Vehicle,284533.87,12.44,120,30/01/2026
LOAN001377,CUST001875,Vehicle,332328.12,10.83,60,06/06/2026
LOAN001378,CUST000017,Vehicle,593033.71,9.78,12,09/04/2025
LOAN001379,CUST001282,Personal,92974.04,22.4,60,2026-02-11
LOAN001380,CUST000527,Personal,32241.54,9.66,12,04/11/2024
LOAN001381,CUST002995,Vehicle,222488.43,21.36,36,2022-04-05
LOAN001382,CUST000617,Home,1529314.73,8.12,180,01/08/2022
LOAN001383,CUST002778,Home,669012.62,13.64,180,2025-09-10
LOAN001384,CUST002760,Home,523510.14,16.87,180,12/04/2025
LOAN001385,CUST002439,Personal,39077.55,20.67,240,13/09/2021
LOAN001386,CUST002168,Personal,102521.57,12.68,36,02/01/2026
LOAN001387,CUST002459,Personal,75739.58,11.2,120,2026-04-15
LOAN001388,CUST002491,Personal,79746.25,21.27,60,2024-03-22
LOAN001389,CUST000353,Personal,43424.74,7.92,24,2025-06-30
LOAN001390,CUST002878,Home,1437766.86,19.5,240,2021-08-06
LOAN001391,CUST001406,Home,1393217.9,11.98,240,30/08/2025
LOAN001392,CUST001383,Personal,68447.8,13.08,24,2021-09-10
LOAN001393,CUST001754,Home,465451.0,9.34,360,2022-07-26
LOAN001394,CUST002488,Vehicle,467387.18,12.13,24,14/03/2026
LOAN001395,CUST002629,Vehicle,115866.55,9.21,12,17/05/2024
LOAN001396,CUST002535,Personal,97305.21,22.37,48,02/03/2025
LOAN001397,CUST000882,Vehicle,312160.82,19.76,24,2024-02-17
LOAN001398,CUST000459,Personal,92438.07,19.48,48,2025-08-27
LOAN001399,CUST001486,Personal,148027.56,12.98,120,2023-01-07
LOAN001400,CUST002759,Home,443268.84,10.75,360,2022-02-07
LOAN001401,CUST002757,Personal,125818.83,13.16,120,2025-01-15
LOAN001402,CUST001029,Personal,5559.02,22.75,48,21/09/2025
LOAN001403,CUST002410,Home,657451.01,9.12,360,2023-10-02
LOAN001404,CUST000231,Personal,105052.63,15.56,120,2023-09-10
LOAN001405,CUST000979,Personal,138378.02,13.05,60,10/11/2022
LOAN001406,CUST002234,Vehicle,549278.78,13.06,48,26/10/2025
LOAN001407,CUST001525,Personal,13174.84,11.29,240,2026-06-14
LOAN001408,CUST002598,Personal,90260.23,24.47,24,01/03/2025
LOAN001409,CUST001355,Vehicle,577816.85,12.44,48,20/02/2022
LOAN001410,CUST001895,Vehicle,367424.79,18.88,36,2023-04-22
LOAN001411,CUST002916,Home,1015967.55,12.49,180,15/12/2021
LOAN001412,CUST000267,Home,1952635.1,13.31,240,20/06/2025
LOAN001413,CUST001285,Vehicle,242556.5,24.43,24,2025-02-22
LOAN001414,CUST001622,Vehicle,518427.42,17.4,48,05/03/2023
LOAN001415,CUST001341,Home,1262743.68,21.23,360,2024-01-23
LOAN001416,CUST002890,Personal,118917.95,11.31,24,04/12/2022
LOAN001417,CUST001050,Personal,31439.05,18.59,60,2024-09-01
LOAN001418,CUST000380,Personal,86773.28,20.24,36,02/02/2024
LOAN001419,CUST001857,Home,1299384.89,18.66,180,2025-05-22
LOAN001420,CUST001760,Home,376625.55,12.84,180,2025-01-16
LOAN001421,CUST001994,Personal,94730.0,10.2,24,2023-02-11
LOAN001422,CUST000609,Personal,7340.44,12.92,240,2026-02-11
LOAN001423,CUST002934,Vehicle,272025.95,24.71,12,12/09/2023
LOAN001424,CUST001772,Vehicle,215355.94,19.28,48,25/02/2026
LOAN001425,CUST002701,Personal,92501.32,24.88,24,22/06/2025
LOAN001426,CUST002072,Home,1467964.7,10.21,360,16/02/2023
LOAN001427,CUST001768,Home,966624.33,23.67,180,2025-09-15
LOAN001428,CUST002071,Vehicle,189388.04,10.26,48,26/10/2024
LOAN001429,CUST002594,Vehicle,381226.32,14.93,36,18/11/2025
LOAN001430,CUST000585,Personal,59665.52,13.2,24,2021-09-28
LOAN001431,CUST002214,Home,1907314.68,21.77,360,2024-09-08
LOAN001432,CUST000789,Home,1537014.5,21.09,180,2021-08-09
LOAN001433,CUST001630,Home,1787905.58,9.33,360,28/03/2022
LOAN001434,CUST000357,Personal,140914.46,17.02,48,02/06/2023
LOAN001435,CUST002130,Vehicle,365426.69,19.6,240,16/03/2026
LOAN001436,CUST000078,Vehicle,210301.68,20.62,36,17/11/2024
LOAN001437,CUST000356,Personal,80420.51,11.49,48,14/11/2022
LOAN001438,CUST000416,Home,1254458.59,16.97,180,2022-04-24
LOAN001439,CUST002399,Personal,62281.09,8.69,48,2025-07-27
LOAN001440,CUST002468,Vehicle,336858.99,24.37,48,2025-03-05
LOAN001441,CUST002759,Vehicle,81226.42,22.75,240,2022-12-15
LOAN001442,CUST000739,Personal,16132.94,8.04,36,2022-07-17
LOAN001443,CUST000993,Personal,89091.33,21.66,24,15/11/2025
LOAN001444,CUST000020,Vehicle,114615.33,17.83,240,2026-03-30
LOAN001445,CUST002437,Personal,29354.42,23.42,60,13/10/2025
LOAN001446,CUST000075,Personal,10069.83,23.12,60,2025-04-02
LOAN001447,CUST002357,Personal,101147.56,19.64,48,2021-07-31
LOAN001448,CUST000325,Personal,106377.66,24.05,120,23/11/2021
LOAN001449,CUST001205,Home,1802077.16,22.29,180,2024-04-23
LOAN001450,CUST000466,Home,1633068.56,13.99,360,2022-08-04
LOAN001451,CUST000466,Home,1137782.16,15.59,120,2022-06-11
LOAN001452,CUST002184,Vehicle,149354.66,24.33,24,2023-08-16
LOAN001453,CUST002234,Home,1359515.77,23.74,120,2022-11-10
LOAN001454,CUST000688,Home,1265432.71,9.47,180,2023-06-09
LOAN001455,CUST001087,Personal,59325.39,19.64,24,2024-06-09
LOAN001456,CUST001575,Personal,104069.96,10.29,48,2024-09-13
LOAN001457,CUST000405,Vehicle,125894.07,15.1,12,13/12/2023
LOAN001458,CUST000686,Vehicle,550785.45,23.0,24,18/10/2024
LOAN001459,CUST002071,Vehicle,123389.44,9.43,48,14/06/2022
LOAN001460,CUST002449,Home,1561349.54,7.62,180,16/01/2023
LOAN001461,CUST000694,Personal,53298.45,15.02,240,2022-09-15
LOAN001462,CUST001980,Personal,29741.65,19.43,12,01/01/2023
LOAN001463,CUST001479,Personal,97903.89,21.28,12,2023-12-14
LOAN001464,CUST000113,Vehicle,111537.29,15.28,36,26/06/2025
LOAN001465,CUST001692,Personal,81504.57,23.67,36,30/06/2023
LOAN001466,CUST002499,Personal,38739.31,16.06,48,2023-04-28
LOAN001467,CUST001609,Vehicle,92322.16,12.24,48,07/12/2023
LOAN001468,CUST000032,Personal,54262.66,8.97,120,2022-01-15
LOAN001469,CUST002970,Home,1390109.5,9.89,180,2022-02-12
LOAN001470,CUST000535,Vehicle,364514.62,7.69,24,2025-11-24
LOAN001471,CUST001750,Personal,113953.94,23.08,12,12/04/2025
LOAN001472,CUST000121,Vehicle,390199.72,10.61,36,2022-12-24
LOAN001473,CUST001945,Home,412443.55,21.45,240,2026-05-02
LOAN001474,CUST002322,Home,967890.9,15.08,360,02/03/2023
LOAN001475,CUST001043,Personal,96459.52,21.93,240,28/10/2024
LOAN001476,CUST002805,Vehicle,410054.37,8.9,60,2022-02-19
LOAN001477,CUST000409,Vehicle,380325.61,24.84,12,08/11/2023
LOAN001478,CUST001799,Home,1149740.85,14.74,360,2023-02-19
LOAN001479,CUST000119,Vehicle,373537.06,9.18,120,2022-02-15
LOAN001480,CUST000308,Vehicle,299526.11,23.72,36,29/12/2024
LOAN001481,CUST002274,Home,368207.32,7.57,180,12/01/2025
LOAN001482,CUST002692,Personal,49273.38,9.87,48,2025-05-16
LOAN001483,CUST002640,Vehicle,263722.92,19.5,60,12/12/2023
LOAN001484,CUST002057,Vehicle,202574.62,16.18,120,11/07/2025
LOAN001485,CUST002969,Personal,94812.88,13.41,120,22/12/2023
LOAN001486,CUST002509,Vehicle,548593.64,11.72,12,05/08/2023
LOAN001487,CUST001574,Vehicle,495953.24,12.48,36,21/09/2022
LOAN001488,CUST001308,Home,1073351.31,20.08,180,30/12/2022
LOAN001489,CUST002265,Vehicle,393461.47,14.74,60,23/01/2024
LOAN001490,CUST000925,Home,1951065.52,21.95,240,10/12/2025
LOAN001491,CUST001684,Personal,141166.11,14.88,12,2025-06-01
LOAN001492,CUST000377,Home,498374.54,14.01,180,2021-11-12
LOAN001493,CUST000868,Home,1974413.62,14.48,360,12/05/2025
LOAN001494,CUST001131,Personal,133599.66,12.13,36,08/11/2022
LOAN001495,CUST000834,Vehicle,419250.74,12.21,36,16/02/2023
LOAN001496,CUST001086,Personal,17187.64,12.6,60,29/06/2023
LOAN001497,CUST000736,Home,583390.97,22.4,240,28/09/2023
LOAN001498,CUST002557,Home,486423.11,9.44,180,12/07/2023
LOAN001499,CUST002706,Home,1390858.3,14.24,240,2026-01-20
LOAN001500,CUST001807,Vehicle,309922.91,20.17,36,20/11/2022
LOAN001501,CUST001535,Personal,99513.05,20.81,48,2025-02-23
LOAN001502,CUST001070,Home,303570.18,13.91,120,2023-03-28
LOAN001503,CUST002816,Vehicle,539390.52,23.12,24,2025-08-04
LOAN001504,CUST001329,Home,1681703.95,20.38,240,2023-01-31
LOAN001505,CUST000978,Personal,110011.62,20.42,36,01/08/2023
LOAN001506,CUST000291,Personal,49738.08,23.52,120,19/05/2024
LOAN001507,CUST002972,Personal,66737.19,7.96,12,21/05/2022
LOAN001508,CUST000603,Personal,113742.97,21.4,240,2022-07-31
LOAN001509,CUST001581,Vehicle,444027.84,13.38,12,22/08/2024
LOAN001510,CUST000037,Personal,128178.12,9.28,60,2026-03-25
LOAN001511,CUST000181,Home,1536150.24,7.53,360,01/08/2024
LOAN001512,CUST002544,Personal,32150.73,16.92,240,2023-03-10
LOAN001513,CUST000328,Vehicle,111240.52,12.1,48,17/07/2024
LOAN001514,CUST001560,Personal,58929.22,18.25,240,30/08/2021
LOAN001515,CUST000277,Vehicle,564346.3,12.47,120,12/02/2025
LOAN001516,CUST002001,Home,966836.2,10.45,180,06/07/2025
LOAN001517,CUST002887,Personal,109168.42,23.62,60,04/01/2022
LOAN001518,CUST002703,Vehicle,222095.49,15.69,36,12/01/2025
LOAN001519,CUST002064,Personal,134831.71,10.47,60,2026-01-20
LOAN001520,CUST002461,Personal,54302.06,18.66,120,2025-05-04
LOAN001521,CUST000166,Home,326977.43,13.92,120,2024-04-14
LOAN001522,CUST001150,Vehicle,133755.98,21.72,12,2024-10-14
LOAN001523,CUST000105,Vehicle,586003.95,22.72,48,13/02/2024
LOAN001524,CUST002936,Vehicle,581191.72,7.76,48,07/05/2023
LOAN001525,CUST000071,Personal,56797.82,23.28,48,17/07/2022
LOAN001526,CUST000531,Personal,120593.78,14.28,36,2022-05-04
LOAN001527,CUST000536,Home,1414180.45,22.37,120,14/03/2024
LOAN001528,CUST002594,Vehicle,590987.13,11.57,60,17/10/2025
LOAN001529,CUST001928,Home,567711.87,20.95,180,11/09/2022
LOAN001530,CUST001485,Personal,124328.74,20.96,120,04/07/2025
LOAN001531,CUST002980,Home,1125929.2,23.52,240,2026-01-17
LOAN001532,CUST001718,Home,589905.23,15.47,240,2023-03-13
LOAN001533,CUST000647,Personal,100652.39,22.32,240,2022-08-17
LOAN001534,CUST001343,Vehicle,520702.77,22.77,48,2025-03-04
LOAN001535,CUST002526,Vehicle,534180.9,8.42,60,2026-03-11
LOAN001536,CUST000242,Personal,101392.15,17.25,12,2021-09-28
LOAN001537,CUST001700,Home,439651.85,17.32,180,30/08/2021
LOAN001538,CUST000284,Home,676339.49,19.8,240,2026-03-11
LOAN001539,CUST001367,Vehicle,275060.35,10.3,24,26/01/2022
LOAN001540,CUST000090,Home,522429.69,12.22,180,11/07/2023
LOAN001541,CUST000313,Personal,8251.19,8.7,48,14/12/2023
LOAN001542,CUST001567,Vehicle,351065.3,23.19,120,2022-05-04
LOAN001543,CUST002511,Vehicle,229164.81,8.65,120,2023-01-18
LOAN001544,CUST000251,Home,716855.06,16.28,180,12/09/2022
LOAN001545,CUST002674,Home,1199539.65,21.5,360,14/05/2025
LOAN001546,CUST000358,Personal,101420.69,11.37,24,2022-10-13
LOAN001547,CUST001702,Vehicle,96335.85,15.95,24,27/11/2022
LOAN001548,CUST001402,Home,1631308.12,20.82,360,05/03/2022
LOAN001549,CUST000853,Home,892609.66,11.85,120,2025-06-03
LOAN001550,CUST002957,Vehicle,210061.51,9.43,36,2024-10-15
LOAN001551,CUST000963,Personal,60363.71,21.81,24,2022-03-18
LOAN001552,CUST000843,Personal,105216.39,13.85,12,2025-03-17
LOAN001553,CUST001903,Home,1184036.58,7.9,120,23/11/2022
LOAN001554,CUST001580,Home,535644.76,15.16,120,2021-12-25
LOAN001555,CUST002077,Home,509603.31,15.81,240,2021-12-05
LOAN001556,CUST002304,Personal,140219.09,24.62,36,12/02/2025
LOAN001557,CUST001858,Vehicle,514345.06,11.84,60,2025-04-26
LOAN001558,CUST000692,Vehicle,250139.57,13.5,48,2023-08-11
LOAN001559,CUST002540,Personal,38189.02,11.09,60,21/08/2021
LOAN001560,CUST002292,Personal,28317.16,17.98,60,2025-08-25
LOAN001561,CUST002472,Vehicle,386523.75,13.73,36,2024-07-16
LOAN001562,CUST001285,Home,867482.94,22.05,240,24/04/2022
LOAN001563,CUST001317,Vehicle,304930.67,10.01,240,2025-03-09
LOAN001564,CUST000640,Personal,42384.99,24.52,240,19/06/2025
LOAN001565,CUST000284,Home,861397.33,16.24,120,10/07/2022
LOAN001566,CUST001540,Home,889304.81,15.35,240,2024-07-18
LOAN001567,CUST000587,Vehicle,198825.17,20.7,48,07/02/2023
LOAN001568,CUST002832,Personal,112721.04,12.89,12,2023-02-27
LOAN001569,CUST000989,Home,1508845.17,12.2,360,01/02/2024
LOAN001570,CUST001221,Personal,102573.52,7.72,120,06/09/2021
LOAN001571,CUST001099,Vehicle,467793.08,13.59,48,30/11/2022
LOAN001572,CUST002915,Personal,75730.38,23.54,60,2022-07-25
LOAN001573,CUST001387,Personal,115240.7,23.52,60,12/11/2022
LOAN001574,CUST000288,Vehicle,283455.99,13.55,60,16/10/2024
LOAN001575,CUST000332,Personal,105422.46,22.46,48,20/11/2023
LOAN001576,CUST000982,Vehicle,589783.9,14.82,60,2022-12-31
LOAN001577,CUST001285,Home,1386685.32,9.58,240,09/01/2022
LOAN001578,CUST001702,Personal,130224.7,24.62,36,2026-04-28
LOAN001579,CUST001529,Personal,42815.87,14.37,24,29/04/2024
LOAN001580,CUST001760,Personal,91051.54,23.22,120,11/12/2023
LOAN001581,CUST002375,Vehicle,475101.84,15.96,48,12/01/2026
LOAN001582,CUST001673,Vehicle,343883.24,20.37,60,2024-03-10
LOAN001583,CUST002569,Vehicle,260702.34,8.39,48,2022-10-08
LOAN001584,CUST002308,Home,1712322.83,20.23,240,25/08/2021
LOAN001585,CUST001154,Home,307351.46,14.55,360,2024-01-05
LOAN001586,CUST000371,Personal,75739.34,17.43,60,03/07/2023
LOAN001587,CUST001487,Personal,72670.18,19.11,60,2023-05-26
LOAN001588,CUST001693,Home,1639798.58,10.78,120,03/04/2024
LOAN001589,CUST001604,Home,1552742.67,18.29,240,05/02/2022
LOAN001590,CUST001221,Personal,116120.92,22.81,12,2022-09-01
LOAN001591,CUST000523,Personal,128996.02,12.87,24,2026-05-13
LOAN001592,CUST001331,Vehicle,593218.33,9.72,24,2023-07-10
LOAN001593,CUST000053,Home,437468.1,24.3,180,2022-09-16
LOAN001594,CUST002387,Vehicle,429751.53,13.23,120,21/05/2023
LOAN001595,CUST002723,Personal,100890.87,22.72,120,2024-05-02
LOAN001596,CUST001985,Personal,100099.88,21.34,48,2024-09-23
LOAN001597,CUST002667,Personal,97444.44,20.03,48,15/03/2023
LOAN001598,CUST001337,Home,425184.1,17.62,360,19/07/2025
LOAN001599,CUST002938,Home,641787.62,10.51,120,14/05/2026
LOAN001600,CUST002821,Personal,125727.43,10.94,120,2022-01-13
LOAN001601,CUST002824,Vehicle,464612.5,15.3,24,26/05/2022
LOAN001602,CUST002997,Home,466844.23,11.84,120,27/10/2025
LOAN001603,CUST000516,Home,1244263.15,19.7,120,23/12/2023
LOAN001604,CUST002051,Home,1743665.94,13.69,120,2022-10-18
LOAN001605,CUST000303,Vehicle,82068.42,13.21,120,05/04/2022
LOAN001606,CUST001008,Vehicle,219488.31,14.46,12,2024-08-06
LOAN001607,CUST002082,Home,1048787.89,23.2,180,2023-11-23
LOAN001608,CUST002325,Personal,106955.05,18.91,240,14/02/2025
LOAN001609,CUST000537,Vehicle,92322.93,17.29,240,09/05/2024
LOAN001610,CUST001049,Vehicle,523277.74,20.38,240,16/09/2022
LOAN001611,CUST000315,Home,1674938.98,20.06,360,2025-05-05
LOAN001612,CUST000140,Vehicle,405173.65,19.8,12,2022-10-21
LOAN001613,CUST002112,Vehicle,288145.11,10.76,48,2023-02-05
LOAN001614,CUST002422,Vehicle,487837.95,20.67,36,25/03/2023
LOAN001615,CUST002610,Personal,138933.96,15.5,24,22/04/2022
LOAN001616,CUST000141,Home,1617502.07,19.78,360,23/02/2023
LOAN001617,CUST000573,Vehicle,150622.32,8.01,120,2024-05-06
LOAN001618,CUST000647,Vehicle,365548.94,7.7,12,26/07/2023
LOAN001619,CUST000072,Home,1028637.63,10.97,180,05/08/2021
LOAN001620,CUST001482,Personal,47809.52,14.82,48,2024-12-17
LOAN001621,CUST001662,Home,1284818.86,18.97,240,12/04/2025
LOAN001622,CUST002004,Home,1726288.84,15.82,360,23/06/2025
LOAN001623,CUST001608,Home,1066005.35,11.87,120,2024-04-01
LOAN001624,CUST002252,Vehicle,220683.95,18.88,48,08/02/2023
LOAN001625,CUST002120,Vehicle,106040.69,24.35,36,09/10/2024
LOAN001626,CUST000560,Vehicle,251868.24,24.34,12,2023-02-24
LOAN001627,CUST002083,Home,1013274.34,23.07,360,2025-01-19
LOAN001628,CUST001204,Vehicle,87347.23,14.22,12,05/02/2024
LOAN001629,CUST000289,Vehicle,86757.97,23.44,12,2025-10-15
LOAN001630,CUST001608,Personal,70357.98,15.17,36,2026-06-13
LOAN001631,CUST002345,Vehicle,206886.03,11.54,48,2021-12-19
LOAN001632,CUST001303,Vehicle,135802.51,23.97,60,30/01/2022
LOAN001633,CUST001435,Home,672359.7,12.61,120,02/01/2025
LOAN001634,CUST000355,Vehicle,407734.53,24.32,12,2023-06-01
LOAN001635,CUST002367,Personal,114575.94,12.61,12,16/04/2025
LOAN001636,CUST002416,Personal,124725.28,8.13,60,2022-05-13
LOAN001637,CUST001918,Personal,40800.87,14.27,48,31/03/2025
LOAN001638,CUST002145,Personal,149092.95,17.54,120,20/05/2022
LOAN001639,CUST002653,Personal,134665.34,11.2,12,20/09/2023
LOAN001640,CUST002673,Vehicle,230902.23,10.88,120,2026-05-07
LOAN001641,CUST002722,Vehicle,439102.12,11.06,60,04/10/2021
LOAN001642,CUST000684,Vehicle,278577.2,22.77,60,27/08/2023
LOAN001643,CUST000481,Personal,55496.39,11.37,36,2022-05-28
LOAN001644,CUST001840,Personal,122842.66,14.56,48,08/07/2025
LOAN001645,CUST000137,Home,532211.86,22.72,180,2023-12-18
LOAN001646,CUST001794,Personal,81946.58,12.19,240,01/04/2025
LOAN001647,CUST000053,Vehicle,203878.09,11.14,240,2024-04-04
LOAN001648,CUST001091,Home,1200769.54,20.72,180,13/07/2023
LOAN001649,CUST000263,Vehicle,257633.91,10.79,48,10/01/2023
LOAN001650,CUST000389,Home,1004152.15,19.58,240,16/09/2023
LOAN001651,CUST002946,Home,905878.6,12.73,360,05/01/2023
LOAN001652,CUST001324,Vehicle,356558.69,9.93,240,06/02/2026
LOAN001653,CUST000461,Vehicle,582913.45,21.7,120,22/11/2024
LOAN001654,CUST001773,Personal,115475.15,15.79,120,2024-02-19
LOAN001655,CUST001175,Personal,83799.69,20.31,48,04/08/2024
LOAN001656,CUST002180,Personal,99106.36,7.66,240,2023-05-24
LOAN001657,CUST001062,Vehicle,526930.13,15.05,24,2024-10-06
LOAN001658,CUST001019,Personal,115113.31,23.54,12,06/04/2022
LOAN001659,CUST000847,Vehicle,185430.27,21.03,24,2024-02-21
LOAN001660,CUST001315,Personal,48594.73,15.37,36,28/07/2022
LOAN001661,CUST002173,Personal,50934.9,23.83,48,2024-08-02
LOAN001662,CUST000681,Home,1224657.14,24.23,180,2025-01-29
LOAN001663,CUST000659,Home,487172.89,19.95,360,14/02/2024
LOAN001664,CUST002963,Vehicle,210487.39,21.51,48,2022-10-20
LOAN001665,CUST001144,Vehicle,369384.8,15.67,120,04/11/2023
LOAN001666,CUST000776,Vehicle,376814.76,23.47,240,2026-03-04
LOAN001667,CUST002920,Personal,109966.08,24.26,240,2026-02-15
LOAN001668,CUST001605,Personal,79012.16,10.73,240,2025-02-09
LOAN001669,CUST001477,Vehicle,129292.44,12.28,60,04/10/2025
LOAN001670,CUST000351,Home,1216565.68,12.05,180,2022-03-26
LOAN001671,CUST000650,Personal,134128.34,16.29,24,23/02/2024
LOAN001672,CUST001264,Home,1435154.47,24.62,120,24/08/2025
LOAN001673,CUST002680,Home,1025274.96,9.92,360,2021-08-12
LOAN001674,CUST000708,Personal,118021.8,22.3,48,13/08/2023
LOAN001675,CUST001796,Vehicle,405055.55,14.23,36,2022-04-22
LOAN001676,CUST000726,Personal,7941.28,16.56,48,23/11/2021
LOAN001677,CUST000320,Home,1787706.39,14.4,180,2026-05-16
LOAN001678,CUST000646,Personal,128529.87,20.45,48,2023-02-06
LOAN001679,CUST001277,Vehicle,187892.06,18.09,48,28/06/2022
LOAN001680,CUST000982,Vehicle,408477.98,11.92,48,2024-12-24
LOAN001681,CUST000402,Vehicle,111752.8,14.25,120,2024-03-18
LOAN001682,CUST001487,Home,1974045.36,22.07,240,12/03/2023
LOAN001683,CUST002521,Personal,47065.12,23.4,48,12/11/2021
LOAN001684,CUST000427,Personal,28611.99,18.53,240,15/11/2023
LOAN001685,CUST001699,Vehicle,460179.45,20.51,240,2022-05-03
LOAN001686,CUST000073,Personal,130614.23,18.59,60,16/04/2023
LOAN001687,CUST002946,Home,870350.78,14.11,120,2024-04-25
LOAN001688,CUST002236,Home,1939486.5,16.97,360,05/09/2022
LOAN001689,CUST001764,Home,675443.08,13.58,120,2024-08-28
LOAN001690,CUST000799,Vehicle,482577.17,13.53,60,17/02/2026
LOAN001691,CUST002815,Personal,71832.68,15.57,12,2022-12-01
LOAN001692,CUST000105,Vehicle,206819.1,24.73,120,2025-08-08
LOAN001693,CUST000911,Home,460286.07,18.93,180,2025-11-01
LOAN001694,CUST001462,Home,733031.56,11.95,240,2024-06-10
LOAN001695,CUST001199,Personal,86621.48,20.62,24,2023-01-26
LOAN001696,CUST002249,Personal,5839.05,8.76,120,2024-08-21
LOAN001697,CUST000454,Personal,78806.6,22.2,24,20/07/2023
LOAN001698,CUST001762,Vehicle,162119.8,10.39,60,2022-10-26
LOAN001699,CUST001141,Home,1111285.01,20.55,180,2024-03-24
LOAN001700,CUST002819,Personal,133673.16,20.56,240,22/10/2024
LOAN001701,CUST000623,Personal,112571.02,21.22,48,2021-12-12
LOAN001702,CUST002782,Vehicle,233757.66,22.11,240,25/04/2022
LOAN001703,CUST001090,Vehicle,389984.58,10.19,60,27/02/2025
LOAN001704,CUST001683,Vehicle,592376.68,18.65,60,2022-12-11
LOAN001705,CUST002111,Home,1414113.13,13.06,120,2022-11-10
LOAN001706,CUST002707,Home,1581713.07,9.34,360,2022-01-25
LOAN001707,CUST000698,Home,512937.46,9.32,360,2025-06-27
LOAN001708,CUST002327,Home,737164.51,9.37,180,2024-06-15
LOAN001709,CUST000122,Home,1897413.92,10.99,120,02/05/2025
LOAN001710,CUST002171,Home,1455321.99,14.39,240,11/03/2023
LOAN001711,CUST001545,Personal,74435.11,23.95,48,13/05/2025
LOAN001712,CUST001925,Personal,36772.68,12.08,36,2024-06-24
LOAN001713,CUST002434,Personal,85957.69,11.17,60,2022-12-06
LOAN001714,CUST000020,Home,525689.86,12.83,240,2025-07-15
LOAN001715,CUST001979,Home,330964.73,24.45,240,07/11/2025
LOAN001716,CUST000211,Personal,105041.43,11.28,60,2024-11-08
LOAN001717,CUST000613,Home,1098796.63,12.05,240,2023-11-23
LOAN001718,CUST002498,Personal,54053.94,21.94,24,2022-05-24
LOAN001719,CUST000985,Vehicle,404541.6,17.93,36,2025-06-02
LOAN001720,CUST002201,Vehicle,101718.68,24.58,120,2026-06-07
LOAN001721,CUST001189,Personal,92012.77,19.76,24,2022-01-06
LOAN001722,CUST002949,Personal,17192.65,12.8,240,08/07/2025
LOAN001723,CUST001898,Home,642898.85,8.14,360,2022-04-15
LOAN001724,CUST001494,Vehicle,115283.11,21.82,36,18/05/2022
LOAN001725,CUST000386,Home,1907873.49,21.07,360,2025-11-13
LOAN001726,CUST000843,Vehicle,91043.23,23.31,48,27/02/2023
LOAN001727,CUST002126,Vehicle,130216.92,22.56,12,2025-12-22
LOAN001728,CUST001759,Home,1499794.85,18.37,240,27/10/2021
LOAN001729,CUST000427,Personal,9596.07,23.12,240,31/01/2024
LOAN001730,CUST002410,Vehicle,453832.63,9.26,60,24/09/2023
LOAN001731,CUST000288,Vehicle,208568.46,9.57,240,01/11/2024
LOAN001732,CUST001719,Vehicle,369084.48,15.32,120,2023-03-05
LOAN001733,CUST000274,Personal,60830.09,17.13,60,2024-01-11
LOAN001734,CUST002556,Vehicle,335082.89,18.66,60,21/02/2022
LOAN001735,CUST002559,Vehicle,430360.57,22.8,12,2024-04-27
LOAN001736,CUST002295,Vehicle,441758.0,21.04,120,04/06/2023
LOAN001737,CUST000879,Personal,72453.9,15.43,36,18/06/2023
LOAN001738,CUST000090,Personal,22976.9,16.08,48,2023-11-25
LOAN001739,CUST001110,Home,1718835.62,20.55,120,2023-02-06
LOAN001740,CUST001514,Personal,13570.93,14.64,48,2024-02-19
LOAN001741,CUST001280,Personal,117262.68,24.36,48,2024-03-05
LOAN001742,CUST002147,Home,1332354.17,20.39,360,2025-11-29
LOAN001743,CUST001252,Vehicle,251698.66,10.18,240,2025-09-16
LOAN001744,CUST002455,Vehicle,449814.47,10.1,60,07/04/2026
LOAN001745,CUST000799,Personal,120559.53,21.64,120,21/03/2026
LOAN001746,CUST001501,Vehicle,223446.83,16.35,120,31/08/2025
LOAN001747,CUST002732,Vehicle,583115.14,15.93,24,2025-01-24
LOAN001748,CUST002851,Personal,126728.6,9.99,120,2025-09-12
LOAN001749,CUST000799,Home,1142460.87,19.94,240,2024-04-28
LOAN001750,CUST001054,Vehicle,196687.58,8.57,12,2023-12-23
LOAN001751,CUST000824,Home,1648555.31,23.17,120,12/06/2025
LOAN001752,CUST000003,Vehicle,263103.76,15.12,48,2024-12-08
LOAN001753,CUST001799,Home,1501261.81,14.98,120,23/04/2024
LOAN001754,CUST001879,Personal,64513.05,10.24,120,2023-09-16
LOAN001755,CUST002947,Vehicle,407118.76,14.59,48,12/04/2023
LOAN001756,CUST000590,Personal,140273.77,20.35,12,09/09/2021
LOAN001757,CUST002354,Personal,142859.48,8.66,24,14/05/2023
LOAN001758,CUST001159,Home,1120236.77,14.18,120,10/11/2023
LOAN001759,CUST002541,Vehicle,434667.73,7.87,48,2024-11-11
LOAN001760,CUST001610,Home,1494992.33,23.34,180,2025-02-24
LOAN001761,CUST000384,Home,1360515.59,22.55,180,2022-08-14
LOAN001762,CUST001784,Vehicle,304619.01,14.56,48,26/04/2024
LOAN001763,CUST001138,Home,851347.12,10.23,180,2026-06-23
LOAN001764,CUST000917,Vehicle,224321.3,19.7,36,10/03/2026
LOAN001765,CUST000983,Personal,72622.46,24.48,12,2023-06-13
LOAN001766,CUST002286,Home,617544.55,20.68,360,12/06/2022
LOAN001767,CUST001292,Home,1714669.98,9.57,120,30/03/2025
LOAN001768,CUST000035,Personal,148970.98,13.84,48,2021-08-14
LOAN001769,CUST001094,Vehicle,287208.39,12.53,48,2023-09-28
LOAN001770,CUST002862,Personal,54832.56,17.0,240,26/02/2024
LOAN001771,CUST000617,Vehicle,371884.52,22.71,60,2021-08-05
LOAN001772,CUST002726,Home,359486.1,13.52,240,03/02/2023
LOAN001773,CUST001830,Personal,74972.45,19.59,240,11/01/2022
LOAN001774,CUST002409,Personal,130569.87,13.32,36,2023-05-19
LOAN001775,CUST001370,Personal,70879.65,16.72,36,2022-10-25
LOAN001776,CUST000459,Vehicle,300017.42,10.93,24,06/02/2026
LOAN001777,CUST001311,Home,974408.84,10.09,120,20/07/2024
LOAN001778,CUST001842,Home,1681093.35,8.18,240,2021-09-24
LOAN001779,CUST002952,Personal,20545.61,15.2,60,02/12/2022
LOAN001780,CUST001029,Personal,117287.11,11.78,120,03/12/2023
LOAN001781,CUST000490,Vehicle,416898.46,21.59,240,12/10/2021
LOAN001782,CUST002982,Vehicle,392766.43,7.75,12,2024-12-26
LOAN001783,CUST001351,Home,1670928.47,22.34,120,2022-10-23
LOAN001784,CUST000104,Vehicle,192647.8,13.41,120,2024-08-22
LOAN001785,CUST001389,Vehicle,455290.55,14.05,12,2026-05-06
LOAN001786,CUST002423,Home,1180962.47,17.77,360,2025-08-13
LOAN001787,CUST001700,Personal,117794.54,17.39,120,24/10/2025
LOAN001788,CUST001762,Personal,134007.71,24.25,36,16/02/2026
LOAN001789,CUST002319,Home,495078.14,16.61,240,2026-06-22
LOAN001790,CUST002548,Home,387676.7,16.36,240,04/09/2024
LOAN001791,CUST000706,Vehicle,391385.51,14.26,240,2023-12-24
LOAN001792,CUST001773,Personal,40480.26,13.93,120,23/11/2023
LOAN001793,CUST001452,Home,1781895.04,16.04,360,2025-11-14
LOAN001794,CUST000235,Personal,8291.44,12.78,240,04/04/2025
LOAN001795,CUST000591,Home,976490.53,22.74,360,15/07/2025
LOAN001796,CUST000095,Personal,120174.49,15.71,24,2021-10-02
LOAN001797,CUST001580,Home,1964275.89,11.93,360,2021-09-15
LOAN001798,CUST001488,Home,669869.34,16.03,240,18/12/2025
LOAN001799,CUST002065,Vehicle,86926.98,10.98,36,2022-04-27
LOAN001800,CUST002595,Home,361432.51,21.69,240,09/03/2025
LOAN001801,CUST002236,Personal,102922.69,23.65,60,2025-11-07
LOAN001802,CUST002512,Vehicle,279198.36,10.91,48,19/03/2022
LOAN001803,CUST001785,Vehicle,153877.27,19.48,48,2023-08-18
LOAN001804,CUST001395,Personal,65076.12,11.51,48,22/09/2025
LOAN001805,CUST001411,Personal,82201.38,24.3,240,03/11/2021
LOAN001806,CUST000550,Vehicle,97012.38,23.06,240,2024-09-13
LOAN001807,CUST001723,Personal,129829.58,9.76,12,14/11/2021
LOAN001808,CUST001096,Home,330141.2,15.41,240,17/01/2022
LOAN001809,CUST001155,Vehicle,537712.24,19.62,120,2024-03-29
LOAN001810,CUST000507,Personal,112732.71,21.89,120,28/05/2026
LOAN001811,CUST000205,Vehicle,525507.43,22.96,120,09/07/2022
LOAN001812,CUST002600,Vehicle,324761.03,9.86,120,2024-08-02
LOAN001813,CUST000007,Vehicle,533691.01,17.09,36,24/08/2021
LOAN001814,CUST000348,Personal,112543.49,18.68,12,07/09/2025
LOAN001815,CUST000772,Home,1635941.76,22.58,180,27/09/2025
LOAN001816,CUST000532,Personal,24321.32,9.83,60,2023-02-14
LOAN001817,CUST001868,Home,1137317.05,15.44,180,20/01/2025
LOAN001818,CUST000765,Home,381432.51,9.12,240,08/01/2026
LOAN001819,CUST000777,Vehicle,198182.63,16.74,48,14/06/2024
LOAN001820,CUST001220,Vehicle,512736.25,10.57,240,2026-03-18
LOAN001821,CUST002564,Vehicle,252237.33,19.54,120,2024-02-08
LOAN001822,CUST000230,Home,1645712.66,22.82,360,2026-03-12
LOAN001823,CUST002618,Vehicle,205500.46,8.45,120,20/07/2023
LOAN001824,CUST002426,Home,1748695.84,24.03,360,08/09/2025
LOAN001825,CUST000280,Vehicle,353176.38,16.54,240,10/11/2024
LOAN001826,CUST002352,Personal,109049.0,13.16,24,19/11/2021
LOAN001827,CUST000471,Vehicle,150235.27,19.89,12,16/08/2025
LOAN001828,CUST000212,Vehicle,408929.73,9.02,120,13/01/2024
LOAN001829,CUST002764,Home,1128606.71,10.92,360,24/02/2025
LOAN001830,CUST002782,Home,1931892.49,15.59,360,2021-12-23
LOAN001831,CUST000554,Vehicle,159924.48,7.85,240,2023-09-30
LOAN001832,CUST001671,Personal,119404.17,19.12,60,2022-12-03
LOAN001833,CUST000442,Home,445871.28,11.91,240,2022-07-18
LOAN001834,CUST002748,Vehicle,408882.59,24.74,240,2024-01-20
LOAN001835,CUST002109,Vehicle,217887.93,19.59,36,2022-06-01
LOAN001836,CUST002952,Home,596642.29,19.55,240,29/03/2025
LOAN001837,CUST000184,Home,1420691.02,24.03,180,08/09/2025
LOAN001838,CUST000262,Personal,71212.54,10.63,36,2021-07-31
LOAN001839,CUST001898,Home,1903112.64,13.99,360,29/11/2022
LOAN001840,CUST000533,Vehicle,210359.21,14.25,120,17/04/2023
LOAN001841,CUST000038,Vehicle,187544.85,12.71,12,31/03/2023
LOAN001842,CUST002579,Vehicle,554479.98,23.08,12,2024-05-12
LOAN001843,CUST002362,Vehicle,124376.31,17.88,120,28/12/2024
LOAN001844,CUST002475,Home,968162.09,20.78,360,08/05/2024
LOAN001845,CUST001882,Home,1735962.38,9.58,120,2023-11-05
LOAN001846,CUST000207,Home,926028.93,11.29,180,19/02/2022
LOAN001847,CUST002930,Personal,61094.32,10.01,36,04/01/2022
LOAN001848,CUST000848,Home,1536999.68,13.07,360,2025-02-26
LOAN001849,CUST000721,Home,1590759.74,16.59,360,2022-06-24
LOAN001850,CUST002974,Vehicle,517391.45,14.72,36,2024-06-22
LOAN001851,CUST002489,Personal,103580.38,11.06,120,26/04/2026
LOAN001852,CUST001808,Vehicle,378017.53,13.31,24,03/05/2025
LOAN001853,CUST000261,Home,1774730.43,18.45,240,12/06/2025
LOAN001854,CUST002671,Home,981527.26,14.35,120,20/08/2022
LOAN001855,CUST002781,Personal,108095.93,8.84,36,30/05/2023
LOAN001856,CUST002918,Personal,69573.31,22.24,240,2021-12-19
LOAN001857,CUST000801,Home,1152430.16,22.7,240,16/02/2025
LOAN001858,CUST001495,Vehicle,208096.33,23.7,48,12/10/2022
LOAN001859,CUST002229,Vehicle,389762.45,14.33,60,07/09/2025
LOAN001860,CUST001943,Home,868886.49,9.05,120,2024-09-22
LOAN001861,CUST000394,Vehicle,396671.72,13.17,60,2025-12-31
LOAN001862,CUST002849,Home,1416658.37,21.86,180,2022-07-04
LOAN001863,CUST001724,Personal,61708.76,7.84,36,2025-04-14
LOAN001864,CUST001474,Personal,68011.03,16.2,12,2022-03-21
LOAN001865,CUST000708,Vehicle,115047.18,19.69,36,29/10/2021
LOAN001866,CUST001938,Personal,109752.81,15.08,12,14/01/2025
LOAN001867,CUST001481,Home,566068.69,22.86,240,10/06/2022
LOAN001868,CUST000799,Vehicle,593926.15,7.6,48,2022-04-04
LOAN001869,CUST000965,Personal,84306.01,13.71,24,2023-02-13
LOAN001870,CUST002975,Vehicle,338883.55,23.05,36,05/09/2022
LOAN001871,CUST002156,Vehicle,570474.83,19.06,48,29/06/2022
LOAN001872,CUST002804,Home,1449009.91,10.13,360,2025-11-29
LOAN001873,CUST001448,Personal,114937.72,20.13,60,2022-06-09
LOAN001874,CUST001272,Vehicle,329695.2,21.75,48,06/01/2023
LOAN001875,CUST001311,Personal,113340.22,16.72,12,2024-12-30
LOAN001876,CUST001723,Personal,86491.74,15.96,240,13/11/2022
LOAN001877,CUST002177,Home,1039911.04,21.62,360,23/12/2023
LOAN001878,CUST001354,Home,952965.19,11.71,360,2024-05-30
LOAN001879,CUST001673,Personal,48550.55,24.45,60,2023-04-13
LOAN001880,CUST000698,Home,1763052.79,16.23,360,2024-09-21
LOAN001881,CUST001004,Home,671580.85,12.52,360,12/10/2023
LOAN001882,CUST001309,Personal,51854.19,23.3,12,2024-09-01
LOAN001883,CUST002628,Home,1577633.01,17.31,360,2025-08-28
LOAN001884,CUST000968,Vehicle,385499.06,24.49,48,30/09/2021
LOAN001885,CUST002379,Home,1205476.45,9.5,240,2025-09-02
LOAN001886,CUST001786,Home,1123971.97,13.85,360,19/06/2023
LOAN001887,CUST002073,Vehicle,314208.31,20.51,36,18/03/2024
LOAN001888,CUST002588,Vehicle,207264.95,18.15,240,08/08/2022
LOAN001889,CUST000265,Home,1647498.07,23.49,360,2025-01-07
LOAN001890,CUST001980,Vehicle,210506.67,12.33,48,10/04/2023
LOAN001891,CUST001865,Vehicle,343946.35,15.23,60,22/07/2025
LOAN001892,CUST002306,Personal,118890.23,21.99,60,25/06/2025
LOAN001893,CUST000520,Home,1307466.58,20.21,180,2022-08-02
LOAN001894,CUST001310,Vehicle,248317.42,12.49,12,2025-01-03
LOAN001895,CUST001322,Home,847543.6,20.19,120,2024-01-17
LOAN001896,CUST000515,Vehicle,176150.31,22.46,48,25/08/2025
LOAN001897,CUST001665,Personal,147197.96,13.35,12,2025-06-22
LOAN001898,CUST001286,Home,631073.46,23.73,360,2022-01-05
LOAN001899,CUST002884,Vehicle,341959.95,9.59,120,15/05/2025
LOAN001900,CUST002593,Personal,81175.35,15.69,36,2022-11-02
LOAN001901,CUST001014,Vehicle,321836.13,8.32,48,13/11/2023
LOAN001902,CUST001792,Home,1390084.55,22.21,180,20/09/2021
LOAN001903,CUST001335,Personal,87536.75,23.68,60,2022-02-18
LOAN001904,CUST000190,Personal,104487.1,15.22,120,2024-10-21
LOAN001905,CUST000112,Vehicle,545252.05,19.44,120,2022-06-26
LOAN001906,CUST001658,Home,1508139.46,13.69,180,03/04/2022
LOAN001907,CUST002545,Vehicle,203552.93,12.79,36,2024-06-14
LOAN001908,CUST001309,Vehicle,115197.63,11.04,48,25/05/2023
LOAN001909,CUST002418,Personal,45304.31,21.19,120,05/06/2023
LOAN001910,CUST002027,Vehicle,340423.42,13.23,12,17/06/2024
LOAN001911,CUST001606,Personal,105148.98,13.39,120,24/09/2021
LOAN001912,CUST000137,Personal,68419.91,20.89,36,2025-01-06
LOAN001913,CUST001837,Home,622799.26,10.66,360,2024-08-30
LOAN001914,CUST000116,Vehicle,206012.64,21.91,48,2025-11-04
LOAN001915,CUST002332,Home,1185178.82,22.77,360,2021-08-09
LOAN001916,CUST000346,Personal,46873.89,11.37,36,2023-08-22
LOAN001917,CUST002320,Home,1780353.34,8.11,180,19/03/2023
LOAN001918,CUST000837,Vehicle,215618.2,24.51,60,02/10/2024
LOAN001919,CUST001617,Vehicle,164179.27,14.9,60,22/01/2022
LOAN001920,CUST002311,Personal,140474.57,13.69,36,2026-01-21
LOAN001921,CUST000013,Vehicle,231117.55,13.04,240,27/01/2023
LOAN001922,CUST000161,Home,522425.62,10.61,240,2023-11-11
LOAN001923,CUST001834,Personal,96086.48,10.13,60,25/06/2022
LOAN001924,CUST000191,Home,1585322.14,16.66,180,2021-09-03
LOAN001925,CUST000243,Home,327907.47,21.23,240,19/07/2025
LOAN001926,CUST000487,Vehicle,87164.19,14.95,120,2023-10-24
LOAN001927,CUST000366,Personal,54775.08,11.52,48,26/05/2024
LOAN001928,CUST000173,Personal,107171.07,8.22,12,15/09/2023
LOAN001929,CUST000533,Home,357658.56,18.4,180,2023-07-13
LOAN001930,CUST001271,Home,1270154.8,18.06,360,01/09/2025
LOAN001931,CUST002661,Vehicle,261107.78,21.84,120,2022-10-22
LOAN001932,CUST001653,Vehicle,189806.19,12.6,24,2023-05-27
LOAN001933,CUST000399,Personal,49138.2,15.93,120,2023-03-25
LOAN001934,CUST002634,Personal,55674.34,19.12,240,26/11/2024
LOAN001935,CUST001645,Home,1782345.17,19.72,360,2023-01-16
LOAN001936,CUST002248,Personal,110796.52,7.82,120,05/05/2026
LOAN001937,CUST002816,Home,1731687.03,17.51,120,2025-11-18
LOAN001938,CUST000864,Vehicle,341020.12,8.78,48,2025-04-27
LOAN001939,CUST002185,Vehicle,286959.99,23.35,48,2025-12-30
LOAN001940,CUST001556,Personal,134531.08,17.99,36,2024-01-23
LOAN001941,CUST001070,Vehicle,278131.54,23.64,36,21/08/2023
LOAN001942,CUST000898,Personal,58605.4,14.84,36,2025-05-17
LOAN001943,CUST002393,Home,1150983.61,13.67,180,05/04/2026
LOAN001944,CUST000153,Vehicle,333906.91,17.16,36,16/07/2023
LOAN001945,CUST001380,Personal,72605.86,20.97,240,2021-09-15
LOAN001946,CUST001086,Home,772166.61,22.02,120,01/02/2024
LOAN001947,CUST001076,Home,1009567.47,20.83,240,07/02/2026
LOAN001948,CUST002049,Personal,67370.35,20.37,120,2025-12-05
LOAN001949,CUST001512,Vehicle,389956.01,11.97,120,2026-04-25
LOAN001950,CUST002437,Personal,140143.88,16.3,36,16/03/2026
LOAN001951,CUST001820,Personal,8033.11,11.79,24,17/07/2022
LOAN001952,CUST002745,Home,831179.26,14.75,360,08/05/2026
LOAN001953,CUST000014,Home,505810.84,21.36,240,07/04/2025
LOAN001954,CUST001447,Vehicle,226855.74,13.44,36,2022-03-16
LOAN001955,CUST000362,Vehicle,303726.03,11.12,24,16/03/2023
LOAN001956,CUST002358,Personal,130147.86,19.11,12,15/04/2026
LOAN001957,CUST001972,Personal,131256.29,13.4,240,04/05/2026
LOAN001958,CUST002652,Home,1155640.36,22.76,240,2023-02-01
LOAN001959,CUST000771,Vehicle,117346.88,11.08,48,2025-05-02
LOAN001960,CUST000432,Vehicle,190183.51,20.26,60,2025-07-05
LOAN001961,CUST001678,Personal,63972.9,9.68,24,28/10/2023
LOAN001962,CUST002076,Vehicle,538685.96,21.31,36,2022-05-19
LOAN001963,CUST002623,Vehicle,280097.83,19.79,48,27/07/2021
LOAN001964,CUST002501,Vehicle,230554.95,10.87,60,2022-04-17
LOAN001965,CUST002981,Personal,65476.83,20.55,24,28/11/2025
LOAN001966,CUST002813,Home,1505838.52,13.25,120,18/01/2023
LOAN001967,CUST000765,Vehicle,340725.9,8.05,240,2021-12-17
LOAN001968,CUST001982,Home,1512380.27,15.33,120,2022-09-23
LOAN001969,CUST000776,Home,370092.37,10.97,180,26/07/2022
LOAN001970,CUST001631,Vehicle,346287.25,14.51,12,2022-01-04
LOAN001971,CUST002446,Personal,41181.97,11.36,12,08/10/2022
LOAN001972,CUST000988,Personal,15434.59,17.3,120,2024-12-07
LOAN001973,CUST002375,Home,742154.22,21.48,240,2025-09-22
LOAN001974,CUST000752,Vehicle,340056.19,11.6,240,29/05/2023
LOAN001975,CUST002675,Home,975202.73,10.54,360,2023-11-30
LOAN001976,CUST000593,Home,1140576.68,23.74,180,06/04/2023
LOAN001977,CUST001746,Personal,97557.55,24.23,240,2023-11-19
LOAN001978,CUST002169,Personal,53915.87,12.53,12,2024-12-11
LOAN001979,CUST002669,Home,1735398.31,7.81,360,2025-01-01
LOAN001980,CUST001957,Vehicle,99328.53,18.68,60,2026-01-21
LOAN001981,CUST001716,Home,1011279.06,17.11,180,08/11/2024
LOAN001982,CUST000172,Vehicle,165258.68,15.2,36,2025-08-27
LOAN001983,CUST000339,Home,391658.7,23.57,360,2025-01-15
LOAN001984,CUST000108,Vehicle,393441.38,23.39,24,27/04/2025
LOAN001985,CUST000030,Vehicle,493967.52,18.51,48,14/01/2022
LOAN001986,CUST002555,Home,1703052.12,16.61,360,2022-03-13
LOAN001987,CUST000714,Personal,38500.29,10.16,36,2025-04-27
LOAN001988,CUST001344,Personal,24601.68,11.95,240,2022-03-22
LOAN001989,CUST002005,Home,1750934.82,20.91,240,15/05/2025
LOAN001990,CUST001479,Home,445039.86,17.94,240,25/12/2025
LOAN001991,CUST002352,Vehicle,407170.56,10.52,240,07/08/2025
LOAN001992,CUST001959,Home,998854.64,22.16,180,27/02/2025
LOAN001993,CUST002229,Vehicle,225674.22,11.75,36,27/08/2023
LOAN001994,CUST000129,Home,1786656.06,18.24,360,2023-07-03
LOAN001995,CUST000319,Vehicle,155301.47,21.31,120,01/12/2021
LOAN001996,CUST000451,Vehicle,180331.91,21.53,24,20/12/2023
LOAN001997,CUST000342,Vehicle,89560.98,12.94,12,2025-03-17
LOAN001998,CUST001339,Personal,133565.09,10.73,24,13/06/2024
LOAN001999,CUST002323,Personal,148001.52,11.1,120,28/08/2022
LOAN002000,CUST000947,Vehicle,287276.07,9.54,24,2024-07-23
LOAN002001,CUST000032,Home,1234548.72,8.61,120,2025-05-05
LOAN002002,CUST001906,Vehicle,382682.9,23.53,36,20/05/2023
LOAN002003,CUST001483,Personal,53495.12,8.0,60,2023-03-28
LOAN002004,CUST001363,Vehicle,517582.66,14.69,240,13/08/2025
LOAN002005,CUST001495,Personal,97464.71,17.91,24,2024-07-27
LOAN002006,CUST000983,Home,705673.0,18.85,120,2025-04-06
LOAN002007,CUST001542,Personal,107156.35,15.83,240,2026-01-24
LOAN002008,CUST001208,Personal,62543.6,17.61,24,2024-09-28
LOAN002009,CUST002376,Home,1048510.64,8.26,240,31/03/2022
LOAN002010,CUST002795,Personal,77264.48,18.36,48,28/06/2022
LOAN002011,CUST001294,Vehicle,164871.62,16.67,12,2022-08-09
LOAN002012,CUST000434,Home,1241524.78,13.02,360,2023-09-16
LOAN002013,CUST001200,Personal,14670.24,19.71,24,28/03/2023
LOAN002014,CUST002756,Home,1942460.14,23.77,120,13/10/2024
LOAN002015,CUST001081,Personal,138847.92,9.11,120,2023-08-30
LOAN002016,CUST002682,Vehicle,241338.0,8.43,36,20/12/2022
LOAN002017,CUST002661,Home,308354.56,24.56,120,2023-06-21
LOAN002018,CUST000428,Home,1840805.83,11.09,360,2025-08-09
LOAN002019,CUST000371,Personal,20011.67,19.07,24,2021-09-26
LOAN002020,CUST002405,Home,1893789.66,14.12,360,13/04/2026
LOAN002021,CUST001191,Home,408207.29,22.39,240,22/08/2023
LOAN002022,CUST000609,Vehicle,307597.39,22.32,240,2022-05-15
LOAN002023,CUST000707,Personal,66066.14,12.77,120,2024-12-03
LOAN002024,CUST002699,Personal,41754.44,14.39,36,02/09/2025
LOAN002025,CUST000256,Personal,44838.83,18.71,24,08/11/2023
LOAN002026,CUST001072,Personal,112639.84,14.47,60,2021-12-21
LOAN002027,CUST002572,Vehicle,500653.42,19.71,12,2024-12-09
LOAN002028,CUST000265,Personal,45466.26,22.21,24,24/01/2022
LOAN002029,CUST000404,Home,852078.0,23.97,180,22/10/2025
LOAN002030,CUST002645,Vehicle,97541.02,21.79,36,2025-07-08
LOAN002031,CUST000427,Personal,105199.4,23.71,120,16/08/2021
LOAN002032,CUST002801,Vehicle,205891.75,7.71,12,19/02/2023
LOAN002033,CUST001755,Vehicle,412266.71,17.53,60,23/05/2024
LOAN002034,CUST000057,Home,390972.16,12.27,180,16/06/2023
LOAN002035,CUST002042,Vehicle,227409.89,11.68,36,21/10/2023
LOAN002036,CUST002494,Vehicle,511485.76,15.66,240,16/12/2023
LOAN002037,CUST001476,Vehicle,301817.06,10.22,240,15/04/2026
LOAN002038,CUST001310,Personal,16092.96,8.35,240,2023-07-17
LOAN002039,CUST002124,Vehicle,554207.06,13.2,12,12/05/2025
LOAN002040,CUST002541,Vehicle,415017.12,13.74,120,2023-01-21
LOAN002041,CUST001979,Home,1417243.5,23.54,240,2022-11-02
LOAN002042,CUST001632,Vehicle,459559.17,16.29,48,07/09/2024
LOAN002043,CUST001180,Personal,112446.52,8.84,24,2024-07-14
LOAN002044,CUST002954,Personal,91539.92,20.09,120,06/07/2025
LOAN002045,CUST000107,Personal,112252.66,16.38,60,2023-10-13
LOAN002046,CUST002736,Home,642353.27,21.8,180,26/05/2023
LOAN002047,CUST000657,Vehicle,368293.21,11.15,240,2023-11-23
LOAN002048,CUST002827,Personal,52751.93,19.83,12,2023-03-20
LOAN002049,CUST001740,Vehicle,543798.3,10.54,12,13/03/2024
LOAN002050,CUST000715,Vehicle,127803.06,16.14,36,12/05/2023
LOAN002051,CUST002008,Personal,25876.23,22.51,120,2025-06-06
LOAN002052,CUST001035,Personal,103053.94,10.72,60,23/05/2026
LOAN002053,CUST002082,Vehicle,138205.33,15.42,120,07/03/2024
LOAN002054,CUST000557,Personal,54645.02,19.04,60,15/06/2023
LOAN002055,CUST002354,Personal,143086.84,13.84,12,19/11/2024
LOAN002056,CUST001210,Home,1945191.98,19.18,360,2022-04-22
LOAN002057,CUST002133,Home,1294450.99,20.06,180,2023-03-23
LOAN002058,CUST000349,Home,1634288.22,11.66,180,2026-02-28
LOAN002059,CUST000208,Personal,100657.2,9.36,24,20/06/2024
LOAN002060,CUST001066,Home,1907416.53,14.55,180,16/07/2022
LOAN002061,CUST000699,Vehicle,449962.31,11.17,12,2025-07-25
LOAN002062,CUST001022,Personal,38081.35,16.61,48,22/02/2025
LOAN002063,CUST002948,Vehicle,569387.32,17.51,240,2023-10-21
LOAN002064,CUST001447,Vehicle,329619.89,17.28,60,21/10/2021
LOAN002065,CUST001738,Vehicle,144424.78,21.69,12,2022-12-14
LOAN002066,CUST002442,Personal,59488.7,11.14,240,2022-03-01
LOAN002067,CUST001106,Home,694204.71,19.93,240,2023-12-22
LOAN002068,CUST001793,Vehicle,224719.24,22.95,120,2023-05-16
LOAN002069,CUST002750,Vehicle,188609.9,11.85,12,09/12/2025
LOAN002070,CUST001801,Home,1731933.79,22.4,120,2024-12-10
LOAN002071,CUST002080,Personal,51526.59,16.53,120,2022-10-22
LOAN002072,CUST002736,Home,471900.11,17.16,120,2023-03-24
LOAN002073,CUST000559,Vehicle,596064.85,20.19,12,09/01/2023
LOAN002074,CUST002112,Home,1957986.83,15.96,240,06/08/2025
LOAN002075,CUST000411,Personal,72352.01,13.09,36,2024-03-27
LOAN002076,CUST001705,Personal,112808.23,19.35,48,12/06/2022
LOAN002077,CUST000955,Personal,98471.65,9.08,240,2023-04-28
LOAN002078,CUST001362,Vehicle,134263.23,13.36,60,2021-08-26
LOAN002079,CUST000780,Personal,91270.66,11.95,240,2023-03-01
LOAN002080,CUST000881,Personal,75711.58,15.95,12,2024-09-10
LOAN002081,CUST000060,Personal,65054.46,12.49,12,30/06/2024
LOAN002082,CUST000748,Vehicle,499354.49,21.91,48,28/04/2023
LOAN002083,CUST000999,Vehicle,370617.89,10.07,48,29/09/2021
LOAN002084,CUST002706,Personal,116326.8,18.04,60,14/03/2025
LOAN002085,CUST002558,Vehicle,555900.81,18.56,48,2022-10-15
LOAN002086,CUST002983,Personal,123094.52,8.1,120,24/12/2021
LOAN002087,CUST001286,Home,1424435.9,19.6,180,11/01/2022
LOAN002088,CUST001698,Personal,138457.01,16.89,240,21/02/2025
LOAN002089,CUST002987,Home,855291.33,15.28,120,05/09/2024
LOAN002090,CUST001481,Personal,9874.36,23.23,120,08/09/2023
LOAN002091,CUST000040,Vehicle,494733.54,17.31,36,2022-12-01
LOAN002092,CUST002464,Personal,21971.27,20.31,36,2026-05-07
LOAN002093,CUST002571,Personal,139089.56,8.86,36,2024-12-15
LOAN002094,CUST000079,Home,1216035.15,17.43,360,07/10/2022
LOAN002095,CUST000201,Home,910895.91,7.74,120,17/08/2025
LOAN002096,CUST001032,Personal,8262.29,18.34,36,03/09/2025
LOAN002097,CUST001806,Vehicle,583240.16,13.61,240,03/03/2025
LOAN002098,CUST001156,Home,1988989.47,14.4,180,2024-02-21
LOAN002099,CUST002854,Home,402881.99,15.69,120,27/10/2023
LOAN002100,CUST000438,Vehicle,138294.79,21.29,120,10/12/2021
LOAN002101,CUST001508,Home,1418387.89,17.35,120,2023-05-26
LOAN002102,CUST002037,Home,874937.14,11.97,120,15/04/2022
LOAN002103,CUST002957,Vehicle,331780.3,19.01,240,2026-05-16
LOAN002104,CUST000641,Personal,95747.3,19.69,240,2024-09-14
LOAN002105,CUST001540,Vehicle,164323.92,9.23,36,27/11/2025
LOAN002106,CUST001030,Home,1309314.39,19.39,180,2023-06-12
LOAN002107,CUST000361,Vehicle,545260.61,22.4,12,2026-05-22
LOAN002108,CUST002020,Home,762155.6,23.74,240,2021-12-14
LOAN002109,CUST002940,Vehicle,589149.16,22.45,12,16/02/2026
LOAN002110,CUST002353,Vehicle,238989.69,18.99,12,02/04/2025
LOAN002111,CUST000962,Home,1768688.61,22.85,360,2023-08-24
LOAN002112,CUST002025,Vehicle,518360.35,17.25,60,04/09/2021
LOAN002113,CUST001713,Personal,74370.69,21.47,48,29/03/2026
LOAN002114,CUST000607,Personal,70650.83,13.6,240,2022-10-30
LOAN002115,CUST001829,Vehicle,520273.81,12.84,60,11/10/2024
LOAN002116,CUST002835,Home,1480139.96,18.12,120,2025-11-28
LOAN002117,CUST000517,Vehicle,277884.91,13.46,36,2025-09-06
LOAN002118,CUST000064,Personal,70007.05,16.74,240,12/09/2023
LOAN002119,CUST002574,Home,1060749.42,14.02,120,20/02/2022
LOAN002120,CUST002749,Vehicle,461516.38,21.84,120,05/07/2022
LOAN002121,CUST001956,Home,815118.61,24.31,360,2022-11-06
LOAN002122,CUST000227,Home,1668430.01,9.84,360,21/01/2023
LOAN002123,CUST001049,Vehicle,271634.5,18.25,36,2024-02-04
LOAN002124,CUST001314,Vehicle,403952.93,15.47,60,08/10/2025
LOAN002125,CUST001095,Personal,58679.32,23.75,36,07/10/2022
LOAN002126,CUST001599,Home,872609.0,23.89,360,30/06/2025
LOAN002127,CUST000014,Personal,40093.74,19.83,24,29/05/2023
LOAN002128,CUST000041,Personal,149954.61,19.43,240,2023-11-22
LOAN002129,CUST001945,Home,1099253.57,14.27,180,23/04/2025
LOAN002130,CUST002275,Vehicle,111299.45,17.61,120,19/09/2023
LOAN002131,CUST000094,Personal,111630.26,11.58,48,29/03/2025
LOAN002132,CUST001783,Vehicle,177448.25,19.36,48,24/05/2025
LOAN002133,CUST000806,Home,1390422.28,19.54,240,2022-12-05
LOAN002134,CUST001771,Personal,144273.31,13.68,12,13/11/2024
LOAN002135,CUST001140,Home,1093958.55,16.04,180,16/07/2024
LOAN002136,CUST002787,Home,409870.33,14.95,180,15/01/2026
LOAN002137,CUST002488,Personal,128906.83,10.56,36,2024-11-25
LOAN002138,CUST002172,Personal,61288.58,8.58,48,2022-11-28
LOAN002139,CUST000806,Personal,12753.27,11.25,12,27/07/2023
LOAN002140,CUST001228,Vehicle,572409.76,11.53,48,28/08/2021
LOAN002141,CUST001153,Vehicle,485620.1,9.2,60,2023-08-09
LOAN002142,CUST002512,Personal,106022.07,9.55,60,2022-03-16
LOAN002143,CUST000280,Vehicle,216678.06,24.74,24,2022-11-17
LOAN002144,CUST001464,Vehicle,129104.63,17.77,48,2024-07-06
LOAN002145,CUST002306,Personal,99761.04,21.66,24,2026-05-14
LOAN002146,CUST002648,Home,954112.04,17.59,360,2023-02-17
LOAN002147,CUST002768,Personal,88223.94,11.12,60,27/08/2022
LOAN002148,CUST000652,Home,1449090.65,16.72,240,27/08/2021
LOAN002149,CUST000220,Home,1523160.59,20.29,240,2023-03-01
LOAN002150,CUST000325,Vehicle,490977.94,24.82,120,2021-11-17
LOAN002151,CUST001444,Personal,63149.51,10.94,36,25/12/2022
LOAN002152,CUST002768,Home,547672.79,20.97,240,2025-01-25
LOAN002153,CUST002898,Vehicle,370342.49,15.98,48,2025-08-20
LOAN002154,CUST002436,Vehicle,376085.69,8.88,36,2024-06-16
LOAN002155,CUST001054,Vehicle,343341.24,16.16,48,08/09/2024
LOAN002156,CUST000678,Vehicle,310419.05,17.88,120,08/03/2023
LOAN002157,CUST001991,Home,1573891.16,11.33,240,2023-06-25
LOAN002158,CUST001885,Personal,7646.19,21.52,12,2026-02-20
LOAN002159,CUST001018,Personal,91295.56,15.44,120,2021-08-17
LOAN002160,CUST000910,Home,1199485.16,21.43,360,30/03/2023
LOAN002161,CUST002711,Personal,16447.41,8.88,12,2023-04-09
LOAN002162,CUST000923,Vehicle,285746.88,24.11,240,2023-10-02
LOAN002163,CUST000269,Personal,74186.68,24.68,120,03/11/2023
LOAN002164,CUST001700,Home,456868.37,24.06,240,21/03/2025
LOAN002165,CUST001824,Personal,5987.7,11.21,120,2022-08-08
LOAN002166,CUST000342,Personal,125903.6,22.14,12,2024-12-30
LOAN002167,CUST000641,Personal,100776.68,8.84,48,2024-11-16
LOAN002168,CUST001704,Personal,142648.05,8.85,12,28/10/2022
LOAN002169,CUST000218,Home,1477184.4,10.48,360,21/09/2021
LOAN002170,CUST000170,Personal,146498.19,22.02,120,04/10/2025
LOAN002171,CUST000134,Personal,14300.95,24.15,240,29/04/2026
LOAN002172,CUST002899,Personal,17021.3,9.46,12,02/09/2024
LOAN002173,CUST001665,Vehicle,558920.63,8.51,120,2024-04-29
LOAN002174,CUST002026,Home,1626780.58,24.84,240,07/04/2023
LOAN002175,CUST001541,Home,856468.84,10.1,240,02/08/2022
LOAN002176,CUST001069,Home,764720.21,20.67,360,30/05/2026
LOAN002177,CUST000450,Vehicle,439969.3,21.08,48,20/05/2023
LOAN002178,CUST002043,Home,1795676.95,21.02,180,2023-01-01
LOAN002179,CUST000228,Personal,48515.85,13.92,48,2023-02-12
LOAN002180,CUST002008,Personal,87290.73,8.23,36,2024-11-19
LOAN002181,CUST000192,Home,1232283.32,12.07,240,17/09/2021
LOAN002182,CUST002557,Personal,135834.74,24.43,24,21/08/2024
LOAN002183,CUST002207,Personal,113564.39,8.55,60,21/05/2022
LOAN002184,CUST002097,Personal,14395.64,18.95,120,2023-04-18
LOAN002185,CUST000177,Home,1792202.36,12.6,360,09/09/2023
LOAN002186,CUST000614,Personal,64592.18,22.71,36,2026-06-19
LOAN002187,CUST000181,Home,1421091.23,14.97,120,2021-09-06
LOAN002188,CUST002442,Home,911910.37,20.52,180,10/05/2026
LOAN002189,CUST000498,Home,478113.35,22.56,240,2024-04-20
LOAN002190,CUST002818,Home,1654107.39,21.97,120,24/12/2023
LOAN002191,CUST000023,Home,488499.29,23.14,120,20/09/2022
LOAN002192,CUST001871,Vehicle,586437.69,15.1,36,05/02/2026
LOAN002193,CUST002819,Home,377759.29,9.11,180,2022-03-19
LOAN002194,CUST001061,Personal,85218.89,11.07,12,2024-07-20
LOAN002195,CUST002549,Personal,57545.15,15.94,36,2025-09-29
LOAN002196,CUST002819,Personal,66309.58,8.45,36,2022-01-16
LOAN002197,CUST001097,Personal,104611.24,21.56,240,22/08/2022
LOAN002198,CUST002210,Vehicle,461947.48,8.01,60,2026-06-12
LOAN002199,CUST000250,Vehicle,290602.41,16.76,24,16/05/2024
LOAN002200,CUST001466,Personal,112733.28,16.04,24,2022-06-11
LOAN002201,CUST002678,Personal,128235.87,14.43,12,2022-05-07
LOAN002202,CUST002551,Home,1832598.61,9.34,240,2025-05-23
LOAN002203,CUST000622,Home,943934.14,24.6,360,06/03/2025
LOAN002204,CUST001581,Home,974164.85,22.39,180,2023-07-16
LOAN002205,CUST002000,Personal,118179.51,10.77,60,2023-07-30
LOAN002206,CUST000189,Personal,94730.26,21.51,36,2025-04-06
LOAN002207,CUST000837,Home,331180.26,21.81,360,16/08/2023
LOAN002208,CUST000481,Personal,123497.46,20.63,36,2024-07-06
LOAN002209,CUST001177,Vehicle,360754.66,24.77,60,2023-02-19
LOAN002210,CUST000024,Vehicle,200348.0,12.31,12,2023-05-09
LOAN002211,CUST000006,Personal,106726.61,19.84,48,31/01/2022
LOAN002212,CUST001927,Personal,60652.89,13.99,24,2025-12-01
LOAN002213,CUST002272,Home,1802082.17,21.79,240,2026-04-16
LOAN002214,CUST000655,Home,515030.02,22.27,120,24/04/2025
LOAN002215,CUST001314,Home,1996238.62,23.53,120,2023-02-17
LOAN002216,CUST001346,Personal,134778.36,12.7,48,2024-03-14
LOAN002217,CUST001260,Vehicle,227029.79,7.92,48,2023-06-30
LOAN002218,CUST001411,Vehicle,81387.69,12.98,24,2025-10-16
LOAN002219,CUST001310,Personal,58715.45,22.15,12,2024-01-01
LOAN002220,CUST001793,Personal,32336.91,17.12,12,06/11/2023
LOAN002221,CUST000501,Vehicle,86998.54,11.12,36,2025-08-18
LOAN002222,CUST000380,Vehicle,92746.69,21.8,120,2023-10-11
LOAN002223,CUST001058,Personal,8199.53,18.5,48,2026-02-10
LOAN002224,CUST000886,Home,935259.07,21.46,180,2022-06-10
LOAN002225,CUST002301,Home,1362444.42,17.45,360,26/12/2022
LOAN002226,CUST002324,Home,1091295.39,23.78,120,09/03/2024
LOAN002227,CUST001504,Personal,128361.8,14.68,12,18/03/2023
LOAN002228,CUST000505,Personal,68646.02,11.04,240,2023-11-06
LOAN002229,CUST002193,Vehicle,151189.84,24.7,36,2022-05-31
LOAN002230,CUST000777,Vehicle,380873.29,14.99,240,2026-01-11
LOAN002231,CUST001291,Home,1478681.05,19.56,240,14/06/2023
LOAN002232,CUST002225,Home,1238269.67,17.66,120,2024-10-11
LOAN002233,CUST002188,Home,695607.94,15.29,120,11/05/2026
LOAN002234,CUST000528,Home,707750.86,10.95,120,02/08/2023
LOAN002235,CUST002123,Personal,122515.21,16.64,120,2024-09-11
LOAN002236,CUST000111,Personal,100905.13,18.12,36,2024-08-11
LOAN002237,CUST002238,Home,309805.16,23.45,180,01/04/2022
LOAN002238,CUST001593,Home,1094413.49,8.25,180,2024-08-12
LOAN002239,CUST000830,Home,1547275.68,14.69,360,2026-06-25
LOAN002240,CUST002273,Home,1992460.86,20.98,120,2024-07-07
LOAN002241,CUST000383,Personal,32536.55,18.09,12,2025-03-02
LOAN002242,CUST000407,Home,385638.99,16.61,240,21/03/2026
LOAN002243,CUST002688,Personal,20125.33,21.93,240,02/03/2023
LOAN002244,CUST002071,Personal,63545.93,18.79,24,2022-10-18
LOAN002245,CUST001635,Home,1275766.39,22.35,360,2024-05-14
LOAN002246,CUST001514,Personal,75519.83,10.49,24,21/11/2023
LOAN002247,CUST002776,Home,1879128.41,15.32,120,2022-01-05
LOAN002248,CUST001870,Personal,96537.92,24.79,240,22/05/2023
LOAN002249,CUST001083,Personal,36456.84,17.22,24,2025-03-22
LOAN002250,CUST001055,Vehicle,540216.19,23.3,36,29/11/2025
LOAN002251,CUST002188,Vehicle,495135.05,11.79,36,13/10/2024
LOAN002252,CUST002599,Home,841142.86,9.86,360,2024-04-13
LOAN002253,CUST000122,Personal,19494.03,14.85,120,24/10/2025
LOAN002254,CUST002482,Vehicle,246491.74,22.88,120,01/10/2025
LOAN002255,CUST002969,Vehicle,92634.21,17.17,48,2022-05-11
LOAN002256,CUST002892,Home,1867988.55,23.54,240,2023-05-20
LOAN002257,CUST000095,Home,1011055.99,12.5,360,2025-11-13
LOAN002258,CUST000963,Home,844056.32,18.49,120,05/06/2022
LOAN002259,CUST001958,Personal,108588.77,19.13,12,06/03/2026
LOAN002260,CUST001033,Personal,44164.58,11.78,120,2026-02-05
LOAN002261,CUST001442,Home,570384.88,18.8,120,25/02/2023
LOAN002262,CUST001805,Home,354444.35,16.56,120,03/01/2023
LOAN002263,CUST001206,Home,1598755.03,14.57,360,19/12/2025
LOAN002264,CUST001297,Personal,21942.41,22.16,120,01/08/2022
LOAN002265,CUST000614,Vehicle,425274.09,12.08,36,01/11/2023
LOAN002266,CUST001898,Home,1337225.08,10.32,120,09/10/2022
LOAN002267,CUST001288,Home,374241.36,24.71,120,14/07/2024
LOAN002268,CUST002282,Personal,38011.37,14.58,24,2026-06-08
LOAN002269,CUST002482,Personal,94341.47,16.63,120,2025-06-26
LOAN002270,CUST001726,Personal,56931.97,10.75,60,09/05/2026
LOAN002271,CUST002037,Home,402672.47,12.18,240,2024-01-10
LOAN002272,CUST002892,Vehicle,418948.07,12.81,12,2022-02-10
LOAN002273,CUST000129,Home,694084.59,8.41,360,2024-07-15
LOAN002274,CUST002608,Personal,124178.78,21.91,48,13/03/2023
LOAN002275,CUST000343,Personal,46287.75,7.61,240,2026-02-03
LOAN002276,CUST001266,Home,1718702.75,13.41,240,08/05/2022
LOAN002277,CUST001101,Vehicle,326776.6,22.36,60,2023-11-03
LOAN002278,CUST002666,Vehicle,235020.18,19.52,240,2026-04-20
LOAN002279,CUST002764,Vehicle,147877.52,17.07,120,07/08/2021
LOAN002280,CUST000647,Vehicle,339518.94,9.4,24,22/09/2021
LOAN002281,CUST000188,Home,1831665.68,20.54,120,2024-11-23
LOAN002282,CUST000484,Vehicle,470523.76,21.66,12,2025-10-31
LOAN002283,CUST000138,Personal,101997.11,24.04,36,18/06/2026
LOAN002284,CUST001005,Home,1963867.63,12.9,240,22/10/2025
LOAN002285,CUST001459,Vehicle,304149.01,8.56,120,29/11/2021
LOAN002286,CUST000326,Personal,46244.95,8.92,36,14/08/2023
LOAN002287,CUST000788,Personal,27759.53,19.98,36,05/11/2022
LOAN002288,CUST002310,Home,1386836.02,23.72,240,2025-02-01
LOAN002289,CUST000671,Personal,42747.77,24.24,36,2022-02-28
LOAN002290,CUST002985,Personal,12211.41,11.52,36,2025-05-21
LOAN002291,CUST002888,Vehicle,578966.37,12.36,48,30/09/2024
LOAN002292,CUST001267,Personal,38045.69,13.5,120,11/03/2024
LOAN002293,CUST002997,Vehicle,339420.84,12.41,120,2021-09-06
LOAN002294,CUST001073,Home,1826677.5,18.57,180,07/12/2023
LOAN002295,CUST002089,Vehicle,158176.7,11.17,240,19/02/2025
LOAN002296,CUST002700,Personal,86623.46,22.64,240,2023-01-03
LOAN002297,CUST002514,Personal,91483.31,16.34,24,2023-07-11
LOAN002298,CUST000519,Personal,59994.19,14.87,60,11/08/2025
LOAN002299,CUST000738,Vehicle,583105.88,12.44,240,2025-05-07
LOAN002300,CUST000363,Personal,54646.17,13.79,60,09/05/2023
LOAN002301,CUST000480,Personal,43352.37,18.82,36,2025-02-02
LOAN002302,CUST002834,Home,750905.2,7.97,360,2024-01-31
LOAN002303,CUST002421,Home,667974.09,13.22,180,05/10/2024
LOAN002304,CUST001104,Personal,51788.33,22.41,120,2023-09-04
LOAN002305,CUST000640,Vehicle,458682.01,16.6,12,2022-03-05
LOAN002306,CUST000624,Vehicle,284593.88,9.15,120,2022-04-14
LOAN002307,CUST001903,Home,1605884.32,18.56,180,09/11/2022
LOAN002308,CUST002547,Personal,75700.99,13.96,12,2025-08-16
LOAN002309,CUST001818,Vehicle,427740.14,14.54,24,10/04/2025
LOAN002310,CUST001751,Vehicle,593837.87,13.32,24,2022-02-11
LOAN002311,CUST002012,Personal,143878.35,8.2,36,2022-05-25
LOAN002312,CUST000668,Home,1179092.21,19.69,240,2023-08-06
LOAN002313,CUST002318,Vehicle,513853.56,21.52,48,28/03/2023
LOAN002314,CUST002077,Home,482969.83,23.41,180,21/01/2026
LOAN002315,CUST000602,Vehicle,166100.81,20.42,240,2025-06-24
LOAN002316,CUST002964,Personal,65814.39,17.54,60,2022-08-07
LOAN002317,CUST000405,Home,1058766.37,13.78,360,16/01/2022
LOAN002318,CUST001827,Vehicle,116752.05,17.49,120,2024-09-21
LOAN002319,CUST001350,Personal,119981.93,23.1,48,2021-12-06
LOAN002320,CUST001478,Vehicle,526872.6,18.47,48,2025-12-27
LOAN002321,CUST002043,Personal,121381.06,16.69,24,26/12/2023
LOAN002322,CUST002138,Vehicle,541658.56,19.16,240,08/10/2022
LOAN002323,CUST000932,Personal,116425.23,16.42,36,2022-11-05
LOAN002324,CUST001356,Vehicle,399314.57,23.17,12,07/01/2023
LOAN002325,CUST002596,Home,653929.62,17.51,360,2023-10-03
LOAN002326,CUST001577,Vehicle,229231.93,20.98,240,2025-06-09
LOAN002327,CUST000364,Home,1449751.15,8.83,180,03/01/2025
LOAN002328,CUST000549,Personal,101908.39,22.45,48,2024-05-12
LOAN002329,CUST002667,Home,1324406.2,12.72,240,28/06/2024
LOAN002330,CUST002780,Personal,91088.7,17.5,36,24/04/2025
LOAN002331,CUST002354,Personal,96784.27,23.99,12,2022-04-17
LOAN002332,CUST000937,Home,1430216.6,19.08,360,26/12/2022
LOAN002333,CUST000450,Vehicle,110571.89,23.09,120,2022-08-27
LOAN002334,CUST000368,Home,1843398.14,18.86,180,23/05/2023
LOAN002335,CUST001122,Home,332200.23,12.33,120,08/05/2023
LOAN002336,CUST002983,Home,1850101.84,15.49,360,31/12/2022
LOAN002337,CUST000961,Personal,145451.31,12.23,36,2026-03-19
LOAN002338,CUST001858,Personal,5146.28,14.09,36,06/05/2022
LOAN002339,CUST001486,Home,1735067.37,20.48,360,2024-09-07
LOAN002340,CUST000343,Vehicle,329440.99,20.8,36,27/11/2023
LOAN002341,CUST002976,Personal,67816.99,10.14,240,2023-09-24
LOAN002342,CUST002879,Personal,93733.87,10.73,240,06/01/2023
LOAN002343,CUST001537,Vehicle,297444.62,24.04,12,23/03/2025
LOAN002344,CUST000052,Personal,128215.83,13.1,240,26/12/2024
LOAN002345,CUST000288,Personal,83759.99,18.55,60,15/04/2022
LOAN002346,CUST001548,Personal,88923.29,9.44,120,2023-01-02
LOAN002347,CUST001628,Home,1731788.5,18.01,120,2023-06-16
LOAN002348,CUST001103,Home,1081387.88,9.56,120,12/09/2024
LOAN002349,CUST002494,Vehicle,434146.47,14.99,48,2021-09-14
LOAN002350,CUST002326,Personal,91191.23,23.68,12,10/08/2022
LOAN002351,CUST000284,Vehicle,400261.58,22.52,240,2023-01-21
LOAN002352,CUST002008,Vehicle,89567.42,16.91,120,09/06/2024
LOAN002353,CUST000628,Vehicle,360362.45,11.95,60,2022-11-04
LOAN002354,CUST002204,Home,985555.4,19.45,360,2025-02-10
LOAN002355,CUST000051,Home,1865014.44,22.69,180,2025-03-26
LOAN002356,CUST001364,Vehicle,248715.7,17.77,48,20/06/2026
LOAN002357,CUST000886,Personal,21770.8,14.19,240,2023-07-25
LOAN002358,CUST002998,Vehicle,250315.46,16.58,48,2024-08-10
LOAN002359,CUST001662,Home,570947.08,12.87,240,2022-05-28
LOAN002360,CUST002327,Vehicle,491905.9,12.35,12,2023-04-05
LOAN002361,CUST001673,Vehicle,135033.06,18.61,60,02/05/2022
LOAN002362,CUST002504,Vehicle,538633.06,8.59,240,2025-10-05
LOAN002363,CUST000096,Vehicle,278227.77,7.96,60,10/02/2023
LOAN002364,CUST001073,Vehicle,238743.45,8.54,60,29/05/2023
LOAN002365,CUST000913,Vehicle,131085.4,18.22,240,2025-10-28
LOAN002366,CUST002549,Home,1807276.51,24.51,120,2023-12-14
LOAN002367,CUST002778,Home,1209338.52,8.37,360,25/05/2022
LOAN002368,CUST000331,Vehicle,231581.49,14.96,240,24/02/2024
LOAN002369,CUST000624,Vehicle,474804.85,22.03,120,06/06/2022
LOAN002370,CUST002282,Personal,145700.64,24.36,12,24/12/2025
LOAN002371,CUST002779,Vehicle,368273.04,7.7,36,20/08/2021
LOAN002372,CUST000724,Home,1301994.73,12.46,360,2026-03-23
LOAN002373,CUST002130,Personal,38418.54,22.55,120,2023-04-02
LOAN002374,CUST002811,Home,1249256.19,12.9,180,01/02/2023
LOAN002375,CUST002499,Vehicle,415539.34,12.21,12,02/09/2022
LOAN002376,CUST002346,Vehicle,268706.33,8.16,60,2022-12-08
LOAN002377,CUST002551,Personal,129827.48,22.03,36,2025-05-24
LOAN002378,CUST002178,Home,1126755.88,13.2,120,13/06/2025
LOAN002379,CUST001477,Vehicle,202089.81,20.4,120,06/10/2024
LOAN002380,CUST000988,Personal,105648.09,16.59,12,2023-04-27
LOAN002381,CUST002466,Personal,22503.67,12.31,48,2023-10-29
LOAN002382,CUST002236,Vehicle,133382.41,20.77,60,21/01/2026
LOAN002383,CUST001928,Home,722311.39,13.79,180,2026-01-09
LOAN002384,CUST001310,Vehicle,246200.55,10.1,24,2025-09-12
LOAN002385,CUST000838,Personal,45420.21,17.4,120,22/09/2025
LOAN002386,CUST000027,Vehicle,307331.02,16.04,60,2025-06-02
LOAN002387,CUST001336,Home,1014538.75,20.04,240,2024-02-22
LOAN002388,CUST001950,Home,590174.78,22.43,120,2022-09-09
LOAN002389,CUST000737,Vehicle,260595.46,17.53,48,24/07/2022
LOAN002390,CUST001480,Personal,116092.12,22.62,120,31/10/2024
LOAN002391,CUST002206,Vehicle,111453.46,9.81,36,2023-07-12
LOAN002392,CUST001675,Home,644863.24,24.79,120,19/01/2022
LOAN002393,CUST001841,Personal,14209.85,20.5,120,2023-03-10
LOAN002394,CUST001953,Home,1710033.15,23.59,360,23/11/2021
LOAN002395,CUST001998,Vehicle,299143.41,9.06,120,15/04/2024
LOAN002396,CUST002828,Vehicle,353007.13,24.4,240,12/03/2024
LOAN002397,CUST000309,Personal,78352.23,21.39,120,2025-03-19
LOAN002398,CUST001599,Vehicle,422661.42,21.44,60,10/11/2025
LOAN002399,CUST001594,Home,918404.27,12.2,360,04/05/2026
LOAN002400,CUST000693,Home,1364648.02,10.17,180,2021-11-03
LOAN002401,CUST002409,Home,1712906.27,17.34,180,09/05/2024
LOAN002402,CUST001541,Personal,35406.37,8.27,120,14/10/2022
LOAN002403,CUST001393,Vehicle,394710.59,8.79,36,29/10/2022
LOAN002404,CUST000578,Vehicle,454629.74,8.73,60,2025-03-15
LOAN002405,CUST000760,Vehicle,87649.02,15.93,120,16/12/2024
LOAN002406,CUST001727,Vehicle,470104.06,18.83,24,2024-10-07
LOAN002407,CUST000722,Home,866193.36,13.0,360,2022-10-09
LOAN002408,CUST001308,Vehicle,118125.46,10.43,24,2024-12-16
LOAN002409,CUST002126,Vehicle,347498.37,23.79,240,2023-10-23
LOAN002410,CUST001157,Vehicle,81885.28,17.87,12,2021-10-06
LOAN002411,CUST002095,Personal,107078.61,8.01,48,24/07/2024
LOAN002412,CUST000858,Vehicle,486667.49,21.46,36,12/04/2024
LOAN002413,CUST002925,Personal,118037.86,19.87,240,06/01/2022
LOAN002414,CUST002930,Home,1250416.6,17.72,120,2022-07-02
LOAN002415,CUST002422,Home,1816242.54,24.61,120,26/08/2025
LOAN002416,CUST000724,Home,938860.57,9.54,240,2021-11-17
LOAN002417,CUST001936,Vehicle,501582.23,12.36,240,2026-01-03
LOAN002418,CUST000504,Vehicle,543173.54,10.28,12,20/02/2024
LOAN002419,CUST000235,Home,1049300.75,9.78,180,2021-11-12
LOAN002420,CUST000070,Personal,24275.01,12.87,240,2022-09-07
LOAN002421,CUST000326,Personal,76619.85,16.78,12,2024-06-12
LOAN002422,CUST001410,Personal,65103.23,9.77,48,04/06/2024
LOAN002423,CUST000040,Personal,132138.48,17.5,12,2023-11-07
LOAN002424,CUST001883,Personal,140456.98,17.97,12,2024-03-16
LOAN002425,CUST000799,Home,974827.52,16.95,180,2025-05-30
LOAN002426,CUST002318,Personal,36222.72,18.86,12,2023-02-18
LOAN002427,CUST001590,Vehicle,556257.08,18.22,36,2024-09-07
LOAN002428,CUST000586,Vehicle,566549.02,23.06,48,2022-07-13
LOAN002429,CUST002341,Personal,96751.45,24.13,120,2022-02-20
LOAN002430,CUST000937,Home,1823278.77,11.69,240,2021-12-22
LOAN002431,CUST000541,Home,1923020.96,13.16,360,2022-07-15
LOAN002432,CUST001988,Personal,50284.83,11.75,12,26/03/2024
LOAN002433,CUST000907,Vehicle,255721.75,18.94,24,2022-08-16
LOAN002434,CUST000614,Vehicle,529773.73,12.61,60,2023-12-18
LOAN002435,CUST001700,Home,1384133.01,13.37,360,2024-05-14
LOAN002436,CUST001483,Vehicle,197149.65,15.86,60,2024-06-05
LOAN002437,CUST002878,Personal,92726.72,7.7,12,20/10/2025
LOAN002438,CUST000379,Personal,61818.0,19.91,12,11/02/2022
LOAN002439,CUST000073,Vehicle,283490.89,11.42,12,05/12/2025
LOAN002440,CUST002936,Vehicle,517911.09,19.25,60,22/05/2025
LOAN002441,CUST002057,Home,788876.35,9.34,120,2022-07-11
LOAN002442,CUST000431,Personal,35973.29,17.94,36,2025-07-12
LOAN002443,CUST001430,Home,1733226.3,8.06,360,03/08/2024
LOAN002444,CUST001891,Personal,138275.35,15.73,48,23/10/2023
LOAN002445,CUST002712,Personal,45681.74,10.03,24,26/07/2021
LOAN002446,CUST002607,Personal,111338.44,17.21,60,11/04/2025
LOAN002447,CUST001992,Personal,6472.91,8.9,60,2024-07-10
LOAN002448,CUST001543,Personal,60600.77,20.59,48,2023-12-28
LOAN002449,CUST000472,Home,542515.55,19.44,360,08/06/2022
LOAN002450,CUST001455,Home,409525.07,7.77,240,2024-01-23
LOAN002451,CUST002945,Personal,26046.36,17.64,48,05/02/2024
LOAN002452,CUST000554,Home,835729.89,21.62,240,2026-03-31
LOAN002453,CUST002500,Vehicle,128274.73,7.93,240,2023-01-15
LOAN002454,CUST002724,Home,1396461.58,12.67,360,2025-10-31
LOAN002455,CUST002016,Personal,126225.66,8.53,12,16/10/2022
LOAN002456,CUST002707,Personal,29274.24,18.96,24,2022-12-02
LOAN002457,CUST002237,Home,1065181.49,7.99,180,29/04/2024
LOAN002458,CUST000395,Home,1136036.97,14.26,120,31/01/2023
LOAN002459,CUST002268,Vehicle,219444.26,9.48,24,2023-09-24
LOAN002460,CUST002534,Vehicle,397709.87,18.47,48,2026-05-17
LOAN002461,CUST000671,Personal,115321.86,21.44,60,21/03/2026
LOAN002462,CUST000250,Vehicle,575156.08,21.1,24,19/12/2023
LOAN002463,CUST001541,Home,1525449.49,12.02,360,19/02/2023
LOAN002464,CUST000238,Home,1828233.75,20.46,240,2026-05-11
LOAN002465,CUST002350,Vehicle,238965.43,17.6,240,2023-11-18
LOAN002466,CUST002108,Home,326543.23,15.02,180,2022-05-15
LOAN002467,CUST001028,Personal,80540.22,11.65,12,2021-11-20
LOAN002468,CUST001382,Home,539623.93,21.99,360,2023-09-10
LOAN002469,CUST002168,Vehicle,516391.08,8.11,240,24/01/2023
LOAN002470,CUST001388,Personal,81862.09,10.89,12,12/02/2026
LOAN002471,CUST000218,Home,325448.78,11.45,180,30/09/2023
LOAN002472,CUST001646,Personal,20167.5,17.81,240,2024-09-14
LOAN002473,CUST002006,Vehicle,89036.49,22.83,12,19/03/2024
LOAN002474,CUST001256,Personal,92272.13,13.56,240,19/06/2022
LOAN002475,CUST001268,Personal,128200.99,11.8,12,25/05/2025
LOAN002476,CUST002834,Home,1238917.67,23.61,120,26/04/2025
LOAN002477,CUST002456,Vehicle,300797.53,23.42,36,2022-08-13
LOAN002478,CUST001950,Vehicle,197821.93,11.3,120,13/01/2024
LOAN002479,CUST002523,Personal,75908.97,8.87,120,2023-02-21
LOAN002480,CUST001088,Home,1600142.13,8.59,120,2024-03-05
LOAN002481,CUST000616,Home,1817731.21,24.02,180,26/01/2022
LOAN002482,CUST000137,Home,1230426.42,23.73,360,2023-01-16
LOAN002483,CUST000763,Vehicle,163274.07,22.56,36,25/07/2024
LOAN002484,CUST001022,Vehicle,424023.76,16.79,48,2024-05-17
LOAN002485,CUST000308,Personal,145648.3,10.78,36,29/04/2022
LOAN002486,CUST000510,Vehicle,371999.63,8.64,48,03/05/2022
LOAN002487,CUST001046,Home,1824581.82,15.53,180,03/05/2025
LOAN002488,CUST001430,Personal,111282.94,21.31,36,07/06/2025
LOAN002489,CUST001624,Home,1893314.59,16.41,120,04/10/2025
LOAN002490,CUST000078,Vehicle,326177.73,7.74,120,26/07/2024
LOAN002491,CUST001499,Personal,84578.73,15.75,120,2022-05-04
LOAN002492,CUST002777,Home,1037067.64,21.28,120,10/04/2026
LOAN002493,CUST000532,Personal,78697.03,12.39,120,24/05/2026
LOAN002494,CUST001915,Vehicle,168645.94,11.07,12,12/10/2024
LOAN002495,CUST001778,Personal,139488.26,22.02,240,2025-06-12
LOAN002496,CUST001850,Home,1472230.63,23.35,180,2025-05-27
LOAN002497,CUST001391,Vehicle,597727.41,7.62,36,2022-11-22
LOAN002498,CUST001136,Personal,117553.52,17.38,24,2026-02-26
LOAN002499,CUST000810,Home,1001112.54,17.26,360,21/11/2023
LOAN002500,CUST001946,Vehicle,201610.33,18.79,120,2025-10-11
LOAN002501,CUST000308,Vehicle,370366.07,13.83,60,2023-01-22
LOAN002502,CUST000140,Vehicle,342003.61,23.73,24,2022-04-12
LOAN002503,CUST001001,Personal,62641.16,16.26,24,2023-03-17
LOAN002504,CUST002093,Vehicle,289905.51,16.08,24,2023-04-23
LOAN002505,CUST000016,Home,1852701.06,13.39,120,2025-03-26
LOAN002506,CUST002176,Personal,90210.72,16.39,24,2023-10-12
LOAN002507,CUST002598,Home,676369.37,17.37,240,2023-08-29
LOAN002508,CUST001836,Vehicle,492248.16,18.74,240,2023-07-03
LOAN002509,CUST001728,Home,892232.36,17.77,180,2023-08-14
LOAN002510,CUST002591,Personal,142231.19,12.73,24,25/04/2025
LOAN002511,CUST000653,Personal,129672.86,11.52,120,2023-07-22
LOAN002512,CUST001145,Vehicle,113549.29,14.21,60,2026-05-01
LOAN002513,CUST000004,Personal,45157.82,11.94,60,22/04/2023
LOAN002514,CUST000826,Personal,148823.59,20.68,60,2025-07-12
LOAN002515,CUST000877,Home,822870.04,21.7,180,13/05/2026
LOAN002516,CUST001852,Vehicle,497551.85,15.49,24,04/05/2025
LOAN002517,CUST002813,Personal,107007.11,13.27,120,2021-08-30
LOAN002518,CUST001748,Vehicle,527102.43,13.76,12,11/01/2025
LOAN002519,CUST001701,Home,1001903.99,14.54,180,2022-08-04
LOAN002520,CUST000351,Vehicle,513051.84,23.27,48,02/02/2025
LOAN002521,CUST002149,Home,1119148.82,13.8,360,2023-01-06
LOAN002522,CUST000302,Vehicle,342652.77,16.82,48,2023-05-28
LOAN002523,CUST000779,Home,1220255.47,20.7,180,24/02/2023
LOAN002524,CUST001440,Personal,45896.93,21.99,24,16/06/2025
LOAN002525,CUST002531,Home,564189.76,13.29,180,2023-03-03
LOAN002526,CUST002953,Home,1529583.49,14.65,360,2024-04-27
LOAN002527,CUST002975,Vehicle,491992.15,24.15,240,19/07/2022
LOAN002528,CUST002249,Personal,76172.78,23.82,60,16/08/2022
LOAN002529,CUST002518,Home,504209.8,21.86,120,15/01/2024
LOAN002530,CUST002559,Personal,130660.76,21.26,24,2025-10-11
LOAN002531,CUST001504,Personal,23546.24,17.73,48,2022-02-02
LOAN002532,CUST001837,Home,412130.66,13.84,240,05/10/2022
LOAN002533,CUST000045,Home,942645.29,19.43,120,02/03/2023
LOAN002534,CUST001382,Vehicle,257258.26,24.74,12,04/12/2023
LOAN002535,CUST000475,Personal,80888.78,8.38,36,11/02/2025
LOAN002536,CUST000477,Personal,117927.64,14.6,240,2023-11-17
LOAN002537,CUST000086,Vehicle,309062.73,21.5,48,2026-05-06
LOAN002538,CUST002091,Home,936692.94,8.97,120,2021-10-16
LOAN002539,CUST002539,Personal,115076.35,24.47,240,22/10/2024
LOAN002540,CUST001575,Home,1646547.18,17.18,120,12/12/2024
LOAN002541,CUST002239,Personal,65598.55,10.24,60,14/01/2026
LOAN002542,CUST002974,Vehicle,385960.5,8.37,48,2023-12-18
LOAN002543,CUST000443,Vehicle,369106.62,12.53,36,2022-12-11
LOAN002544,CUST001066,Personal,65760.23,13.31,48,2024-07-20
LOAN002545,CUST001844,Vehicle,537514.29,18.16,240,2023-05-30
LOAN002546,CUST002461,Personal,99968.43,18.75,12,24/01/2022
LOAN002547,CUST000809,Home,1897156.71,12.28,120,17/09/2024
LOAN002548,CUST001948,Home,1331319.93,10.73,120,04/12/2022
LOAN002549,CUST001023,Home,1749419.24,8.5,180,2023-05-20
LOAN002550,CUST002859,Home,1767981.24,8.78,360,09/02/2026
LOAN002551,CUST001990,Personal,144912.46,15.42,48,10/02/2022
LOAN002552,CUST000527,Home,1667722.2,20.02,180,2022-03-24
LOAN002553,CUST002414,Home,951151.79,14.84,120,03/04/2025
LOAN002554,CUST000124,Home,1290455.74,22.07,180,01/03/2023
LOAN002555,CUST001222,Home,340650.8,11.04,240,2025-05-19
LOAN002556,CUST000965,Home,1059682.17,19.25,120,08/08/2023
LOAN002557,CUST002468,Home,1228032.15,22.67,360,24/04/2022
LOAN002558,CUST000501,Vehicle,120934.35,16.88,36,2022-04-22
LOAN002559,CUST002499,Home,1568005.03,8.42,240,14/01/2023
LOAN002560,CUST000565,Home,774023.62,13.8,360,20/07/2022
LOAN002561,CUST002465,Home,1116718.76,13.31,120,31/12/2021
LOAN002562,CUST001301,Vehicle,550511.98,24.55,48,2022-10-09
LOAN002563,CUST001839,Vehicle,494880.39,17.0,24,2024-05-20
LOAN002564,CUST000472,Personal,50551.19,19.26,120,2025-04-26
LOAN002565,CUST000002,Vehicle,337299.98,23.0,48,06/11/2022
LOAN002566,CUST002461,Home,625362.18,18.43,180,06/03/2024
LOAN002567,CUST002833,Home,1068145.21,20.93,360,31/12/2022
LOAN002568,CUST002125,Personal,18338.62,14.52,12,03/09/2021
LOAN002569,CUST000287,Home,1549196.28,14.53,360,2025-05-13
LOAN002570,CUST000991,Personal,116012.55,7.68,12,2021-11-25
LOAN002571,CUST002519,Personal,112912.27,16.47,240,07/06/2025
LOAN002572,CUST001134,Personal,93456.05,17.37,240,24/01/2025
LOAN002573,CUST001018,Personal,117771.15,21.72,240,10/02/2023
LOAN002574,CUST000199,Home,485193.25,23.25,180,2025-10-06
LOAN002575,CUST002080,Personal,106591.49,10.35,36,2026-01-07
LOAN002576,CUST001009,Personal,119529.2,22.44,36,05/10/2023
LOAN002577,CUST001716,Personal,46881.13,17.92,60,2025-12-01
LOAN002578,CUST001295,Personal,92160.88,9.81,240,21/06/2022
LOAN002579,CUST002611,Personal,142691.29,15.44,36,14/11/2023
LOAN002580,CUST000382,Vehicle,348980.19,18.84,240,2023-11-01
LOAN002581,CUST000990,Home,1859212.76,11.44,180,16/03/2023
LOAN002582,CUST000384,Home,1346438.49,17.09,120,24/11/2024
LOAN002583,CUST002357,Home,1937364.9,22.14,180,11/01/2025
LOAN002584,CUST002190,Personal,111046.86,12.84,12,27/10/2022
LOAN002585,CUST000869,Personal,101913.07,11.95,24,30/03/2025
LOAN002586,CUST000523,Home,1825735.07,21.74,120,2021-09-05
LOAN002587,CUST001864,Personal,115322.34,19.25,48,25/02/2022
LOAN002588,CUST002890,Home,388059.44,24.65,180,2023-08-03
LOAN002589,CUST002624,Home,1706502.98,12.06,240,2023-07-08
LOAN002590,CUST002649,Home,1938801.37,7.54,360,2023-12-16
LOAN002591,CUST001863,Personal,118414.78,21.33,120,2021-10-20
LOAN002592,CUST001120,Personal,112150.97,18.26,120,01/03/2024
LOAN002593,CUST002744,Personal,59274.08,12.03,24,21/01/2026
LOAN002594,CUST000320,Vehicle,297187.32,9.78,36,01/02/2024
LOAN002595,CUST002557,Vehicle,303993.69,23.97,12,24/08/2021
LOAN002596,CUST000005,Vehicle,160877.89,11.54,24,19/09/2023
LOAN002597,CUST001026,Vehicle,582278.68,12.22,60,2021-09-21
LOAN002598,CUST002394,Vehicle,429835.88,24.72,12,2024-01-18
LOAN002599,CUST002295,Personal,88373.69,16.14,48,2025-06-29
LOAN002600,CUST001113,Home,1289109.48,18.53,180,2025-06-14
LOAN002601,CUST001356,Personal,113171.34,19.36,12,27/12/2023
LOAN002602,CUST000605,Vehicle,596200.19,22.95,240,23/05/2024
LOAN002603,CUST002238,Vehicle,259452.03,19.53,48,2024-09-07
LOAN002604,CUST000121,Vehicle,230428.33,17.56,12,06/03/2025
LOAN002605,CUST002241,Personal,145808.42,15.15,48,2024-05-06
LOAN002606,CUST001976,Vehicle,520170.55,10.63,36,2026-05-11
LOAN002607,CUST002298,Vehicle,434701.67,17.98,12,28/05/2025
LOAN002608,CUST001656,Home,1300472.51,20.65,240,2024-03-07
LOAN002609,CUST002781,Home,880503.31,20.49,240,30/06/2025
LOAN002610,CUST002617,Personal,134913.91,16.33,60,23/09/2025
LOAN002611,CUST000131,Vehicle,493227.99,19.06,60,2021-12-30
LOAN002612,CUST001033,Home,1968568.82,14.47,120,2026-02-07
LOAN002613,CUST001064,Home,653867.11,23.5,360,26/07/2024
LOAN002614,CUST001221,Home,623243.68,18.45,180,14/06/2026
LOAN002615,CUST000331,Home,1112030.53,23.32,360,2025-04-07
LOAN002616,CUST002001,Personal,14797.28,23.33,48,2025-05-04
LOAN002617,CUST001776,Vehicle,211390.83,8.94,24,08/09/2023
LOAN002618,CUST002002,Home,766797.47,19.58,120,2022-12-05
LOAN002619,CUST002228,Home,880807.45,11.81,120,2023-10-14
LOAN002620,CUST002150,Personal,99455.84,11.35,120,2025-11-24
LOAN002621,CUST001210,Home,1266858.49,8.71,360,14/03/2025
LOAN002622,CUST000100,Home,755246.59,21.47,360,2024-10-06
LOAN002623,CUST000870,Vehicle,286867.27,9.77,24,04/12/2021
LOAN002624,CUST000157,Home,728627.11,14.13,120,02/10/2024
LOAN002625,CUST002165,Personal,67358.5,16.75,48,2023-03-28
LOAN002626,CUST000660,Personal,42067.32,21.53,48,2024-02-29
LOAN002627,CUST002184,Vehicle,501174.74,20.03,240,2024-12-21
LOAN002628,CUST001112,Vehicle,259319.53,15.59,48,07/08/2025
LOAN002629,CUST001843,Vehicle,316362.27,17.81,36,2023-09-11
LOAN002630,CUST002594,Vehicle,532755.79,17.75,36,02/09/2021
LOAN002631,CUST002389,Home,1961180.44,20.74,120,2024-05-23
LOAN002632,CUST001648,Vehicle,226824.37,12.97,120,2021-08-06
LOAN002633,CUST001084,Personal,83016.8,22.76,24,2025-08-22
LOAN002634,CUST000133,Home,1225768.34,7.54,360,2021-08-28
LOAN002635,CUST001423,Home,1096639.91,11.02,360,03/09/2022
LOAN002636,CUST001399,Home,451912.39,8.9,180,01/09/2023
LOAN002637,CUST001430,Personal,123928.28,16.32,240,2022-11-03
LOAN002638,CUST002807,Home,597973.3,11.82,180,2022-08-30
LOAN002639,CUST002267,Vehicle,571916.9,23.74,36,2024-11-19
LOAN002640,CUST000324,Vehicle,303203.94,9.37,120,04/03/2023
LOAN002641,CUST001630,Vehicle,537465.81,24.58,12,26/10/2023
LOAN002642,CUST002116,Home,469870.19,9.34,360,2024-11-02
LOAN002643,CUST001506,Vehicle,548156.46,9.74,24,09/05/2025
LOAN002644,CUST000470,Personal,140156.06,8.76,48,23/05/2024
LOAN002645,CUST001123,Personal,140719.27,14.79,48,24/04/2023
LOAN002646,CUST001274,Personal,47169.6,14.94,60,23/11/2025
LOAN002647,CUST001301,Personal,97190.5,15.49,24,31/10/2025
LOAN002648,CUST001976,Vehicle,441262.93,21.62,120,2022-04-26
LOAN002649,CUST000140,Vehicle,281775.2,11.41,48,2025-05-15
LOAN002650,CUST000409,Vehicle,464591.44,12.11,12,2022-07-31
LOAN002651,CUST002647,Vehicle,112122.96,21.61,48,17/06/2022
LOAN002652,CUST002984,Vehicle,397158.92,19.11,48,2021-09-11
LOAN002653,CUST000619,Personal,37421.52,13.36,48,11/07/2024
LOAN002654,CUST002889,Personal,106792.65,13.5,60,2025-09-20
LOAN002655,CUST000515,Personal,121630.99,23.58,48,2025-05-26
LOAN002656,CUST002948,Home,1549687.55,19.6,240,22/03/2024
LOAN002657,CUST002359,Home,1708176.99,16.81,120,06/04/2026
LOAN002658,CUST002325,Personal,97641.14,11.06,36,2023-03-06
LOAN002659,CUST001815,Home,404102.45,18.21,360,2023-02-12
LOAN002660,CUST002883,Home,801148.79,14.88,120,12/09/2022
LOAN002661,CUST000085,Personal,18679.05,18.24,24,05/08/2022
LOAN002662,CUST002164,Home,1324599.32,11.61,360,21/01/2023
LOAN002663,CUST002391,Vehicle,573932.58,22.26,24,2023-08-27
LOAN002664,CUST001428,Home,1252256.28,12.11,240,2022-11-25
LOAN002665,CUST000767,Home,1110520.22,13.37,120,2026-03-04
LOAN002666,CUST001612,Personal,102208.58,24.6,48,2022-08-20
LOAN002667,CUST001071,Home,1655682.01,23.51,240,25/04/2023
LOAN002668,CUST001643,Home,609578.38,22.2,240,29/03/2022
LOAN002669,CUST000730,Vehicle,139708.45,8.66,60,27/12/2025
LOAN002670,CUST002577,Personal,71899.37,17.13,24,24/09/2023
LOAN002671,CUST000030,Home,349580.83,18.39,240,01/09/2025
LOAN002672,CUST001986,Home,865293.03,14.74,120,31/05/2023
LOAN002673,CUST001023,Vehicle,197439.33,9.57,120,01/10/2023
LOAN002674,CUST002485,Home,1210817.3,12.48,240,2025-03-23
LOAN002675,CUST000520,Vehicle,558486.27,12.49,36,2025-03-16
LOAN002676,CUST001267,Home,1427711.13,9.38,180,09/06/2023
LOAN002677,CUST000405,Vehicle,135448.83,9.3,36,2023-10-06
LOAN002678,CUST000911,Personal,99847.83,17.39,240,2023-07-13
LOAN002679,CUST001284,Vehicle,506066.43,16.54,24,30/07/2022
LOAN002680,CUST001879,Vehicle,430584.31,15.76,24,2023-06-09
LOAN002681,CUST002651,Home,1485422.86,16.23,360,28/07/2025
LOAN002682,CUST002790,Personal,124999.58,15.35,12,08/01/2022
LOAN002683,CUST002692,Home,1904505.88,10.85,120,2022-06-05
LOAN002684,CUST000397,Personal,87095.37,18.03,240,22/01/2026
LOAN002685,CUST001903,Home,802207.01,14.82,180,16/02/2025
LOAN002686,CUST002150,Personal,124106.94,7.75,24,2022-03-01
LOAN002687,CUST000180,Personal,84769.77,24.68,48,2025-04-15
LOAN002688,CUST000029,Home,343731.76,19.66,120,2022-02-27
LOAN002689,CUST001628,Personal,53166.07,22.56,60,21/12/2023
LOAN002690,CUST000210,Vehicle,520446.98,23.31,24,2024-07-16
LOAN002691,CUST001738,Personal,70873.99,17.44,12,2025-04-03
LOAN002692,CUST001604,Personal,34734.93,10.41,120,15/02/2023
LOAN002693,CUST001825,Home,1747074.84,7.55,120,2022-07-04
LOAN002694,CUST000634,Home,1353405.89,19.02,240,31/05/2026
LOAN002695,CUST000687,Personal,53159.23,19.74,60,02/07/2025
LOAN002696,CUST001997,Personal,86119.64,18.72,60,03/05/2023
LOAN002697,CUST000941,Vehicle,107568.55,23.86,24,27/10/2022
LOAN002698,CUST002112,Home,1157058.63,18.8,180,12/02/2022
LOAN002699,CUST001781,Home,1400986.91,8.92,120,2023-10-25
LOAN002700,CUST000076,Home,1847459.52,19.65,180,2021-08-08
LOAN002701,CUST000234,Vehicle,384297.01,24.56,120,08/07/2025
LOAN002702,CUST002671,Personal,67146.42,8.23,24,15/07/2023
LOAN002703,CUST000393,Vehicle,434759.19,12.28,120,13/10/2025
LOAN002704,CUST001939,Vehicle,575237.94,18.4,12,24/04/2023
LOAN002705,CUST002404,Home,811447.65,11.98,240,2026-03-21
LOAN002706,CUST002117,Vehicle,367366.12,24.38,240,06/09/2025
LOAN002707,CUST000760,Vehicle,540341.2,24.68,120,2023-09-14
LOAN002708,CUST000330,Vehicle,317552.24,17.42,12,26/09/2025
LOAN002709,CUST001829,Home,1939517.46,13.09,240,2023-01-17
LOAN002710,CUST002857,Vehicle,258798.57,20.71,240,26/06/2026
LOAN002711,CUST002457,Vehicle,219638.25,20.18,240,2021-12-24
LOAN002712,CUST000865,Personal,54221.77,14.12,240,2024-09-24
LOAN002713,CUST001981,Home,798775.27,19.3,240,2023-06-26
LOAN002714,CUST001611,Personal,146098.52,23.1,12,20/11/2023
LOAN002715,CUST001473,Personal,49698.46,21.57,60,31/03/2026
LOAN002716,CUST001985,Vehicle,229377.21,12.53,48,01/12/2022
LOAN002717,CUST000871,Personal,143133.63,13.3,60,2024-10-01
LOAN002718,CUST002763,Vehicle,401345.72,8.49,240,26/02/2023
LOAN002719,CUST000330,Personal,43720.02,16.29,120,04/04/2022
LOAN002720,CUST002309,Personal,11606.21,15.8,36,16/10/2022
LOAN002721,CUST002054,Home,1972948.39,22.27,180,05/05/2024
LOAN002722,CUST001360,Home,911863.43,16.36,180,12/03/2022
LOAN002723,CUST001575,Home,912152.59,12.15,360,01/05/2022
LOAN002724,CUST001938,Vehicle,534892.03,9.44,60,2024-12-26
LOAN002725,CUST001086,Personal,12793.86,13.43,120,2025-04-25
LOAN002726,CUST001088,Personal,46428.56,18.56,60,12/11/2021
LOAN002727,CUST001524,Home,787295.83,8.11,240,06/07/2025
LOAN002728,CUST002658,Personal,115946.88,9.34,36,2025-10-29
LOAN002729,CUST002642,Vehicle,142725.51,15.17,60,25/10/2024
LOAN002730,CUST002355,Vehicle,225292.65,16.63,24,2023-05-24
LOAN002731,CUST000314,Vehicle,416797.17,18.22,36,10/08/2023
LOAN002732,CUST002924,Home,437666.91,19.57,120,04/05/2022
LOAN002733,CUST000212,Vehicle,505320.19,21.94,48,2022-05-31
LOAN002734,CUST000915,Vehicle,308014.44,19.41,36,04/03/2026
LOAN002735,CUST001966,Home,1327576.95,14.29,240,2026-04-25
LOAN002736,CUST002870,Vehicle,408563.74,23.55,12,20/03/2025
LOAN002737,CUST002211,Home,1944888.55,12.6,120,2025-07-21
LOAN002738,CUST001832,Vehicle,457329.68,22.07,120,2022-06-17
LOAN002739,CUST000550,Vehicle,180732.14,24.78,12,2025-11-21
LOAN002740,CUST002574,Home,1738022.1,24.81,180,07/02/2022
LOAN002741,CUST001735,Home,1214178.93,17.47,360,13/05/2022
LOAN002742,CUST000371,Vehicle,168696.39,11.45,60,06/01/2024
LOAN002743,CUST002847,Vehicle,136781.73,19.5,60,26/01/2023
LOAN002744,CUST001072,Vehicle,463020.09,13.2,240,2024-08-22
LOAN002745,CUST000742,Personal,30583.95,12.53,120,14/01/2026
LOAN002746,CUST002865,Home,472761.21,15.59,180,2022-11-14
LOAN002747,CUST000824,Home,1631618.97,9.83,360,2023-02-22
LOAN002748,CUST000532,Personal,34802.47,16.63,12,2025-06-02
LOAN002749,CUST001589,Personal,144532.2,11.54,48,13/03/2023
LOAN002750,CUST002661,Home,775719.46,24.9,180,09/12/2025
LOAN002751,CUST001653,Personal,40617.56,18.61,120,25/09/2021
LOAN002752,CUST002958,Personal,122671.93,22.74,120,09/11/2025
LOAN002753,CUST000391,Vehicle,572496.45,15.76,240,2026-01-22
LOAN002754,CUST002700,Vehicle,102649.56,12.93,120,17/10/2021
LOAN002755,CUST002960,Personal,61326.7,24.76,240,03/06/2023
LOAN002756,CUST001309,Home,561400.74,23.64,120,05/07/2024
LOAN002757,CUST000925,Personal,11591.48,18.16,12,2024-02-24
LOAN002758,CUST001491,Home,1202405.61,22.21,360,2022-05-06
LOAN002759,CUST001716,Personal,43853.88,17.29,36,2021-08-21
LOAN002760,CUST001519,Personal,53497.96,17.77,60,2025-12-24
LOAN002761,CUST002310,Vehicle,539139.15,21.04,60,07/01/2022
LOAN002762,CUST001415,Vehicle,102018.41,19.97,240,05/06/2026
LOAN002763,CUST000014,Vehicle,517273.33,15.52,60,2022-02-13
LOAN002764,CUST001246,Home,301647.59,11.88,120,27/11/2023
LOAN002765,CUST002783,Personal,19875.53,22.09,48,28/05/2026
LOAN002766,CUST002645,Home,1601059.29,14.42,120,11/10/2025
LOAN002767,CUST000671,Vehicle,450110.8,11.01,24,16/03/2024
LOAN002768,CUST002828,Personal,11108.98,8.61,24,2022-03-24
LOAN002769,CUST000413,Personal,124859.32,20.36,240,2024-07-14
LOAN002770,CUST001234,Home,877798.08,24.59,120,2024-09-12
LOAN002771,CUST000592,Personal,146507.34,11.26,24,05/02/2023
LOAN002772,CUST002932,Vehicle,142719.44,20.92,12,16/11/2023
LOAN002773,CUST000700,Home,547592.46,12.5,180,2026-01-03
LOAN002774,CUST000112,Personal,38558.91,9.18,12,2022-03-13
LOAN002775,CUST001085,Home,1326125.2,19.02,180,17/10/2024
LOAN002776,CUST000956,Personal,97900.59,13.34,120,2023-05-13
LOAN002777,CUST001683,Vehicle,410833.29,10.7,48,01/08/2024
LOAN002778,CUST001540,Vehicle,462331.42,12.47,240,02/02/2025
LOAN002779,CUST000015,Home,916931.86,17.1,240,2023-12-01
LOAN002780,CUST001544,Vehicle,283897.8,8.45,24,01/04/2025
LOAN002781,CUST002966,Personal,136935.08,10.35,48,2025-10-03
LOAN002782,CUST002408,Home,1854054.74,10.03,180,13/07/2022
LOAN002783,CUST001864,Vehicle,448000.62,10.9,240,2022-08-24
LOAN002784,CUST001771,Vehicle,161223.87,10.39,36,2022-03-16
LOAN002785,CUST000807,Personal,31980.61,16.58,24,2026-03-15
LOAN002786,CUST000891,Personal,77514.89,13.38,24,2022-09-04
LOAN002787,CUST000174,Home,1458776.88,22.77,240,2021-12-20
LOAN002788,CUST000760,Home,592009.04,17.77,180,2022-01-12
LOAN002789,CUST002357,Home,959379.84,19.79,180,21/07/2023
LOAN002790,CUST002833,Personal,45533.58,10.79,60,05/12/2025
LOAN002791,CUST000849,Home,1869346.14,19.95,180,31/01/2022
LOAN002792,CUST002996,Vehicle,489637.17,23.26,12,2022-09-05
LOAN002793,CUST001394,Home,354857.88,17.27,240,22/06/2022
LOAN002794,CUST001954,Vehicle,595475.77,9.75,36,2024-10-22
LOAN002795,CUST002292,Vehicle,82952.25,14.83,12,2023-03-08
LOAN002796,CUST001614,Vehicle,341536.77,19.35,36,11/05/2026
LOAN002797,CUST001102,Home,1580491.2,17.03,120,08/11/2024
LOAN002798,CUST001561,Vehicle,369119.36,17.44,240,2024-02-15
LOAN002799,CUST001364,Home,1769684.49,21.75,180,28/05/2024
LOAN002800,CUST000453,Vehicle,405468.19,20.48,240,2025-11-29
LOAN002801,CUST000586,Home,997815.46,14.86,120,21/04/2025
LOAN002802,CUST000203,Home,1396250.14,20.36,240,19/03/2022
LOAN002803,CUST000699,Home,722203.8,22.14,240,23/08/2023
LOAN002804,CUST002976,Personal,146869.87,20.25,36,2024-10-26
LOAN002805,CUST002849,Home,801384.08,19.08,120,2024-06-01
LOAN002806,CUST000779,Home,553907.14,21.33,240,2026-03-01
LOAN002807,CUST001014,Vehicle,566657.55,18.82,60,2021-09-25
LOAN002808,CUST000764,Vehicle,205200.51,10.35,12,09/01/2026
LOAN002809,CUST001154,Personal,111956.0,15.12,48,17/06/2023
LOAN002810,CUST001155,Personal,68055.55,10.34,36,20/10/2021
LOAN002811,CUST000123,Vehicle,322673.71,15.51,120,2022-07-16
LOAN002812,CUST001206,Vehicle,99064.26,24.89,24,18/06/2022
LOAN002813,CUST000528,Vehicle,395120.63,9.32,36,08/04/2022
LOAN002814,CUST002393,Home,1409949.84,8.71,240,2021-09-25
LOAN002815,CUST000788,Vehicle,308447.05,19.47,120,23/06/2025
LOAN002816,CUST000067,Vehicle,375588.86,19.91,24,12/05/2022
LOAN002817,CUST001878,Home,750330.24,8.2,120,25/02/2023
LOAN002818,CUST000039,Vehicle,496371.68,11.28,36,19/05/2024
LOAN002819,CUST001701,Vehicle,244578.65,7.77,48,12/12/2023
LOAN002820,CUST001085,Home,908129.93,16.59,120,04/04/2023
LOAN002821,CUST002947,Personal,53159.04,9.79,36,28/08/2024
LOAN002822,CUST002212,Home,565338.7,14.26,180,2025-08-02
LOAN002823,CUST002970,Home,434763.57,15.69,180,2024-05-28
LOAN002824,CUST000147,Home,928634.32,14.34,120,16/10/2023
LOAN002825,CUST000766,Home,733083.65,23.98,360,16/08/2022
LOAN002826,CUST000305,Personal,22615.52,10.75,48,2024-08-15
LOAN002827,CUST001315,Home,1547226.18,21.66,240,2024-04-01
LOAN002828,CUST002498,Home,1232949.14,14.96,120,2022-02-22
LOAN002829,CUST000407,Home,691401.15,19.2,120,2022-12-09
LOAN002830,CUST002889,Personal,125806.85,22.07,240,2025-05-07
LOAN002831,CUST002945,Personal,122643.93,22.49,24,10/02/2026
LOAN002832,CUST002634,Vehicle,150573.03,10.71,120,24/03/2023
LOAN002833,CUST002551,Home,870232.62,10.11,240,15/12/2025
LOAN002834,CUST000609,Home,806350.43,14.55,120,27/10/2022
LOAN002835,CUST002562,Vehicle,567159.5,17.86,48,15/07/2025
LOAN002836,CUST001370,Home,1232798.09,8.72,120,2023-12-18
LOAN002837,CUST001111,Vehicle,536543.16,10.79,24,07/04/2024
LOAN002838,CUST001866,Home,1349802.0,15.48,360,2024-10-29
LOAN002839,CUST000221,Personal,76509.54,16.26,36,2024-11-07
LOAN002840,CUST000783,Vehicle,527843.75,20.42,24,2023-04-02
LOAN002841,CUST001771,Home,603305.1,14.2,180,13/02/2024
LOAN002842,CUST002416,Vehicle,509658.23,21.62,24,16/11/2021
LOAN002843,CUST001644,Vehicle,415094.05,8.51,240,13/05/2023
LOAN002844,CUST002272,Vehicle,125466.49,12.21,12,2024-09-22
LOAN002845,CUST001956,Vehicle,422310.29,14.3,120,24/04/2026
LOAN002846,CUST000847,Personal,114824.43,11.3,24,09/03/2022
LOAN002847,CUST001754,Personal,61713.61,7.65,48,07/09/2022
LOAN002848,CUST000200,Home,1397505.61,19.31,240,2023-10-26
LOAN002849,CUST000197,Vehicle,403387.02,19.54,36,2022-02-10
LOAN002850,CUST001277,Home,1937733.33,21.42,240,10/04/2024
LOAN002851,CUST000198,Personal,127412.38,13.97,48,2023-01-08
LOAN002852,CUST001804,Vehicle,397210.62,14.44,12,2025-11-11
LOAN002853,CUST002198,Vehicle,548060.09,11.16,60,28/01/2023
LOAN002854,CUST001843,Vehicle,149644.74,15.2,12,2023-09-17
LOAN002855,CUST002839,Personal,116189.57,24.84,12,2026-05-29
LOAN002856,CUST000431,Home,1139301.36,13.28,180,22/12/2021
LOAN002857,CUST002543,Home,1430195.14,13.11,180,2025-10-30
LOAN002858,CUST000873,Vehicle,572350.61,14.89,12,18/01/2024
LOAN002859,CUST001505,Vehicle,538894.48,22.35,48,10/07/2023
LOAN002860,CUST001166,Personal,133847.86,11.01,48,2026-03-13
LOAN002861,CUST002930,Home,477911.19,7.95,120,24/06/2026
LOAN002862,CUST000587,Vehicle,81590.8,21.46,120,2022-07-11
LOAN002863,CUST001659,Vehicle,551445.01,7.67,240,2025-09-12
LOAN002864,CUST001449,Vehicle,350532.8,9.48,240,28/08/2022
LOAN002865,CUST001280,Home,331409.72,12.13,240,2021-08-25
LOAN002866,CUST002939,Home,1302967.05,8.8,360,2025-03-04
LOAN002867,CUST000542,Personal,104972.08,15.01,48,2023-04-23
LOAN002868,CUST000694,Home,1401908.2,20.1,120,2024-07-09
LOAN002869,CUST001689,Vehicle,237182.5,13.69,240,24/04/2022
LOAN002870,CUST001570,Vehicle,355808.65,16.91,36,18/10/2025
LOAN002871,CUST002739,Home,1362094.08,17.68,180,24/02/2024
LOAN002872,CUST000722,Home,1331031.99,11.56,120,03/07/2025
LOAN002873,CUST001045,Vehicle,412279.55,11.4,36,2023-05-08
LOAN002874,CUST002639,Vehicle,200560.53,18.74,240,2022-09-13
LOAN002875,CUST002470,Vehicle,484515.28,12.82,48,24/03/2026
LOAN002876,CUST002911,Personal,20179.73,17.46,24,2024-03-05
LOAN002877,CUST001401,Personal,46399.07,10.23,60,2023-05-29
LOAN002878,CUST000654,Home,1915862.24,9.44,120,21/01/2022
LOAN002879,CUST000182,Home,307699.77,9.04,360,19/05/2022
LOAN002880,CUST002891,Home,1159646.6,12.9,180,07/09/2024
LOAN002881,CUST001027,Home,522352.84,19.72,240,2024-08-09
LOAN002882,CUST002824,Vehicle,405523.55,11.55,12,18/09/2025
LOAN002883,CUST001598,Personal,81415.79,17.99,48,2025-04-05
LOAN002884,CUST000179,Vehicle,395722.94,9.89,48,25/04/2022
LOAN002885,CUST000315,Home,611624.11,13.5,180,2026-03-15
LOAN002886,CUST002532,Personal,74508.92,8.24,12,25/07/2024
LOAN002887,CUST000311,Vehicle,300911.82,13.75,12,2025-10-15
LOAN002888,CUST002483,Personal,139836.03,16.68,24,08/12/2022
LOAN002889,CUST002295,Home,447835.23,16.56,360,14/04/2026
LOAN002890,CUST000097,Vehicle,239934.24,15.47,36,27/03/2026
LOAN002891,CUST001457,Personal,81322.37,21.87,60,2023-01-09
LOAN002892,CUST001829,Vehicle,344348.3,22.59,48,31/12/2025
LOAN002893,CUST001984,Personal,10012.14,21.34,36,07/05/2026
LOAN002894,CUST000890,Vehicle,526486.77,24.86,24,2025-12-18
LOAN002895,CUST000382,Home,730447.04,21.96,240,2023-11-14
LOAN002896,CUST001128,Personal,94293.82,16.34,120,2022-03-27
LOAN002897,CUST000308,Vehicle,236901.64,15.22,36,2026-03-07
LOAN002898,CUST000247,Vehicle,337636.87,20.77,24,2021-07-26
LOAN002899,CUST000353,Home,964725.65,17.86,240,20/10/2022
LOAN002900,CUST000636,Personal,135232.37,13.2,60,2024-04-19
LOAN002901,CUST000518,Vehicle,558828.24,15.26,240,2023-02-05
LOAN002902,CUST001346,Vehicle,328341.03,12.04,48,2026-02-08
LOAN002903,CUST001412,Personal,48160.9,9.49,36,2024-07-31
LOAN002904,CUST001713,Home,1792724.49,21.74,180,14/04/2026
LOAN002905,CUST001483,Home,678677.91,14.26,360,09/11/2021
LOAN002906,CUST000960,Home,879784.17,21.06,120,2023-08-02
LOAN002907,CUST002690,Vehicle,251202.27,12.69,48,2022-04-10
LOAN002908,CUST001359,Personal,104446.68,11.97,12,11/08/2025
LOAN002909,CUST002500,Home,908686.62,19.01,180,2025-04-29
LOAN002910,CUST002832,Personal,142005.64,22.7,240,2025-07-15
LOAN002911,CUST002961,Home,1757963.3,10.05,240,30/03/2026
LOAN002912,CUST001112,Personal,128436.89,18.84,24,04/10/2022
LOAN002913,CUST001910,Personal,8574.63,23.14,120,2025-06-08
LOAN002914,CUST001149,Vehicle,520570.18,8.56,240,29/09/2024
LOAN002915,CUST001578,Vehicle,300641.88,19.73,60,2023-06-28
LOAN002916,CUST001045,Vehicle,541956.68,23.82,240,2022-07-08
LOAN002917,CUST001438,Home,1046633.69,15.25,120,02/09/2025
LOAN002918,CUST000503,Personal,74661.68,22.1,48,29/11/2021
LOAN002919,CUST000352,Personal,14421.77,11.58,48,22/04/2026
LOAN002920,CUST000309,Personal,14143.19,17.4,24,2022-12-04
LOAN002921,CUST000695,Home,1774126.83,12.91,360,16/12/2025
LOAN002922,CUST001768,Vehicle,380134.87,15.84,120,04/03/2022
LOAN002923,CUST001903,Personal,140678.3,17.41,36,2025-03-16
LOAN002924,CUST001736,Personal,42356.84,15.16,60,18/03/2026
LOAN002925,CUST002727,Personal,61901.32,17.43,60,24/04/2022
LOAN002926,CUST000788,Vehicle,272713.3,24.14,24,2023-09-30
LOAN002927,CUST000775,Vehicle,93464.25,12.59,60,2024-11-15
LOAN002928,CUST001172,Personal,117710.63,15.82,24,2025-04-22
LOAN002929,CUST000741,Personal,55149.94,24.01,240,2021-08-14
LOAN002930,CUST001848,Vehicle,486737.65,21.82,12,21/02/2022
LOAN002931,CUST000480,Home,1026644.81,11.15,180,05/02/2023
LOAN002932,CUST000661,Home,1241012.34,13.57,240,2022-01-26
LOAN002933,CUST002968,Personal,144344.61,24.32,120,2024-08-28
LOAN002934,CUST001848,Personal,19533.7,13.2,48,2023-11-19
LOAN002935,CUST001931,Home,1436493.53,8.24,360,2024-10-24
LOAN002936,CUST002972,Vehicle,302869.58,9.69,120,2023-01-13
LOAN002937,CUST001351,Personal,10961.35,12.84,24,07/03/2022
LOAN002938,CUST002812,Personal,118912.37,21.48,60,2025-03-22
LOAN002939,CUST002741,Home,699963.78,12.93,240,20/10/2023
LOAN002940,CUST000542,Vehicle,424082.61,21.14,24,29/11/2021
LOAN002941,CUST000095,Personal,86857.89,12.28,120,20/05/2026
LOAN002942,CUST002516,Personal,94318.6,21.93,12,17/01/2026
LOAN002943,CUST000206,Home,661213.53,15.0,240,31/03/2023
LOAN002944,CUST002059,Vehicle,381093.75,15.85,24,2022-11-26
LOAN002945,CUST002426,Personal,25068.65,18.2,120,2026-06-05
LOAN002946,CUST000430,Vehicle,537764.62,13.92,12,2023-06-11
LOAN002947,CUST001221,Vehicle,271126.92,16.03,36,13/12/2025
LOAN002948,CUST001591,Personal,68013.6,16.42,120,2022-02-13
LOAN002949,CUST001339,Personal,50001.97,19.37,240,11/11/2023
LOAN002950,CUST000486,Home,434715.87,21.77,180,11/06/2024
LOAN002951,CUST001074,Personal,138059.79,10.91,48,2025-11-16
LOAN002952,CUST002353,Vehicle,592591.38,13.28,36,2024-12-19
LOAN002953,CUST002443,Vehicle,389522.16,14.09,12,2025-06-22
LOAN002954,CUST002636,Vehicle,232251.64,14.74,48,2025-04-18
LOAN002955,CUST002221,Personal,136771.4,18.54,36,02/09/2022
LOAN002956,CUST001723,Personal,135651.11,21.85,12,2022-01-27
LOAN002957,CUST000888,Personal,114666.74,24.73,120,22/06/2026
LOAN002958,CUST002588,Personal,95489.82,22.2,36,2024-07-14
LOAN002959,CUST000013,Vehicle,187938.46,22.29,12,06/07/2024
LOAN002960,CUST002584,Personal,142158.51,24.63,240,2023-05-08
LOAN002961,CUST000708,Home,1650458.12,23.63,360,2025-11-04
LOAN002962,CUST002259,Home,1142274.42,22.87,240,01/11/2024
LOAN002963,CUST000668,Home,1984281.66,19.98,180,2025-09-06
LOAN002964,CUST000409,Home,1385661.17,8.9,240,2026-04-21
LOAN002965,CUST002842,Home,466846.18,14.4,120,22/08/2023
LOAN002966,CUST000636,Home,345143.73,8.76,240,14/09/2024
LOAN002967,CUST000176,Vehicle,355934.58,12.04,120,2025-10-27
LOAN002968,CUST002109,Vehicle,97009.08,19.28,240,2022-12-11
LOAN002969,CUST001983,Home,1639134.11,16.44,240,2025-02-16
LOAN002970,CUST000098,Vehicle,103444.49,11.23,48,03/12/2022
LOAN002971,CUST002274,Personal,113970.87,14.63,60,21/10/2022
LOAN002972,CUST001880,Vehicle,317594.73,23.98,60,2024-01-24
LOAN002973,CUST002679,Personal,42170.02,9.55,120,19/08/2023
LOAN002974,CUST002910,Personal,51315.91,22.19,24,05/09/2025
LOAN002975,CUST002109,Personal,76668.65,21.76,36,27/05/2026
LOAN002976,CUST000554,Vehicle,480899.01,19.37,120,22/12/2021
LOAN002977,CUST002779,Vehicle,457070.52,13.16,36,23/01/2022
LOAN002978,CUST001480,Home,1489521.09,15.01,240,13/07/2025
LOAN002979,CUST000251,Home,564122.33,8.59,360,2022-10-05
LOAN002980,CUST001048,Vehicle,253329.98,9.38,60,01/01/2024
LOAN002981,CUST000646,Personal,21049.0,11.86,24,2024-06-22
LOAN002982,CUST001685,Vehicle,473709.3,21.65,120,2024-11-03
LOAN002983,CUST001223,Personal,61261.29,16.48,60,2022-01-28
LOAN002984,CUST000094,Personal,16167.36,9.63,120,29/05/2025
LOAN002985,CUST002665,Vehicle,271712.96,15.59,48,2025-01-19
LOAN002986,CUST001591,Personal,37102.65,16.29,24,2024-04-28
LOAN002987,CUST002070,Home,778636.57,7.89,180,07/09/2025
LOAN002988,CUST002099,Home,1393356.05,19.23,180,2023-06-01
LOAN002989,CUST000663,Home,924263.89,16.63,240,2024-02-13
LOAN002990,CUST002015,Home,975329.87,10.62,360,2026-02-12
LOAN002991,CUST000207,Vehicle,229076.75,21.99,12,13/06/2023
LOAN002992,CUST002346,Vehicle,261909.8,16.36,48,2024-07-11
LOAN002993,CUST002942,Home,454828.91,24.46,240,20/06/2024
LOAN002994,CUST000565,Personal,95292.08,9.17,24,2025-06-21
LOAN002995,CUST002635,Personal,84995.08,19.16,48,2026-04-05
LOAN002996,CUST001880,Vehicle,400953.53,24.71,120,25/05/2024
LOAN002997,CUST000597,Home,1411411.25,8.07,240,22/02/2022
LOAN002998,CUST001192,Home,489064.01,13.81,120,28/04/2025
LOAN002999,CUST001150,Personal,109641.66,22.29,24,2023-05-05
LOAN003000,CUST001239,Personal,7205.16,21.99,48,2024-11-15
LOAN003001,CUST002773,Personal,45889.48,7.98,120,05/01/2026
LOAN003002,CUST001943,Home,1349183.0,7.91,360,2023-08-23
LOAN003003,CUST002510,Home,819818.7,17.66,360,03/07/2023
LOAN003004,CUST001253,Vehicle,387658.17,8.85,120,2025-03-24
LOAN003005,CUST002532,Home,1061317.69,18.33,240,11/04/2023
LOAN003006,CUST001683,Personal,106584.16,16.3,60,2025-06-11
LOAN003007,CUST001287,Home,480131.47,8.33,360,04/10/2025
LOAN003008,CUST001981,Vehicle,114345.87,21.67,240,2024-05-21
LOAN003009,CUST002970,Vehicle,443839.77,11.39,60,2024-02-20
LOAN003010,CUST000458,Personal,115773.9,14.57,24,2026-03-11
LOAN003011,CUST001260,Home,1555702.3,19.3,360,26/07/2025
LOAN003012,CUST002940,Vehicle,138242.8,17.59,60,2024-08-27
LOAN003013,CUST000983,Personal,22067.08,17.64,24,2025-05-23
LOAN003014,CUST000043,Home,1400210.51,10.66,360,09/11/2024
LOAN003015,CUST001389,Personal,35483.9,21.37,36,10/09/2021
LOAN003016,CUST001152,Vehicle,187378.53,15.53,12,09/05/2024
LOAN003017,CUST002569,Home,1182571.43,8.64,360,07/09/2021
LOAN003018,CUST001997,Vehicle,105522.7,21.86,24,21/03/2026
LOAN003019,CUST000840,Personal,45046.36,14.56,240,19/01/2022
LOAN003020,CUST001879,Personal,46555.89,9.53,120,2026-02-04
LOAN003021,CUST002641,Home,586953.2,11.33,360,06/07/2025
LOAN003022,CUST001536,Home,1009955.91,19.68,240,25/02/2025
LOAN003023,CUST002624,Personal,105283.78,16.49,12,2025-09-29
LOAN003024,CUST001373,Home,856056.5,12.32,180,24/10/2022
LOAN003025,CUST002966,Home,1315192.96,15.51,120,2025-08-04
LOAN003026,CUST001382,Home,1391290.49,24.36,240,2023-04-05
LOAN003027,CUST000428,Personal,15329.24,10.13,36,2026-05-10
LOAN003028,CUST001565,Home,484353.26,15.29,240,2022-10-15
LOAN003029,CUST001338,Home,922246.44,22.31,180,2023-10-05
LOAN003030,CUST000640,Home,1378912.55,23.56,240,19/10/2021
LOAN003031,CUST001794,Home,1590809.05,12.86,180,2023-10-27
LOAN003032,CUST001714,Personal,8432.29,12.59,12,10/06/2026
LOAN003033,CUST002813,Personal,71353.36,9.36,12,10/11/2022
LOAN003034,CUST001799,Vehicle,293822.56,10.46,24,2025-06-21
LOAN003035,CUST002347,Personal,88168.77,13.46,120,2022-08-06
LOAN003036,CUST000171,Personal,13585.3,14.41,36,11/05/2025
LOAN003037,CUST002130,Vehicle,590085.97,11.91,60,04/04/2024
LOAN003038,CUST000424,Personal,36526.02,23.26,12,2023-02-24
LOAN003039,CUST001538,Personal,120240.44,16.06,60,2023-07-17
LOAN003040,CUST000396,Home,1642109.41,22.06,180,2023-04-13
LOAN003041,CUST001937,Vehicle,144796.64,17.77,48,2025-07-30
LOAN003042,CUST000331,Vehicle,303812.94,24.02,24,2025-09-20
LOAN003043,CUST001175,Home,605141.87,11.28,120,2025-10-12
LOAN003044,CUST002531,Home,582148.01,23.7,240,17/03/2023
LOAN003045,CUST000674,Vehicle,333051.89,16.91,36,06/08/2024
LOAN003046,CUST002627,Personal,16896.01,15.7,120,16/03/2025
LOAN003047,CUST000426,Personal,136306.03,8.61,12,2025-09-05
LOAN003048,CUST000852,Personal,99672.74,16.72,24,07/09/2022
LOAN003049,CUST001174,Personal,26452.15,21.34,36,2025-08-23
LOAN003050,CUST002249,Home,1369610.61,11.86,360,2022-01-24
LOAN003051,CUST000430,Home,1874654.52,14.39,360,12/02/2025
LOAN003052,CUST002698,Home,520654.69,17.73,180,17/09/2024
LOAN003053,CUST000318,Personal,24179.83,20.4,48,2023-02-08
LOAN003054,CUST002712,Home,946093.86,20.69,360,05/01/2024
LOAN003055,CUST000813,Home,1297901.22,16.01,240,2022-06-25
LOAN003056,CUST001353,Personal,94602.02,7.68,12,13/06/2023
LOAN003057,CUST000766,Home,1714420.36,24.56,360,13/11/2022
LOAN003058,CUST000040,Home,1611756.79,12.62,360,17/01/2025
LOAN003059,CUST001610,Personal,17329.01,20.24,36,2023-04-17
LOAN003060,CUST000316,Personal,102626.73,21.67,12,13/07/2025
LOAN003061,CUST000732,Personal,31057.32,21.36,48,2025-12-21
LOAN003062,CUST002486,Home,1905026.37,9.97,180,12/04/2025
LOAN003063,CUST001960,Personal,84210.75,24.32,240,14/04/2026
LOAN003064,CUST002744,Personal,76044.11,12.0,24,25/02/2023
LOAN003065,CUST001786,Vehicle,528559.28,15.03,24,11/02/2022
LOAN003066,CUST002105,Vehicle,424704.1,11.0,12,2024-06-05
LOAN003067,CUST002599,Home,967021.06,17.53,240,14/01/2026
LOAN003068,CUST001972,Home,950323.66,17.75,120,04/01/2025
LOAN003069,CUST001985,Home,342915.14,24.88,180,2024-04-28
LOAN003070,CUST001927,Vehicle,503390.56,22.7,36,2025-04-15
LOAN003071,CUST001085,Vehicle,315354.04,9.97,12,2024-03-19
LOAN003072,CUST002330,Personal,121649.04,11.46,48,2023-07-11
LOAN003073,CUST002549,Vehicle,456371.63,12.34,60,27/12/2024
LOAN003074,CUST002502,Home,1699485.83,11.79,180,2022-07-17
LOAN003075,CUST001268,Home,1782660.85,8.02,180,04/01/2022
LOAN003076,CUST001416,Personal,120739.8,18.14,60,2024-07-04
LOAN003077,CUST000105,Vehicle,119159.03,17.76,60,2025-11-17
LOAN003078,CUST000852,Vehicle,216642.19,11.52,60,2023-07-23
LOAN003079,CUST000761,Home,756769.92,15.92,180,11/11/2022
LOAN003080,CUST002912,Personal,61507.72,19.79,120,2025-02-01
LOAN003081,CUST000976,Personal,134869.38,10.04,36,2024-03-09
LOAN003082,CUST000762,Personal,61890.97,17.36,240,08/07/2023
LOAN003083,CUST002877,Home,445085.58,24.7,240,2026-02-05
LOAN003084,CUST002429,Home,978266.56,21.13,240,2022-01-28
LOAN003085,CUST001397,Personal,33897.72,21.91,12,09/04/2026
LOAN003086,CUST000270,Personal,98004.19,24.49,48,2025-07-28
LOAN003087,CUST001858,Vehicle,149996.01,10.2,12,2025-12-06
LOAN003088,CUST001495,Vehicle,586155.81,22.47,36,05/01/2023
LOAN003089,CUST000260,Personal,67731.51,24.38,36,15/05/2024
LOAN003090,CUST002535,Vehicle,267546.53,23.84,60,2021-12-20
LOAN003091,CUST000252,Vehicle,384356.76,20.39,48,2026-06-25
LOAN003092,CUST001424,Personal,59844.62,19.44,60,29/09/2023
LOAN003093,CUST001032,Personal,70295.29,24.44,120,07/10/2021
LOAN003094,CUST002038,Vehicle,303509.11,15.64,12,05/04/2024
LOAN003095,CUST000762,Vehicle,155465.33,19.33,240,2024-11-06
LOAN003096,CUST000786,Vehicle,386980.09,24.44,48,2022-11-29
LOAN003097,CUST001055,Vehicle,379696.61,15.22,24,2023-12-31
LOAN003098,CUST002214,Home,353133.48,11.61,240,31/08/2025
LOAN003099,CUST000100,Personal,78386.92,12.69,12,2026-05-27
LOAN003100,CUST001747,Vehicle,193145.59,20.23,120,09/10/2022
LOAN003101,CUST002592,Personal,14488.57,24.31,120,04/09/2022
LOAN003102,CUST002574,Personal,139816.09,8.98,48,02/10/2024
LOAN003103,CUST001326,Home,659000.88,12.77,180,18/08/2022
LOAN003104,CUST000134,Home,1938663.39,14.43,180,2021-08-17
LOAN003105,CUST002258,Vehicle,457432.79,19.47,36,2022-10-06
LOAN003106,CUST001711,Vehicle,141618.15,17.47,60,2021-09-01
LOAN003107,CUST000721,Vehicle,124344.33,13.92,120,30/07/2024
LOAN003108,CUST002989,Vehicle,237267.47,14.78,24,2025-09-08
LOAN003109,CUST000914,Personal,36462.79,14.71,240,09/08/2023
LOAN003110,CUST001117,Home,470793.95,11.69,240,11/04/2024
LOAN003111,CUST000971,Vehicle,492508.08,14.16,240,2024-05-11
LOAN003112,CUST001536,Personal,77232.58,24.26,60,2023-08-05
LOAN003113,CUST001240,Personal,20662.5,22.4,60,26/09/2025
LOAN003114,CUST000577,Vehicle,388922.17,22.36,48,03/06/2024
LOAN003115,CUST000434,Personal,85418.64,18.72,60,26/08/2024
LOAN003116,CUST002287,Vehicle,243031.26,14.2,120,08/12/2025
LOAN003117,CUST002489,Home,324265.32,21.78,120,20/05/2026
LOAN003118,CUST000005,Home,505160.15,12.03,240,2025-03-28
LOAN003119,CUST000201,Home,1500203.84,11.44,240,16/01/2025
LOAN003120,CUST001713,Personal,127582.54,21.74,48,2026-05-25
LOAN003121,CUST000254,Vehicle,265007.79,18.23,120,08/07/2025
LOAN003122,CUST002648,Personal,64259.4,13.11,36,2022-11-11
LOAN003123,CUST001992,Personal,21803.49,16.4,48,22/05/2023
LOAN003124,CUST002530,Personal,140354.12,17.57,36,29/12/2025
LOAN003125,CUST002882,Home,1170818.86,21.43,360,2026-03-05
LOAN003126,CUST001998,Personal,53445.15,19.55,24,2023-02-21
LOAN003127,CUST000475,Home,1154402.96,24.29,360,28/04/2023
LOAN003128,CUST001422,Home,1940845.64,24.5,240,12/04/2026
LOAN003129,CUST002059,Home,1022485.11,21.04,240,2022-03-24
LOAN003130,CUST002486,Vehicle,486533.66,17.48,12,18/10/2025
LOAN003131,CUST000498,Vehicle,441129.89,15.27,36,2026-06-02
LOAN003132,CUST001279,Vehicle,554433.81,23.11,12,2022-10-12
LOAN003133,CUST002375,Home,421087.26,14.48,120,19/03/2024
LOAN003134,CUST002026,Personal,50135.86,12.05,36,14/03/2022
LOAN003135,CUST001987,Personal,142529.14,18.58,120,23/05/2026
LOAN003136,CUST000949,Personal,34153.7,8.37,48,04/06/2025
LOAN003137,CUST000316,Vehicle,395983.29,19.11,36,2024-01-23
LOAN003138,CUST000404,Vehicle,263890.69,18.31,240,27/11/2023
LOAN003139,CUST001672,Personal,75711.52,9.28,36,2023-02-09
LOAN003140,CUST002309,Home,1558731.0,10.14,180,2025-07-15
LOAN003141,CUST002533,Vehicle,473672.77,7.99,24,2024-07-15
LOAN003142,CUST001245,Vehicle,487184.69,15.18,12,09/02/2025
LOAN003143,CUST001319,Personal,94450.58,9.7,36,04/02/2025
LOAN003144,CUST001413,Vehicle,211276.32,15.85,48,27/09/2024
LOAN003145,CUST000950,Home,1225115.68,10.9,360,2024-04-16
LOAN003146,CUST001698,Vehicle,539843.94,13.46,240,2026-05-31
LOAN003147,CUST000565,Personal,108376.95,12.63,60,2023-11-09
LOAN003148,CUST001044,Personal,22038.83,19.01,240,22/05/2024
LOAN003149,CUST001191,Vehicle,467020.95,23.63,24,2021-10-29
LOAN003150,CUST000836,Home,1556788.45,12.45,180,2024-08-10
LOAN003151,CUST000455,Vehicle,445841.94,17.02,48,2024-01-05
LOAN003152,CUST002747,Personal,95705.25,7.79,48,17/09/2023
LOAN003153,CUST001541,Vehicle,194265.66,15.53,60,2026-04-03
LOAN003154,CUST000249,Vehicle,94182.05,10.18,240,2022-05-29
LOAN003155,CUST001965,Vehicle,598557.11,23.33,120,2024-04-27
LOAN003156,CUST001466,Vehicle,539031.16,14.86,24,25/04/2024
LOAN003157,CUST001429,Vehicle,420852.03,12.58,24,06/11/2021
LOAN003158,CUST002873,Vehicle,387753.41,14.32,60,11/04/2023
LOAN003159,CUST000590,Personal,101216.52,8.5,60,2025-11-01
LOAN003160,CUST002488,Home,1359168.31,8.27,120,2022-04-17
LOAN003161,CUST002135,Vehicle,478894.5,23.07,24,2024-12-02
LOAN003162,CUST000368,Vehicle,412365.12,7.93,240,20/11/2021
LOAN003163,CUST001311,Personal,36925.94,21.77,48,06/02/2025
LOAN003164,CUST001595,Vehicle,439971.65,14.31,60,2024-05-14
LOAN003165,CUST000748,Personal,144612.64,7.97,36,2026-03-24
LOAN003166,CUST002785,Vehicle,443672.93,13.84,120,22/02/2025
LOAN003167,CUST000017,Home,1235966.24,15.27,180,2025-01-28
LOAN003168,CUST000058,Home,1537285.08,24.44,360,2023-12-24
LOAN003169,CUST002508,Personal,19888.4,8.45,60,11/01/2025
LOAN003170,CUST002352,Home,1366101.43,8.8,180,2026-03-16
LOAN003171,CUST002622,Personal,5904.35,15.97,24,2026-06-02
LOAN003172,CUST000706,Personal,148153.71,17.86,48,16/08/2022
LOAN003173,CUST000880,Home,1803857.84,15.56,360,2023-10-16
LOAN003174,CUST000852,Home,1024791.81,19.71,180,2024-03-19
LOAN003175,CUST002182,Personal,55597.84,18.34,240,2024-11-19
LOAN003176,CUST000852,Personal,136384.68,11.23,12,11/03/2023
LOAN003177,CUST001506,Vehicle,172083.63,24.24,60,15/05/2024
LOAN003178,CUST002451,Home,1286091.04,8.07,240,16/11/2025
LOAN003179,CUST001799,Home,807537.66,14.94,180,2026-03-22
LOAN003180,CUST001429,Home,1842084.74,24.23,180,11/04/2022
LOAN003181,CUST001790,Vehicle,242101.52,14.77,48,21/03/2024
LOAN003182,CUST000482,Vehicle,455914.95,17.26,36,01/12/2024
LOAN003183,CUST001148,Personal,62465.21,22.54,48,2023-02-11
LOAN003184,CUST001358,Personal,59238.14,14.68,24,07/08/2021
LOAN003185,CUST002047,Personal,50008.96,18.24,60,2024-07-25
LOAN003186,CUST001669,Vehicle,235690.16,22.1,48,25/01/2025
LOAN003187,CUST001521,Personal,78546.62,8.05,60,30/04/2023
LOAN003188,CUST002580,Personal,65541.81,18.62,240,2022-02-26
LOAN003189,CUST000919,Vehicle,170886.26,17.26,24,2026-05-17
LOAN003190,CUST001566,Vehicle,218036.32,24.54,240,2024-08-02
LOAN003191,CUST002096,Home,851109.22,15.57,240,04/03/2024
LOAN003192,CUST001347,Vehicle,148407.94,12.3,60,2025-02-27
LOAN003193,CUST000930,Vehicle,546734.41,13.27,240,03/03/2025
LOAN003194,CUST000273,Vehicle,434904.84,15.04,240,16/10/2022
LOAN003195,CUST002918,Personal,141878.27,13.41,60,2024-07-10
LOAN003196,CUST000029,Vehicle,247280.49,17.44,24,2025-04-19
LOAN003197,CUST001874,Personal,84490.1,11.84,60,2022-06-13
LOAN003198,CUST001736,Personal,16536.21,22.3,24,2022-06-16
LOAN003199,CUST001320,Personal,50603.78,18.03,240,04/10/2024
LOAN003200,CUST001103,Vehicle,315187.75,8.57,120,01/01/2024
LOAN003201,CUST001192,Vehicle,188127.16,13.72,120,25/02/2022
LOAN003202,CUST002085,Personal,17906.74,23.24,120,2022-01-02
LOAN003203,CUST001112,Vehicle,573599.12,17.42,36,22/03/2026
LOAN003204,CUST001274,Vehicle,98111.24,9.58,36,2024-05-22
LOAN003205,CUST001909,Vehicle,272228.47,24.58,48,27/03/2026
LOAN003206,CUST002793,Vehicle,95407.67,14.49,240,22/06/2023
LOAN003207,CUST000704,Vehicle,269826.17,21.72,12,28/07/2023
LOAN003208,CUST001475,Vehicle,242847.24,17.73,240,28/12/2024
LOAN003209,CUST001677,Vehicle,463271.89,17.64,120,2022-03-31
LOAN003210,CUST001592,Personal,65299.38,17.3,36,03/04/2023
LOAN003211,CUST000730,Vehicle,522478.52,16.15,120,2022-01-14
LOAN003212,CUST002696,Personal,6561.54,9.89,12,25/04/2023
LOAN003213,CUST001370,Home,1504399.73,24.06,120,16/01/2025
LOAN003214,CUST001418,Personal,107065.61,23.63,60,21/11/2025
LOAN003215,CUST002954,Personal,34655.04,12.17,120,2024-01-09
LOAN003216,CUST002040,Personal,111195.86,22.65,60,2022-06-22
LOAN003217,CUST002888,Vehicle,424403.52,19.35,240,2023-07-17
LOAN003218,CUST000655,Vehicle,397254.55,11.13,120,2022-09-06
LOAN003219,CUST000052,Home,768324.96,19.14,360,2026-06-01
LOAN003220,CUST001007,Personal,76002.45,20.47,24,05/09/2024
LOAN003221,CUST002766,Vehicle,456820.59,23.99,24,2023-03-28
LOAN003222,CUST001251,Vehicle,153691.73,12.41,12,07/04/2025
LOAN003223,CUST002011,Vehicle,245389.71,16.46,60,2024-02-22
LOAN003224,CUST001192,Home,1296419.31,24.42,120,31/08/2021
LOAN003225,CUST000764,Vehicle,486504.92,16.4,120,2024-07-19
LOAN003226,CUST002209,Personal,44874.05,21.43,12,2026-05-25
LOAN003227,CUST000859,Vehicle,335941.13,11.98,36,2021-11-09
LOAN003228,CUST001361,Personal,126745.98,19.81,24,2023-05-27
LOAN003229,CUST000953,Home,718079.29,14.61,120,2022-05-24
LOAN003230,CUST002512,Personal,11797.15,24.13,24,22/04/2026
LOAN003231,CUST000334,Vehicle,229631.38,9.11,24,02/03/2024
LOAN003232,CUST000434,Personal,96911.6,21.83,24,03/08/2021
LOAN003233,CUST002946,Personal,71273.89,18.58,36,17/06/2023
LOAN003234,CUST000477,Vehicle,510627.84,20.66,24,2021-09-13
LOAN003235,CUST001110,Vehicle,132213.68,11.96,24,07/01/2026
LOAN003236,CUST001337,Vehicle,538592.6,7.97,60,2024-05-03
LOAN003237,CUST002431,Vehicle,228356.87,11.96,60,17/10/2025
LOAN003238,CUST000577,Vehicle,462348.95,13.62,48,08/04/2026
LOAN003239,CUST001256,Personal,100513.42,24.75,36,2022-06-29
LOAN003240,CUST001077,Home,1000273.91,21.65,120,14/08/2024
LOAN003241,CUST001488,Personal,131584.32,15.94,120,2022-06-17
LOAN003242,CUST001221,Home,572086.8,14.09,360,2022-08-22
LOAN003243,CUST001949,Vehicle,210001.16,23.65,12,07/04/2023
LOAN003244,CUST001790,Personal,16083.91,19.73,240,09/11/2025
LOAN003245,CUST001982,Home,671941.15,23.08,360,2026-01-20
LOAN003246,CUST001030,Vehicle,143430.59,22.04,36,2024-07-07
LOAN003247,CUST002936,Home,1992408.01,11.04,120,2024-05-22
LOAN003248,CUST000941,Home,616264.44,24.46,180,13/12/2025
LOAN003249,CUST001416,Personal,11317.21,11.27,48,15/01/2025
LOAN003250,CUST000962,Personal,141730.02,17.87,24,22/11/2025
LOAN003251,CUST002175,Home,1925272.82,13.44,120,2022-06-09
LOAN003252,CUST000735,Vehicle,563001.8,24.37,240,2022-04-19
LOAN003253,CUST001514,Personal,142387.08,22.79,240,2025-08-05
LOAN003254,CUST002370,Vehicle,373239.19,16.48,120,2021-09-18
LOAN003255,CUST001108,Vehicle,576211.98,10.66,60,2021-10-03
LOAN003256,CUST002632,Home,1508326.14,7.54,180,18/03/2024
LOAN003257,CUST001391,Personal,34068.76,10.77,36,12/04/2026
LOAN003258,CUST002441,Personal,32200.1,15.24,12,2026-03-12
LOAN003259,CUST000759,Home,1873508.29,12.56,180,15/07/2025
LOAN003260,CUST000101,Personal,125053.49,18.16,12,2023-02-06
LOAN003261,CUST000790,Vehicle,196985.31,11.35,48,31/12/2022
LOAN003262,CUST002040,Vehicle,420773.51,20.81,120,2023-04-14
LOAN003263,CUST001991,Home,1154635.15,9.57,120,2022-06-15
LOAN003264,CUST002211,Personal,137053.53,23.9,240,12/02/2024
LOAN003265,CUST002331,Vehicle,237709.82,24.71,12,2025-12-29
LOAN003266,CUST000723,Home,1993866.64,24.89,240,06/01/2024
LOAN003267,CUST002214,Home,1368465.61,11.16,180,2024-07-14
LOAN003268,CUST001662,Vehicle,265556.36,13.73,48,2026-06-22
LOAN003269,CUST000086,Personal,132488.02,20.57,36,03/02/2026
LOAN003270,CUST000399,Home,499128.32,14.27,180,07/03/2026
LOAN003271,CUST001581,Home,341656.08,22.47,180,18/02/2026
LOAN003272,CUST002634,Home,706563.7,11.62,360,05/04/2024
LOAN003273,CUST001500,Home,1688972.31,16.25,240,24/06/2023
LOAN003274,CUST000319,Personal,129843.32,16.83,60,2023-10-08
LOAN003275,CUST000464,Home,1750565.01,9.12,240,2022-02-20
LOAN003276,CUST000632,Vehicle,454444.45,14.12,12,2024-04-17
LOAN003277,CUST002282,Home,362997.67,20.08,240,2023-03-26
LOAN003278,CUST001336,Vehicle,159251.39,12.4,24,14/05/2023
LOAN003279,CUST001541,Home,1584249.41,11.37,360,2022-09-29
LOAN003280,CUST000846,Home,804721.06,14.2,120,2025-08-03
LOAN003281,CUST000836,Home,1873215.28,15.17,180,29/06/2022
LOAN003282,CUST000686,Home,1773769.35,14.62,180,22/07/2023
LOAN003283,CUST001137,Home,817024.46,21.5,120,30/04/2023
LOAN003284,CUST000178,Personal,114638.63,13.76,120,28/01/2026
LOAN003285,CUST002181,Home,550444.11,8.42,360,05/02/2026
LOAN003286,CUST001631,Personal,74931.55,8.2,120,2025-07-22
LOAN003287,CUST000284,Home,1666124.41,9.39,180,2026-01-15
LOAN003288,CUST002470,Personal,55456.71,13.95,60,2025-01-17
LOAN003289,CUST001147,Personal,116974.69,21.62,36,10/09/2025
LOAN003290,CUST002619,Personal,18541.29,15.6,24,2022-01-19
LOAN003291,CUST002097,Vehicle,93910.11,11.69,240,15/02/2024
LOAN003292,CUST001069,Home,1396317.35,13.08,360,30/10/2024
LOAN003293,CUST001065,Home,1063216.76,9.81,360,22/02/2023
LOAN003294,CUST001243,Personal,96646.81,11.21,240,2024-02-28
LOAN003295,CUST002753,Home,1175723.38,16.69,360,2024-05-24
LOAN003296,CUST001766,Vehicle,528161.88,23.29,240,07/03/2024
LOAN003297,CUST001367,Personal,115629.47,16.72,12,04/07/2023
LOAN003298,CUST001529,Home,1622138.53,9.38,240,2024-04-02
LOAN003299,CUST000291,Vehicle,227369.82,18.74,48,2022-07-22
LOAN003300,CUST000035,Home,667815.05,20.1,120,21/02/2023
LOAN003301,CUST002292,Vehicle,118344.27,22.24,240,08/10/2023
LOAN003302,CUST001542,Home,646646.77,8.83,180,2022-07-16
LOAN003303,CUST002547,Personal,46834.06,24.17,12,2026-03-18
LOAN003304,CUST000235,Vehicle,230266.35,11.18,120,31/08/2023
LOAN003305,CUST000630,Home,324155.14,19.84,180,15/09/2023
LOAN003306,CUST000139,Personal,15272.63,20.56,24,21/12/2021
LOAN003307,CUST001880,Personal,94770.78,17.78,240,06/09/2021
LOAN003308,CUST001705,Home,698017.7,21.45,120,2022-01-29
LOAN003309,CUST000346,Home,587968.11,8.25,120,29/04/2024
LOAN003310,CUST000212,Vehicle,310110.94,7.53,36,25/07/2024
LOAN003311,CUST002823,Personal,14133.42,21.12,120,26/01/2023
LOAN003312,CUST002158,Vehicle,276522.3,23.34,12,2026-06-13
LOAN003313,CUST000026,Home,1149366.35,23.49,120,2025-05-11
LOAN003314,CUST000894,Personal,110110.73,22.71,240,2025-05-11
LOAN003315,CUST002237,Home,1566838.3,23.31,120,01/01/2025
LOAN003316,CUST001565,Vehicle,385771.49,23.44,12,29/02/2024
LOAN003317,CUST000451,Vehicle,113684.04,12.4,240,08/10/2021
LOAN003318,CUST000940,Personal,16826.65,22.05,48,2026-03-23
LOAN003319,CUST000554,Vehicle,278189.76,23.37,240,28/01/2023
LOAN003320,CUST000258,Vehicle,311954.83,23.13,12,15/06/2024
LOAN003321,CUST001235,Personal,130806.47,21.19,240,29/12/2025
LOAN003322,CUST002933,Home,1952504.29,8.96,180,2024-03-27
LOAN003323,CUST002849,Home,747736.71,15.62,240,19/09/2024
LOAN003324,CUST001206,Vehicle,591095.99,9.96,24,15/03/2025
LOAN003325,CUST000735,Vehicle,207456.11,11.45,36,12/03/2024
LOAN003326,CUST002812,Vehicle,338823.42,24.23,12,2021-10-18
LOAN003327,CUST002612,Personal,27412.87,9.77,60,2023-01-21
LOAN003328,CUST001894,Personal,117831.33,12.37,120,2022-06-29
LOAN003329,CUST002519,Personal,78990.66,8.57,24,23/04/2026
LOAN003330,CUST001710,Vehicle,380877.17,14.31,48,28/10/2021
LOAN003331,CUST002666,Home,943181.39,12.93,360,2025-08-17
LOAN003332,CUST001220,Vehicle,336232.91,21.8,48,12/11/2025
LOAN003333,CUST001248,Home,1949170.38,23.32,240,14/03/2025
LOAN003334,CUST000456,Home,1909198.33,13.5,360,22/02/2024
LOAN003335,CUST000715,Personal,72510.55,16.57,240,11/06/2022
LOAN003336,CUST001547,Personal,26173.16,14.92,48,23/05/2023
LOAN003337,CUST001250,Home,1208301.25,20.87,360,02/01/2025
LOAN003338,CUST000775,Home,882695.28,23.02,120,2026-01-17
LOAN003339,CUST001576,Vehicle,521890.73,14.73,24,19/01/2022
LOAN003340,CUST000881,Home,642117.83,9.87,180,2026-03-29
LOAN003341,CUST001588,Home,865931.24,14.76,240,2025-12-15
LOAN003342,CUST001702,Personal,117257.96,21.7,240,26/01/2025
LOAN003343,CUST000022,Vehicle,409884.79,24.43,120,2021-12-04
LOAN003344,CUST002604,Vehicle,184953.94,15.62,240,26/07/2022
LOAN003345,CUST001974,Personal,119888.99,24.39,48,2022-08-01
LOAN003346,CUST002608,Home,495839.81,14.12,120,2024-09-18
LOAN003347,CUST000301,Personal,15024.37,9.47,60,23/08/2021
LOAN003348,CUST001542,Vehicle,379964.9,11.01,12,06/02/2026
LOAN003349,CUST002481,Vehicle,308369.18,20.61,120,2022-07-31
LOAN003350,CUST002281,Personal,131404.23,21.93,60,2024-12-15
LOAN003351,CUST000146,Personal,98447.08,9.92,12,10/02/2026
LOAN003352,CUST002318,Personal,25057.31,12.53,48,03/08/2021
LOAN003353,CUST002156,Vehicle,84430.81,10.51,120,2022-09-30
LOAN003354,CUST002847,Personal,131343.6,18.66,24,2025-07-27
LOAN003355,CUST002445,Home,1569226.34,16.25,180,27/08/2025
LOAN003356,CUST001769,Personal,45066.58,20.05,24,29/05/2026
LOAN003357,CUST001054,Personal,90828.36,20.21,240,2026-06-03
LOAN003358,CUST001692,Home,1160560.45,16.15,120,2025-08-19
LOAN003359,CUST000210,Vehicle,242747.93,13.69,36,25/05/2023
LOAN003360,CUST002002,Vehicle,491056.42,22.76,36,2025-09-08
LOAN003361,CUST001251,Vehicle,508269.8,13.31,120,14/10/2021
LOAN003362,CUST001179,Vehicle,172824.09,13.41,240,06/04/2022
LOAN003363,CUST000039,Personal,110572.23,9.46,12,11/10/2022
LOAN003364,CUST001318,Personal,20879.79,21.42,60,08/11/2024
LOAN003365,CUST001803,Personal,87051.28,19.74,36,26/11/2025
LOAN003366,CUST000881,Home,1959998.78,11.62,180,24/08/2023
LOAN003367,CUST002752,Personal,139326.34,18.44,120,2024-05-16
LOAN003368,CUST002699,Vehicle,181572.26,10.69,36,25/10/2025
LOAN003369,CUST000433,Home,1072531.74,10.56,180,24/08/2024
LOAN003370,CUST000131,Personal,50160.99,9.64,240,2022-07-29
LOAN003371,CUST000974,Vehicle,262548.88,19.11,48,20/11/2025
LOAN003372,CUST002589,Vehicle,232871.89,10.57,60,10/03/2025
LOAN003373,CUST002030,Personal,54270.02,22.91,60,27/11/2022
LOAN003374,CUST002493,Personal,71353.41,11.25,120,2024-12-17
LOAN003375,CUST000714,Personal,137527.46,13.26,240,2023-08-12
LOAN003376,CUST000816,Vehicle,300755.73,19.22,36,2023-08-08
LOAN003377,CUST002525,Personal,67416.85,9.96,60,07/12/2022
LOAN003378,CUST000628,Vehicle,327335.38,19.1,36,31/12/2025
LOAN003379,CUST000561,Home,834634.79,8.32,360,01/08/2025
LOAN003380,CUST002429,Vehicle,279590.46,9.31,60,2023-12-20
LOAN003381,CUST001351,Vehicle,463880.53,17.34,60,08/07/2024
LOAN003382,CUST000407,Home,785578.82,20.83,180,2024-08-24
LOAN003383,CUST001279,Personal,51377.04,24.28,36,2023-07-06
LOAN003384,CUST002936,Home,512809.36,19.56,360,2024-12-27
LOAN003385,CUST002805,Vehicle,209907.97,13.93,24,2023-10-11
LOAN003386,CUST001752,Vehicle,389241.05,21.75,12,29/10/2024
LOAN003387,CUST000985,Personal,33894.16,21.41,120,30/08/2022
LOAN003388,CUST001110,Personal,98957.85,12.86,36,2024-09-13
LOAN003389,CUST002767,Personal,5576.57,20.78,240,18/02/2022
LOAN003390,CUST001721,Vehicle,142975.09,21.8,36,02/01/2026
LOAN003391,CUST000717,Personal,77706.81,22.91,240,2023-12-20
LOAN003392,CUST001447,Personal,107339.62,15.56,120,20/06/2022
LOAN003393,CUST000096,Home,1070464.34,15.44,240,06/03/2023
LOAN003394,CUST000079,Home,1891783.45,16.47,240,17/03/2026
LOAN003395,CUST002525,Vehicle,104571.57,14.63,60,29/10/2022
LOAN003396,CUST001111,Vehicle,588529.46,22.56,48,30/11/2024
LOAN003397,CUST001065,Personal,31192.2,10.9,240,22/02/2026
LOAN003398,CUST001589,Vehicle,245543.45,8.37,240,2023-07-11
LOAN003399,CUST002000,Personal,85065.17,9.34,60,2024-03-15
LOAN003400,CUST002383,Vehicle,192072.5,18.49,120,2022-12-19
LOAN003401,CUST002290,Home,461652.98,22.13,180,2024-05-15
LOAN003402,CUST001362,Vehicle,146859.21,7.55,48,2022-02-05
LOAN003403,CUST002095,Home,1076219.86,8.06,120,25/02/2022
LOAN003404,CUST001686,Vehicle,469688.01,9.78,24,2025-08-12
LOAN003405,CUST001654,Home,1181162.84,22.68,120,30/11/2025
LOAN003406,CUST000342,Vehicle,184476.23,22.22,24,29/03/2026
LOAN003407,CUST002771,Home,496725.53,24.03,360,2024-04-17
LOAN003408,CUST000257,Home,719964.62,9.12,240,2024-01-06
LOAN003409,CUST000452,Home,1791657.25,14.17,240,2022-03-11
LOAN003410,CUST001694,Home,462586.5,10.5,180,2026-06-19
LOAN003411,CUST001368,Vehicle,143171.6,7.91,240,2023-11-15
LOAN003412,CUST002600,Home,1513132.45,24.22,360,07/02/2022
LOAN003413,CUST001248,Home,1397727.11,19.83,240,2022-09-09
LOAN003414,CUST002519,Personal,79715.89,24.56,24,2025-08-31
LOAN003415,CUST002226,Personal,114930.91,23.85,60,22/06/2022
LOAN003416,CUST000267,Home,1829772.02,13.42,180,2025-04-26
LOAN003417,CUST001324,Home,944716.43,19.56,360,14/07/2025
LOAN003418,CUST001964,Vehicle,490385.51,22.89,36,2022-10-03
LOAN003419,CUST002125,Personal,49648.88,22.04,120,2024-08-04
LOAN003420,CUST000555,Home,448363.37,18.13,360,21/09/2023
LOAN003421,CUST001725,Home,923363.56,21.73,120,2022-04-08
LOAN003422,CUST002786,Personal,134335.2,15.97,48,02/07/2024
LOAN003423,CUST000832,Home,356901.74,17.69,240,2021-10-07
LOAN003424,CUST000226,Vehicle,176725.24,23.2,120,2026-02-27
LOAN003425,CUST001374,Vehicle,403580.33,20.32,24,2025-05-03
LOAN003426,CUST002816,Home,492700.91,20.2,180,2022-06-30
LOAN003427,CUST001153,Personal,35618.95,23.18,48,08/08/2022
LOAN003428,CUST002082,Personal,127169.24,16.17,60,17/02/2023
LOAN003429,CUST002563,Vehicle,261821.26,19.76,60,13/05/2024
LOAN003430,CUST000350,Vehicle,444296.66,9.22,48,2026-03-26
LOAN003431,CUST002652,Home,1322747.44,22.59,120,2023-03-31
LOAN003432,CUST002616,Home,1843422.5,19.99,180,29/03/2026
LOAN003433,CUST000837,Personal,8008.91,24.0,120,06/02/2026
LOAN003434,CUST002221,Vehicle,350516.71,24.4,48,16/04/2023
LOAN003435,CUST001356,Personal,7572.34,8.55,240,2022-07-21
LOAN003436,CUST001117,Personal,132343.46,20.64,12,2024-09-25
LOAN003437,CUST000914,Vehicle,518831.18,11.26,240,2023-06-29
LOAN003438,CUST002917,Vehicle,307366.2,24.72,24,27/04/2022
LOAN003439,CUST002785,Vehicle,220646.35,17.37,120,01/01/2023
LOAN003440,CUST002224,Personal,48648.4,15.23,48,2021-11-17
LOAN003441,CUST000624,Personal,105739.31,9.48,48,2022-06-21
LOAN003442,CUST002955,Home,845472.0,11.44,240,2022-07-10
LOAN003443,CUST002802,Home,1888655.72,22.8,180,20/10/2024
LOAN003444,CUST000131,Personal,147079.76,16.54,12,22/09/2023
LOAN003445,CUST000719,Vehicle,585636.3,12.37,12,07/11/2025
LOAN003446,CUST002011,Personal,36164.15,20.08,24,2021-11-27
LOAN003447,CUST001198,Personal,34660.78,22.89,12,10/10/2022
LOAN003448,CUST001612,Personal,121272.25,10.33,240,2024-03-01
LOAN003449,CUST002981,Home,1097387.52,9.96,240,2024-04-21
LOAN003450,CUST002220,Personal,10084.13,20.84,36,2022-04-09
LOAN003451,CUST000082,Vehicle,329674.74,20.24,36,23/04/2026
LOAN003452,CUST002816,Vehicle,196954.4,8.55,36,04/11/2021
LOAN003453,CUST002638,Vehicle,548174.04,24.44,120,07/12/2024
LOAN003454,CUST001438,Personal,93497.77,15.93,36,01/08/2023
LOAN003455,CUST000668,Home,1203190.24,22.04,360,2024-03-12
LOAN003456,CUST002770,Home,1483705.03,22.89,120,10/08/2024
LOAN003457,CUST002844,Personal,30800.64,18.91,24,2022-05-27
LOAN003458,CUST002609,Home,1562891.84,7.7,360,2026-02-26
LOAN003459,CUST001134,Personal,98769.1,12.83,24,2023-05-22
LOAN003460,CUST002865,Home,1741102.37,24.37,120,2022-04-09
LOAN003461,CUST001175,Vehicle,472451.52,14.87,48,28/01/2022
LOAN003462,CUST002214,Vehicle,422517.6,14.71,240,18/09/2022
LOAN003463,CUST000793,Vehicle,221305.7,19.66,120,2023-06-11
LOAN003464,CUST001650,Personal,109646.29,16.22,240,2024-05-02
LOAN003465,CUST002012,Vehicle,273521.67,16.74,120,27/07/2025
LOAN003466,CUST000879,Home,1479207.48,7.57,240,2025-05-07
LOAN003467,CUST000912,Home,1011535.21,9.74,120,2022-02-25
LOAN003468,CUST000671,Home,930090.98,14.84,180,02/09/2022
LOAN003469,CUST001152,Personal,105371.08,22.09,60,28/08/2024
LOAN003470,CUST001174,Home,1399674.87,20.9,120,2024-05-03
LOAN003471,CUST001038,Vehicle,155654.07,16.05,120,05/12/2021
LOAN003472,CUST000244,Personal,34208.04,15.87,60,2024-10-04
LOAN003473,CUST002933,Personal,12098.73,16.69,240,17/01/2026
LOAN003474,CUST002510,Home,1081701.31,15.82,360,2026-03-06
LOAN003475,CUST002511,Vehicle,412618.94,20.82,240,2024-09-26
LOAN003476,CUST002269,Vehicle,311976.03,16.42,48,15/12/2022
LOAN003477,CUST001833,Vehicle,259658.9,11.16,12,06/08/2024
LOAN003478,CUST000582,Vehicle,261268.16,11.84,120,2023-10-12
LOAN003479,CUST001966,Home,1379465.76,16.96,180,31/03/2025
LOAN003480,CUST002142,Personal,111249.44,7.94,60,04/12/2024
LOAN003481,CUST000723,Vehicle,563371.7,17.84,36,30/07/2024
LOAN003482,CUST001673,Personal,83471.48,19.03,24,07/04/2023
LOAN003483,CUST001872,Personal,82517.87,20.39,48,05/06/2026
LOAN003484,CUST002873,Vehicle,428758.11,17.97,24,2023-10-21
LOAN003485,CUST002361,Vehicle,103611.61,15.12,120,02/02/2026
LOAN003486,CUST000136,Vehicle,375634.48,13.79,24,27/04/2022
LOAN003487,CUST001589,Home,1021592.58,9.54,180,2024-03-16
LOAN003488,CUST000770,Personal,26956.73,14.28,48,2023-05-04
LOAN003489,CUST001675,Vehicle,137735.88,20.62,60,2022-04-11
LOAN003490,CUST001936,Personal,25478.51,10.68,36,12/09/2024
LOAN003491,CUST001626,Home,1319011.15,18.99,180,04/06/2022
LOAN003492,CUST001225,Personal,6630.56,22.18,120,29/04/2026
LOAN003493,CUST002412,Vehicle,94048.49,23.39,60,25/06/2026
LOAN003494,CUST002642,Home,1885834.72,21.37,240,26/11/2025
LOAN003495,CUST000118,Vehicle,533041.37,12.9,60,18/05/2023
LOAN003496,CUST000925,Vehicle,333642.48,22.05,36,01/09/2021
LOAN003497,CUST000411,Personal,148752.76,19.96,48,12/07/2025
LOAN003498,CUST000584,Home,1275582.6,10.1,360,2022-04-10
LOAN003499,CUST000347,Vehicle,277008.49,20.66,120,30/10/2023
LOAN003500,CUST000557,Personal,39356.69,15.51,12,23/01/2025
LOAN003501,CUST002505,Vehicle,518032.99,15.68,240,25/03/2024
LOAN003502,CUST000444,Vehicle,439777.46,11.89,36,2022-09-06
LOAN003503,CUST002113,Vehicle,85080.18,23.0,48,2023-07-18
LOAN003504,CUST000027,Personal,115442.66,8.45,240,12/09/2025
LOAN003505,CUST001499,Vehicle,435721.23,16.72,36,21/04/2023
LOAN003506,CUST000589,Vehicle,424080.93,22.58,240,14/03/2026
LOAN003507,CUST000521,Home,1041420.26,9.17,180,21/08/2023
LOAN003508,CUST002687,Home,622210.75,8.99,240,15/08/2023
LOAN003509,CUST002260,Home,638427.47,8.88,180,05/03/2025
LOAN003510,CUST002701,Vehicle,330444.77,19.22,36,01/10/2023
LOAN003511,CUST000855,Vehicle,516529.03,14.65,240,2023-06-24
LOAN003512,CUST001194,Vehicle,349825.79,8.21,48,2023-05-10
LOAN003513,CUST002368,Personal,70739.76,21.33,48,2023-03-03
LOAN003514,CUST002128,Vehicle,148814.58,17.64,48,12/07/2023
LOAN003515,CUST002629,Personal,78270.49,10.76,240,14/02/2025
LOAN003516,CUST001571,Personal,57289.67,22.54,36,2022-07-31
LOAN003517,CUST001076,Vehicle,419358.16,19.71,12,19/08/2022
LOAN003518,CUST002260,Vehicle,249493.45,8.68,60,04/07/2022
LOAN003519,CUST001447,Home,1310201.06,24.73,360,10/07/2022
LOAN003520,CUST000211,Personal,95219.83,19.46,240,11/11/2025
LOAN003521,CUST001635,Home,820290.38,14.12,240,2024-10-22
LOAN003522,CUST001608,Personal,129395.61,24.84,36,11/08/2024
LOAN003523,CUST000568,Home,1781728.85,22.12,120,2025-12-29
LOAN003524,CUST001773,Home,971045.32,22.05,360,06/04/2024
LOAN003525,CUST001478,Personal,147754.12,18.7,240,28/04/2025
LOAN003526,CUST002347,Home,1214305.25,19.67,360,2023-07-29
LOAN003527,CUST001891,Vehicle,333507.21,10.14,24,2024-09-25
LOAN003528,CUST002321,Vehicle,122977.52,20.24,240,13/08/2022
LOAN003529,CUST001115,Personal,90911.02,16.15,240,05/04/2022
LOAN003530,CUST000305,Personal,41418.83,21.65,12,2022-02-06
LOAN003531,CUST001987,Personal,68343.98,15.33,24,2024-10-10
LOAN003532,CUST000997,Personal,142514.64,9.2,60,16/01/2023
LOAN003533,CUST000850,Home,724813.94,12.87,120,2025-08-30
LOAN003534,CUST000629,Personal,111981.95,21.47,120,17/05/2025
LOAN003535,CUST002177,Home,1828098.12,8.09,360,19/08/2024
LOAN003536,CUST002359,Vehicle,267359.57,18.94,60,2021-10-25
LOAN003537,CUST000380,Vehicle,273683.01,22.35,12,20/08/2022
LOAN003538,CUST001860,Personal,104266.64,16.9,36,2024-04-12
LOAN003539,CUST002537,Home,1943271.47,23.62,240,2022-05-03
LOAN003540,CUST001424,Home,1965781.5,19.15,120,2023-06-16
LOAN003541,CUST001035,Home,990782.88,9.42,240,2024-02-10
LOAN003542,CUST000580,Personal,5540.69,23.35,48,15/06/2022
LOAN003543,CUST002733,Home,915460.65,13.29,240,30/09/2023
LOAN003544,CUST002476,Personal,77155.68,18.3,36,24/12/2024
LOAN003545,CUST000544,Vehicle,198889.27,11.55,36,2023-06-19
LOAN003546,CUST002515,Home,948035.89,18.74,240,05/11/2024
LOAN003547,CUST001655,Personal,50247.73,11.29,24,29/11/2022
LOAN003548,CUST000356,Vehicle,470970.72,18.95,24,2025-03-27
LOAN003549,CUST000466,Vehicle,182426.8,21.69,48,03/05/2024
LOAN003550,CUST001257,Personal,28758.94,15.44,36,2022-05-02
LOAN003551,CUST001977,Home,598708.98,20.79,120,2023-07-18
LOAN003552,CUST001419,Vehicle,369933.9,16.59,24,31/05/2025
LOAN003553,CUST002710,Vehicle,565159.05,10.93,36,2022-07-16
LOAN003554,CUST001247,Vehicle,434369.02,7.76,48,04/08/2023
LOAN003555,CUST000621,Home,346937.37,17.5,360,15/11/2023
LOAN003556,CUST002416,Personal,113149.11,17.45,48,2025-11-01
LOAN003557,CUST000612,Home,1826958.43,13.22,240,2022-03-17
LOAN003558,CUST002397,Vehicle,253546.24,23.12,12,2026-02-23
LOAN003559,CUST000971,Home,1867211.16,12.92,360,14/02/2023
LOAN003560,CUST001850,Personal,14667.55,8.33,120,26/02/2026
LOAN003561,CUST001006,Home,499416.47,16.07,180,30/07/2024
LOAN003562,CUST001131,Personal,7910.22,15.08,12,2025-03-08
LOAN003563,CUST000934,Home,807942.48,10.77,360,16/11/2025
LOAN003564,CUST000294,Vehicle,126087.69,18.45,36,2024-11-22
LOAN003565,CUST002632,Personal,94703.82,9.28,48,09/06/2025
LOAN003566,CUST001339,Home,1290887.1,16.76,240,2021-12-27
LOAN003567,CUST001913,Vehicle,365503.18,10.54,240,10/08/2021
LOAN003568,CUST000989,Home,1736336.61,23.07,240,2025-10-22
LOAN003569,CUST002923,Home,828587.7,10.46,360,2021-10-28
LOAN003570,CUST000072,Vehicle,394153.59,21.2,48,05/10/2025
LOAN003571,CUST001547,Home,305451.03,19.19,120,08/02/2023
LOAN003572,CUST002096,Home,511441.36,8.96,120,01/01/2026
LOAN003573,CUST001547,Personal,35595.43,11.66,240,2022-07-25
LOAN003574,CUST002512,Home,651438.83,22.41,360,2022-04-22
LOAN003575,CUST001360,Home,548440.65,17.68,120,12/08/2022
LOAN003576,CUST001714,Home,658435.29,20.68,180,13/09/2025
LOAN003577,CUST000857,Home,389117.1,24.23,240,09/05/2023
LOAN003578,CUST002698,Personal,116485.78,13.53,120,14/01/2026
LOAN003579,CUST002929,Home,400701.95,7.94,120,08/06/2024
LOAN003580,CUST001059,Personal,72722.56,18.89,12,2025-08-22
LOAN003581,CUST002491,Personal,137945.06,18.2,12,2023-11-26
LOAN003582,CUST002626,Vehicle,241444.74,24.52,12,2025-01-10
LOAN003583,CUST000167,Vehicle,509738.96,8.23,48,2022-12-28
LOAN003584,CUST002133,Vehicle,175238.92,12.02,24,24/01/2022
LOAN003585,CUST002348,Home,1347224.95,12.73,240,2024-04-30
LOAN003586,CUST001320,Personal,52275.61,10.56,48,30/12/2025
LOAN003587,CUST000666,Vehicle,270433.21,16.46,12,25/04/2022
LOAN003588,CUST001422,Home,619833.45,20.94,360,2023-08-11
LOAN003589,CUST000293,Personal,16641.23,11.77,120,08/03/2024
LOAN003590,CUST000732,Home,1389709.39,8.78,240,10/08/2024
LOAN003591,CUST001359,Vehicle,254613.78,20.63,120,06/05/2022
LOAN003592,CUST002132,Home,1194841.92,24.39,360,2024-04-13
LOAN003593,CUST001400,Home,1774909.7,19.49,180,16/11/2023
LOAN003594,CUST001174,Personal,144848.52,21.24,120,27/05/2026
LOAN003595,CUST002623,Personal,141347.33,17.33,60,2024-12-16
LOAN003596,CUST001315,Vehicle,266127.73,14.72,240,2026-01-04
LOAN003597,CUST000874,Personal,84103.71,21.75,240,2026-05-15
LOAN003598,CUST001489,Personal,134072.44,9.36,36,2024-10-30
LOAN003599,CUST001063,Home,681581.07,9.22,240,2022-04-15
LOAN003600,CUST000523,Personal,64346.2,9.48,120,03/10/2023
LOAN003601,CUST001093,Home,1107168.76,13.1,120,13/04/2025
LOAN003602,CUST000322,Home,1049004.17,19.31,120,26/03/2022
LOAN003603,CUST000802,Vehicle,359101.03,23.27,24,10/06/2023
LOAN003604,CUST000167,Personal,53965.52,11.11,120,07/06/2023
LOAN003605,CUST001398,Vehicle,98250.7,15.23,240,28/05/2022
LOAN003606,CUST001396,Personal,30518.32,13.39,36,30/08/2021
LOAN003607,CUST001561,Vehicle,484661.25,7.61,120,2024-12-13
LOAN003608,CUST000954,Personal,52811.17,7.75,60,03/08/2025
LOAN003609,CUST001974,Vehicle,456614.62,19.61,12,22/02/2026
LOAN003610,CUST002736,Home,1985040.64,16.63,180,2024-06-11
LOAN003611,CUST001190,Vehicle,545214.07,17.28,60,17/06/2022
LOAN003612,CUST002452,Home,594653.24,19.61,120,2025-12-18
LOAN003613,CUST001339,Personal,25592.89,16.54,48,04/05/2026
LOAN003614,CUST000831,Personal,135303.95,10.39,24,23/03/2026
LOAN003615,CUST001673,Personal,23931.97,24.25,48,09/05/2024
LOAN003616,CUST000286,Vehicle,467953.17,9.05,24,2025-12-03
LOAN003617,CUST000346,Personal,13609.06,12.8,240,05/06/2026
LOAN003618,CUST002804,Home,1343187.05,21.25,240,2025-12-05
LOAN003619,CUST000186,Personal,7639.83,23.72,120,2021-11-26
LOAN003620,CUST002283,Vehicle,378100.65,23.52,12,25/03/2022
LOAN003621,CUST002136,Vehicle,178307.14,12.71,36,16/01/2023
LOAN003622,CUST000685,Personal,32309.38,20.41,36,2023-07-03
LOAN003623,CUST001738,Home,1940949.98,9.92,120,2022-04-20
LOAN003624,CUST000196,Vehicle,103145.11,18.87,36,2026-06-14
LOAN003625,CUST000009,Home,1938921.95,13.73,240,2025-06-16
LOAN003626,CUST001091,Vehicle,446098.37,15.84,120,09/11/2024
LOAN003627,CUST001699,Vehicle,288800.45,11.93,24,2026-04-18
LOAN003628,CUST001094,Personal,121543.22,19.49,120,2023-02-22
LOAN003629,CUST001185,Home,1319493.32,9.7,120,2025-01-24
LOAN003630,CUST000567,Vehicle,448075.32,13.89,36,2026-03-26
LOAN003631,CUST002163,Vehicle,498675.63,18.83,48,2021-12-22
LOAN003632,CUST000079,Home,1910024.1,17.39,180,2024-07-13
LOAN003633,CUST000504,Personal,27099.89,23.78,48,2025-07-01
LOAN003634,CUST002491,Vehicle,80832.59,20.76,12,23/08/2021
LOAN003635,CUST000416,Vehicle,430520.83,21.96,36,13/12/2025
LOAN003636,CUST000481,Vehicle,417684.08,15.15,24,2023-08-15
LOAN003637,CUST001942,Vehicle,204406.88,7.53,60,25/05/2022
LOAN003638,CUST001416,Personal,49715.08,17.08,48,2025-10-02
LOAN003639,CUST001325,Home,446908.28,11.51,120,2022-07-06
LOAN003640,CUST002357,Personal,6072.16,23.38,48,11/12/2022
LOAN003641,CUST000967,Home,727419.98,8.72,180,2024-02-16
LOAN003642,CUST002210,Home,1004758.21,20.56,240,26/01/2026
LOAN003643,CUST001240,Personal,25447.27,22.87,36,2023-12-22
LOAN003644,CUST002676,Vehicle,598340.46,23.92,120,2026-01-08
LOAN003645,CUST002907,Personal,16030.76,14.1,24,27/10/2021
LOAN003646,CUST000802,Personal,35037.54,13.22,120,28/09/2022
LOAN003647,CUST000571,Home,1175564.35,22.84,180,2023-01-28
LOAN003648,CUST002509,Home,845690.88,17.39,360,10/10/2023
LOAN003649,CUST002252,Vehicle,307825.5,11.67,36,2023-09-12
LOAN003650,CUST001206,Home,1437343.76,7.61,360,06/10/2021
LOAN003651,CUST001325,Home,633674.05,12.39,120,2025-04-03
LOAN003652,CUST001369,Home,1082372.17,7.75,360,21/04/2025
LOAN003653,CUST001104,Personal,25552.18,17.44,120,27/10/2023
LOAN003654,CUST002575,Personal,130520.38,14.41,60,17/12/2021
LOAN003655,CUST001664,Home,1885355.11,23.98,180,11/04/2024
LOAN003656,CUST002088,Vehicle,281510.27,18.77,48,17/03/2022
LOAN003657,CUST002579,Vehicle,239004.41,22.39,48,2026-05-18
LOAN003658,CUST002831,Home,994174.39,11.54,120,2024-08-20
LOAN003659,CUST002254,Personal,75787.02,24.02,120,2025-03-07
LOAN003660,CUST000495,Home,1389668.49,17.99,360,29/08/2021
LOAN003661,CUST002213,Personal,48008.5,13.62,240,10/06/2023
LOAN003662,CUST000171,Vehicle,144055.23,21.35,48,06/01/2026
LOAN003663,CUST001716,Vehicle,158121.7,16.47,12,2023-06-08
LOAN003664,CUST000294,Personal,145750.27,12.84,48,2021-09-28
LOAN003665,CUST002520,Personal,87013.41,10.45,36,2024-11-14
LOAN003666,CUST000189,Personal,111099.11,23.35,60,29/12/2024
LOAN003667,CUST000912,Personal,66416.21,12.47,120,21/03/2023
LOAN003668,CUST000321,Vehicle,475927.96,10.7,12,2025-07-08
LOAN003669,CUST002164,Home,1713411.51,18.38,180,06/10/2025
LOAN003670,CUST002844,Vehicle,533524.04,19.45,12,2025-06-04
LOAN003671,CUST000994,Personal,72381.1,13.97,24,2023-07-27
LOAN003672,CUST000433,Personal,37524.8,19.66,12,2023-04-01
LOAN003673,CUST001924,Vehicle,338504.6,23.5,120,2026-03-16
LOAN003674,CUST001917,Vehicle,161813.69,14.29,60,07/02/2025
LOAN003675,CUST002926,Vehicle,83998.34,12.6,60,2024-04-13
LOAN003676,CUST001672,Vehicle,474143.64,13.23,240,21/12/2023
LOAN003677,CUST001110,Home,1653619.87,10.94,360,17/11/2022
LOAN003678,CUST002770,Personal,123909.34,24.44,120,22/01/2026
LOAN003679,CUST000579,Vehicle,342984.09,8.38,48,2026-02-01
LOAN003680,CUST002650,Personal,35230.5,11.3,24,2021-12-25
LOAN003681,CUST002871,Home,1284644.21,24.21,120,04/11/2024
LOAN003682,CUST000006,Vehicle,90995.02,24.88,36,18/02/2023
LOAN003683,CUST000700,Vehicle,226789.34,15.17,24,2024-01-26
LOAN003684,CUST002131,Vehicle,83106.04,12.39,120,15/02/2022
LOAN003685,CUST000873,Personal,120447.01,24.53,60,21/07/2025
LOAN003686,CUST001354,Personal,44586.11,24.58,240,2025-07-13
LOAN003687,CUST000803,Vehicle,205073.78,16.03,12,03/02/2022
LOAN003688,CUST001684,Home,800226.0,23.63,360,2021-12-06
LOAN003689,CUST000527,Home,868824.19,13.77,240,2023-05-27
LOAN003690,CUST002118,Vehicle,201819.6,8.77,48,2022-04-28
LOAN003691,CUST002050,Home,1619786.57,12.28,360,05/07/2025
LOAN003692,CUST000412,Personal,124349.54,21.0,12,2025-05-25
LOAN003693,CUST002762,Vehicle,351135.85,22.5,240,2025-10-25
LOAN003694,CUST000218,Personal,84882.47,9.13,240,12/08/2021
LOAN003695,CUST002597,Personal,24088.31,21.17,36,19/08/2021
LOAN003696,CUST000198,Vehicle,130635.0,16.86,36,2025-07-15
LOAN003697,CUST002029,Vehicle,502304.0,21.71,48,05/11/2025
LOAN003698,CUST001898,Personal,25714.65,16.7,24,08/08/2024
LOAN003699,CUST002234,Home,1466899.84,8.83,120,2022-05-02
LOAN003700,CUST000188,Vehicle,547043.17,13.56,120,2024-08-24
LOAN003701,CUST000953,Personal,99018.27,24.75,48,2025-11-07
LOAN003702,CUST002885,Personal,149689.85,8.87,12,31/10/2023
LOAN003703,CUST001233,Vehicle,524992.9,20.34,240,2025-11-11
LOAN003704,CUST000601,Home,825527.71,21.36,240,07/06/2025
LOAN003705,CUST000088,Personal,48546.7,23.68,240,01/02/2022
LOAN003706,CUST001474,Home,1541655.85,7.63,240,02/03/2022
LOAN003707,CUST000180,Personal,94676.13,11.23,120,11/01/2025
LOAN003708,CUST001589,Home,419909.68,19.42,120,19/07/2022
LOAN003709,CUST002206,Vehicle,241619.91,19.23,120,2025-03-27
LOAN003710,CUST002175,Vehicle,351547.63,12.89,24,2021-12-18
LOAN003711,CUST000928,Vehicle,284461.86,21.08,24,06/01/2022
LOAN003712,CUST002042,Home,928801.47,20.66,240,2026-03-31
LOAN003713,CUST002663,Personal,119677.72,24.29,24,2021-08-01
LOAN003714,CUST001117,Personal,107538.98,17.67,120,17/06/2025
LOAN003715,CUST002557,Personal,74174.86,8.0,12,17/09/2022
LOAN003716,CUST001540,Personal,106319.56,11.72,60,23/10/2021
LOAN003717,CUST002360,Personal,19481.18,11.25,60,15/12/2021
LOAN003718,CUST000209,Vehicle,559785.32,21.54,120,21/02/2023
LOAN003719,CUST000362,Home,1769539.17,21.89,360,2024-03-03
LOAN003720,CUST000414,Home,1934402.68,19.34,240,28/11/2023
LOAN003721,CUST000341,Home,1077835.81,21.81,120,2022-07-15
LOAN003722,CUST000073,Personal,140893.53,19.55,120,2026-06-05
LOAN003723,CUST001677,Home,1133906.12,10.67,180,18/07/2024
LOAN003724,CUST002918,Personal,55053.29,23.43,120,2022-06-25
LOAN003725,CUST002645,Personal,55346.5,11.99,60,2022-12-25
LOAN003726,CUST002832,Vehicle,429593.64,18.56,120,2024-11-22
LOAN003727,CUST002428,Personal,123773.04,17.99,24,27/10/2025
LOAN003728,CUST002826,Vehicle,531296.68,7.56,120,2021-11-13
LOAN003729,CUST002315,Personal,135648.52,7.74,12,2022-06-23
LOAN003730,CUST002270,Personal,40855.3,12.88,36,2021-08-06
LOAN003731,CUST000002,Personal,134297.73,10.08,36,07/06/2022
LOAN003732,CUST002502,Home,363368.88,13.15,120,2022-07-16
LOAN003733,CUST001111,Personal,103918.42,14.3,12,10/04/2022
LOAN003734,CUST002115,Vehicle,476604.06,20.81,12,25/03/2024
LOAN003735,CUST002404,Home,1219331.03,23.32,360,08/05/2026
LOAN003736,CUST001946,Personal,64887.14,22.91,120,03/01/2025
LOAN003737,CUST002337,Vehicle,293745.12,19.79,120,2025-01-09
LOAN003738,CUST002213,Vehicle,524396.34,18.51,120,09/12/2021
LOAN003739,CUST002827,Vehicle,410996.26,9.91,12,27/06/2022
LOAN003740,CUST000157,Personal,120264.05,21.29,36,23/02/2023
LOAN003741,CUST001210,Home,369599.77,22.16,240,2026-06-12
LOAN003742,CUST002199,Vehicle,467850.16,16.77,120,13/05/2022
LOAN003743,CUST000416,Home,1305925.87,11.43,120,2024-09-09
LOAN003744,CUST002930,Vehicle,307883.71,8.9,36,2024-06-24
LOAN003745,CUST002204,Personal,19678.7,22.44,120,2024-07-10
LOAN003746,CUST000308,Vehicle,363830.9,23.78,240,22/01/2024
LOAN003747,CUST002816,Personal,47479.05,20.16,48,20/12/2022
LOAN003748,CUST001973,Home,614437.87,23.43,180,2023-08-31
LOAN003749,CUST001216,Personal,77724.86,12.89,36,15/08/2025
LOAN003750,CUST000173,Personal,144808.58,22.56,120,08/03/2025
LOAN003751,CUST001887,Home,957955.47,21.46,360,2024-03-05
LOAN003752,CUST002542,Personal,118363.92,8.82,60,14/10/2024
LOAN003753,CUST000484,Home,415854.28,9.11,240,2026-04-30
LOAN003754,CUST001305,Personal,108638.95,15.89,24,21/10/2022
LOAN003755,CUST000138,Personal,14999.24,9.98,60,2025-04-11
LOAN003756,CUST001531,Home,1856071.18,7.91,240,2021-11-19
LOAN003757,CUST002785,Home,425288.07,11.65,360,15/11/2021
LOAN003758,CUST000768,Vehicle,273939.3,7.88,24,2023-04-05
LOAN003759,CUST002312,Home,1266013.06,19.69,180,04/03/2025
LOAN003760,CUST002904,Personal,71625.14,14.33,48,2024-08-12
LOAN003761,CUST002998,Vehicle,513392.21,12.36,24,2025-08-03
LOAN003762,CUST001723,Personal,37976.79,16.05,36,16/12/2021
LOAN003763,CUST001136,Home,1226994.42,9.53,180,29/04/2025
LOAN003764,CUST002082,Vehicle,588044.25,24.42,60,2025-02-01
LOAN003765,CUST001791,Home,1109634.13,21.3,240,16/08/2021
LOAN003766,CUST001502,Vehicle,285128.23,9.03,36,2025-03-24
LOAN003767,CUST002673,Home,1265295.11,18.23,180,31/12/2021
LOAN003768,CUST000852,Personal,62784.26,13.18,48,2024-06-16
LOAN003769,CUST000279,Vehicle,205076.15,12.26,120,27/01/2026
LOAN003770,CUST000807,Vehicle,569196.4,17.66,240,2023-05-06
LOAN003771,CUST000734,Personal,33023.7,16.15,240,30/11/2024
LOAN003772,CUST002744,Personal,131858.38,14.15,60,25/11/2024
LOAN003773,CUST000125,Vehicle,251865.81,19.07,120,21/11/2021
LOAN003774,CUST001660,Home,803248.8,11.14,120,09/11/2022
LOAN003775,CUST001418,Home,1526091.83,11.55,120,2025-09-11
LOAN003776,CUST002136,Personal,47495.65,9.68,120,14/10/2023
LOAN003777,CUST002085,Vehicle,460579.64,14.93,120,2025-03-20
LOAN003778,CUST000420,Vehicle,500040.99,16.1,240,06/12/2023
LOAN003779,CUST002817,Vehicle,99236.87,13.33,240,2024-01-09
LOAN003780,CUST001533,Personal,61210.42,13.33,48,27/04/2025
LOAN003781,CUST001300,Vehicle,492835.84,9.5,24,2023-02-09
LOAN003782,CUST002936,Personal,5824.29,9.66,48,2026-06-25
LOAN003783,CUST001139,Vehicle,154425.35,17.95,120,2022-07-02
LOAN003784,CUST001291,Personal,109373.36,21.69,120,15/06/2024
LOAN003785,CUST000614,Home,1126010.81,17.25,180,2021-10-10
LOAN003786,CUST002252,Vehicle,424468.18,21.28,12,2023-04-21
LOAN003787,CUST001468,Home,1680009.21,17.72,180,2023-11-08
LOAN003788,CUST000846,Vehicle,502751.7,9.9,48,02/11/2023
LOAN003789,CUST000439,Home,1586811.71,23.17,360,2026-02-09
LOAN003790,CUST002500,Home,544180.54,16.64,360,24/09/2025
LOAN003791,CUST001555,Vehicle,95134.49,14.45,12,2026-05-08
LOAN003792,CUST001707,Vehicle,586296.64,10.06,240,06/11/2023
LOAN003793,CUST000727,Home,1974113.17,24.66,360,27/12/2025
LOAN003794,CUST002982,Home,1930034.08,16.72,180,16/10/2023
LOAN003795,CUST001253,Personal,104663.13,17.69,48,2022-04-07
LOAN003796,CUST000745,Vehicle,154484.19,24.16,12,2025-04-04
LOAN003797,CUST000321,Home,1979126.9,11.16,240,19/08/2023
LOAN003798,CUST001360,Personal,52082.35,10.37,120,2021-09-07
LOAN003799,CUST002041,Home,1602878.19,15.78,360,2022-04-02
LOAN003800,CUST001766,Vehicle,171470.8,7.96,120,2023-02-15
LOAN003801,CUST000659,Home,1089300.11,14.92,180,08/06/2026
LOAN003802,CUST000254,Vehicle,410627.92,21.72,12,2024-09-04
LOAN003803,CUST001450,Personal,36649.08,21.61,240,2023-07-13
LOAN003804,CUST001457,Home,1929543.44,17.03,120,2021-08-20
LOAN003805,CUST002468,Personal,95040.78,24.2,36,17/06/2025
LOAN003806,CUST002787,Vehicle,128450.61,19.08,24,2024-10-27
LOAN003807,CUST002513,Personal,56578.42,16.54,60,2022-06-01
LOAN003808,CUST000523,Vehicle,142133.49,23.56,12,25/06/2024
LOAN003809,CUST002041,Home,1001357.1,21.97,360,2022-06-21
LOAN003810,CUST001335,Home,1511892.6,18.88,360,12/01/2022
LOAN003811,CUST002841,Personal,19950.01,24.81,240,29/06/2023
LOAN003812,CUST001212,Personal,21981.86,13.02,48,21/04/2022
LOAN003813,CUST001521,Personal,87924.22,16.44,36,2023-03-24
LOAN003814,CUST002783,Personal,121045.84,13.5,60,02/09/2021
LOAN003815,CUST001434,Personal,59811.93,8.1,48,2023-06-30
LOAN003816,CUST000453,Home,1330098.87,20.48,180,2023-01-22
LOAN003817,CUST002115,Personal,84720.21,24.11,240,2026-04-07
LOAN003818,CUST002332,Home,1958960.04,24.28,240,2024-04-08
LOAN003819,CUST002983,Home,1701356.6,20.27,120,2022-09-08
LOAN003820,CUST002712,Vehicle,505021.75,24.81,24,2023-12-17
LOAN003821,CUST000706,Home,621140.99,8.77,120,2025-02-15
LOAN003822,CUST000181,Personal,132987.25,24.21,120,2023-09-11
LOAN003823,CUST000966,Vehicle,593834.6,9.78,36,2026-03-24
LOAN003824,CUST000202,Personal,83559.87,16.71,48,2022-05-09
LOAN003825,CUST000378,Home,420502.91,12.48,120,2026-05-02
LOAN003826,CUST000499,Home,1701550.45,23.24,120,2021-11-10
LOAN003827,CUST001651,Vehicle,248581.53,16.46,120,18/04/2026
LOAN003828,CUST000497,Home,1624030.82,14.89,180,2021-11-23
LOAN003829,CUST000064,Home,1470823.22,14.35,240,2023-02-26
LOAN003830,CUST002847,Personal,112588.75,19.2,120,2023-11-29
LOAN003831,CUST002604,Home,1423762.3,20.43,240,27/12/2022
LOAN003832,CUST001687,Home,1006661.54,18.18,240,2022-09-21
LOAN003833,CUST000056,Home,1158546.59,22.06,120,2026-03-17
LOAN003834,CUST002092,Personal,115206.08,12.22,48,2025-07-09
LOAN003835,CUST000740,Personal,114899.28,10.06,24,2023-08-13
LOAN003836,CUST002992,Personal,74727.72,9.96,120,2021-08-18
LOAN003837,CUST000486,Vehicle,140115.2,15.69,36,30/01/2023
LOAN003838,CUST000322,Home,1998664.47,8.24,360,2022-05-07
LOAN003839,CUST002170,Personal,7754.72,23.11,12,2024-08-31
LOAN003840,CUST000882,Vehicle,471121.74,18.38,60,2024-12-06
LOAN003841,CUST001617,Home,1282426.24,24.39,180,04/09/2023
LOAN003842,CUST001438,Personal,17498.31,19.26,120,2022-03-01
LOAN003843,CUST001888,Vehicle,339103.63,13.22,36,2022-03-15
LOAN003844,CUST000557,Personal,78800.14,23.82,60,14/12/2022
LOAN003845,CUST002196,Personal,101468.14,23.73,48,17/02/2025
LOAN003846,CUST002075,Personal,20283.38,13.88,24,15/07/2025
LOAN003847,CUST001651,Personal,84628.2,20.37,24,25/10/2025
LOAN003848,CUST001023,Home,1098891.31,11.48,360,21/05/2023
LOAN003849,CUST000182,Vehicle,267903.27,13.52,48,04/05/2026
LOAN003850,CUST002188,Personal,31657.24,10.21,12,16/11/2021
LOAN003851,CUST002980,Personal,98856.26,17.9,240,2023-10-07
LOAN003852,CUST000044,Home,811151.4,18.13,360,14/08/2023
LOAN003853,CUST002256,Home,1729337.04,17.54,180,2022-08-06
LOAN003854,CUST000899,Vehicle,341384.58,13.78,36,2023-03-04
LOAN003855,CUST001546,Personal,89848.32,10.95,120,18/09/2022
LOAN003856,CUST001672,Vehicle,340829.77,24.7,60,2025-11-08
LOAN003857,CUST001617,Vehicle,326930.28,16.99,120,2023-02-07
LOAN003858,CUST001146,Home,1421289.89,19.11,360,2026-01-26
LOAN003859,CUST002349,Personal,9154.27,19.06,240,08/05/2026
LOAN003860,CUST002191,Home,709024.04,8.53,240,08/06/2025
LOAN003861,CUST002528,Home,1975925.97,9.19,240,2024-04-18
LOAN003862,CUST002238,Vehicle,230935.57,11.68,60,2024-05-28
LOAN003863,CUST001855,Vehicle,309139.22,22.21,24,12/03/2023
LOAN003864,CUST002809,Vehicle,338284.35,18.4,240,2022-07-10
LOAN003865,CUST001582,Personal,141262.96,19.02,12,2022-03-11
LOAN003866,CUST000179,Home,459452.78,10.54,240,24/02/2023
LOAN003867,CUST001072,Personal,68329.3,9.34,240,2024-09-04
LOAN003868,CUST000116,Vehicle,89344.82,20.58,12,2026-05-06
LOAN003869,CUST002956,Personal,39625.76,9.54,24,2022-09-10
LOAN003870,CUST002632,Home,435471.55,17.43,180,2024-06-25
LOAN003871,CUST002377,Home,1249573.57,10.11,120,24/09/2022
LOAN003872,CUST001184,Personal,43652.2,13.11,48,2025-08-06
LOAN003873,CUST002298,Vehicle,558356.05,17.48,48,2023-12-20
LOAN003874,CUST000846,Home,1379950.77,23.37,180,17/11/2023
LOAN003875,CUST002419,Vehicle,539659.95,9.31,120,29/08/2021
LOAN003876,CUST002495,Vehicle,176263.76,20.62,120,2024-01-30
LOAN003877,CUST001424,Personal,141751.5,14.84,48,13/01/2022
LOAN003878,CUST000556,Vehicle,276872.06,14.06,12,04/04/2025
LOAN003879,CUST002321,Vehicle,459420.99,22.68,60,19/08/2024
LOAN003880,CUST002851,Home,1447621.07,21.15,360,19/12/2021
LOAN003881,CUST001521,Home,1645131.55,22.11,360,25/12/2023
LOAN003882,CUST002009,Home,843581.27,15.05,360,2024-07-12
LOAN003883,CUST001894,Vehicle,343619.97,13.03,12,12/12/2025
LOAN003884,CUST000963,Vehicle,209057.22,22.08,48,2026-04-13
LOAN003885,CUST002721,Vehicle,226914.17,20.01,12,16/11/2022
LOAN003886,CUST001830,Home,987375.29,11.78,120,11/10/2023
LOAN003887,CUST000637,Home,305135.05,8.92,240,23/05/2025
LOAN003888,CUST002106,Personal,24618.26,21.39,36,2025-06-16
LOAN003889,CUST002770,Vehicle,591230.91,23.9,120,04/12/2022
LOAN003890,CUST000226,Home,1780084.76,16.41,180,2022-04-09
LOAN003891,CUST002847,Home,354200.46,19.2,120,2025-09-26
LOAN003892,CUST001156,Home,1464480.46,11.41,240,09/11/2021
LOAN003893,CUST000013,Home,1257032.93,18.6,360,12/10/2022
LOAN003894,CUST000649,Vehicle,138137.28,12.6,48,05/09/2024
LOAN003895,CUST002967,Vehicle,299696.77,22.44,240,06/03/2023
LOAN003896,CUST001605,Personal,65544.78,24.27,120,2025-08-16
LOAN003897,CUST000233,Home,1331654.37,8.95,360,2023-12-10
LOAN003898,CUST001839,Personal,127839.91,8.58,48,2022-04-14
LOAN003899,CUST001367,Vehicle,83773.97,19.96,240,2022-11-28
LOAN003900,CUST002492,Vehicle,120825.18,17.08,60,2023-02-21
LOAN003901,CUST002654,Personal,30008.72,14.42,60,31/05/2026
LOAN003902,CUST000369,Personal,32666.25,15.74,120,16/07/2024
LOAN003903,CUST001143,Personal,141049.89,14.59,12,15/03/2024
LOAN003904,CUST000846,Home,446014.81,23.74,180,14/08/2025
LOAN003905,CUST002539,Home,1005550.88,9.02,240,28/09/2024
LOAN003906,CUST002100,Home,1473432.36,14.67,180,12/04/2026
LOAN003907,CUST001073,Vehicle,312156.63,11.13,36,2024-07-03
LOAN003908,CUST001693,Home,302447.77,13.87,120,27/02/2022
LOAN003909,CUST002562,Home,1672012.38,21.07,360,04/03/2025
LOAN003910,CUST000265,Home,468443.58,12.88,240,08/03/2025
LOAN003911,CUST001126,Personal,44735.32,20.91,48,2022-07-11
LOAN003912,CUST000071,Vehicle,557035.36,19.13,60,2025-06-30
LOAN003913,CUST001551,Home,429023.85,23.83,120,2022-12-15
LOAN003914,CUST000838,Vehicle,290094.69,10.02,12,15/06/2025
LOAN003915,CUST000709,Personal,12128.98,14.97,12,25/08/2023
LOAN003916,CUST002499,Personal,145065.98,17.26,12,2025-08-05
LOAN003917,CUST000866,Vehicle,394952.54,11.66,48,2021-08-14
LOAN003918,CUST002387,Vehicle,283337.48,24.84,36,2022-11-06
LOAN003919,CUST002845,Vehicle,488384.03,22.51,12,2022-04-10
LOAN003920,CUST000868,Vehicle,136233.62,7.55,60,2021-09-09
LOAN003921,CUST002686,Home,706279.11,18.33,180,08/10/2024
LOAN003922,CUST001639,Home,1139581.11,9.63,360,25/04/2025
LOAN003923,CUST002511,Personal,76260.8,24.01,24,2021-12-14
LOAN003924,CUST001020,Personal,38117.68,20.23,12,08/11/2023
LOAN003925,CUST002916,Personal,16936.13,20.63,24,15/01/2026
LOAN003926,CUST002596,Vehicle,264105.5,7.88,240,17/04/2022
LOAN003927,CUST000425,Vehicle,94582.17,12.14,36,23/08/2024
LOAN003928,CUST002179,Vehicle,303136.55,19.09,24,2024-04-18
LOAN003929,CUST000660,Personal,82743.62,21.64,60,2024-06-27
LOAN003930,CUST002143,Home,521292.12,15.01,180,18/04/2025
LOAN003931,CUST002629,Vehicle,543594.23,15.14,120,2022-02-04
LOAN003932,CUST001034,Personal,145787.86,10.26,24,29/11/2022
LOAN003933,CUST002099,Personal,70684.35,20.48,48,2022-12-03
LOAN003934,CUST002218,Home,799134.49,12.37,360,15/01/2025
LOAN003935,CUST001814,Vehicle,227177.14,14.88,12,2023-10-18
LOAN003936,CUST002736,Home,305944.13,20.24,240,14/05/2022
LOAN003937,CUST001011,Vehicle,192802.07,18.5,60,13/03/2022
LOAN003938,CUST002978,Home,1426688.09,14.01,240,09/04/2026
LOAN003939,CUST001978,Home,1580937.35,13.04,360,05/03/2022
LOAN003940,CUST002740,Home,1224363.53,15.34,240,01/11/2025
LOAN003941,CUST000710,Home,1645896.4,10.76,360,13/04/2024
LOAN003942,CUST002510,Personal,100609.84,22.57,36,19/05/2023
LOAN003943,CUST000480,Personal,45854.0,13.56,48,2023-02-12
LOAN003944,CUST002293,Personal,51794.64,22.38,12,2025-02-09
LOAN003945,CUST002055,Personal,110062.23,16.45,60,2024-04-09
LOAN003946,CUST002565,Personal,149735.83,9.5,24,29/08/2024
LOAN003947,CUST000336,Personal,33351.87,11.18,60,2024-09-29
LOAN003948,CUST000687,Home,1287776.4,12.98,120,2023-07-06
LOAN003949,CUST002300,Personal,120314.15,23.59,60,2023-03-04
LOAN003950,CUST001364,Home,1272699.13,21.23,180,05/09/2025
LOAN003951,CUST000700,Personal,29481.51,12.71,240,2021-09-26
LOAN003952,CUST002188,Vehicle,86525.54,9.31,48,2022-12-16
LOAN003953,CUST001562,Home,945641.96,7.73,240,07/05/2024
LOAN003954,CUST001467,Vehicle,361504.4,8.97,12,2024-05-12
LOAN003955,CUST000089,Personal,98686.9,24.27,12,29/11/2025
LOAN003956,CUST001811,Vehicle,136987.86,9.41,240,2021-11-03
LOAN003957,CUST001017,Personal,63834.56,15.7,48,03/02/2025
LOAN003958,CUST000598,Vehicle,91123.04,13.0,12,19/03/2022
LOAN003959,CUST002862,Vehicle,219918.08,9.85,24,17/11/2021
LOAN003960,CUST001279,Vehicle,334923.98,24.51,36,2021-11-25
LOAN003961,CUST002544,Vehicle,546613.21,23.56,120,24/04/2022
LOAN003962,CUST000212,Home,1288593.42,8.27,360,2024-02-20
LOAN003963,CUST000952,Vehicle,446477.21,13.88,12,2026-03-11
LOAN003964,CUST002563,Home,1834650.99,23.74,120,2022-09-21
LOAN003965,CUST001528,Personal,43527.41,13.08,12,12/04/2025
LOAN003966,CUST002731,Home,1879836.17,11.35,240,08/05/2026
LOAN003967,CUST000475,Personal,59430.53,9.46,240,25/03/2023
LOAN003968,CUST002971,Vehicle,139632.23,19.85,24,06/08/2023
LOAN003969,CUST002680,Vehicle,186750.23,14.29,48,05/04/2025
LOAN003970,CUST001081,Vehicle,193361.32,7.9,48,2023-12-27
LOAN003971,CUST000441,Vehicle,543103.38,7.58,240,31/03/2024
LOAN003972,CUST000651,Personal,85508.4,14.19,24,23/02/2024
LOAN003973,CUST002562,Vehicle,426333.97,18.92,60,2024-09-21
LOAN003974,CUST001335,Vehicle,425239.65,8.63,240,07/07/2023
LOAN003975,CUST002286,Vehicle,203987.59,23.21,60,2022-04-30
LOAN003976,CUST002187,Vehicle,393273.85,24.12,36,2025-08-12
LOAN003977,CUST000192,Personal,146327.07,18.08,60,2025-07-28
LOAN003978,CUST002216,Personal,143613.23,9.12,60,2023-10-09
LOAN003979,CUST001928,Personal,140491.96,17.75,48,2022-02-18
LOAN003980,CUST002899,Home,789706.98,8.34,180,18/01/2026
LOAN003981,CUST001764,Personal,53831.96,12.34,120,2022-11-06
LOAN003982,CUST002556,Personal,59448.91,14.04,48,2022-09-28
LOAN003983,CUST000105,Personal,121653.12,16.9,240,26/09/2024
LOAN003984,CUST001464,Personal,110026.86,19.9,120,2024-04-23
LOAN003985,CUST001781,Vehicle,531210.62,14.2,120,28/10/2021
LOAN003986,CUST002090,Home,1939768.78,9.34,360,2025-09-17
LOAN003987,CUST002572,Home,1173746.25,23.55,360,04/09/2022
LOAN003988,CUST001902,Vehicle,110641.42,8.19,60,2021-10-10
LOAN003989,CUST001736,Personal,76126.75,9.74,120,2022-08-23
LOAN003990,CUST000678,Home,1202845.85,20.34,120,17/09/2022
LOAN003991,CUST001843,Home,916425.4,24.86,120,26/04/2022
LOAN003992,CUST000251,Home,961355.34,11.92,120,2025-11-06
LOAN003993,CUST000753,Home,1798883.98,13.39,120,11/01/2024
LOAN003994,CUST000360,Home,1655623.5,17.85,240,2023-02-26
LOAN003995,CUST002701,Home,1833364.95,19.74,120,2025-04-14
LOAN003996,CUST001232,Vehicle,254059.35,12.92,120,11/11/2024
LOAN003997,CUST001725,Personal,99129.01,13.58,12,29/08/2021
LOAN003998,CUST000198,Vehicle,540116.83,15.46,120,01/05/2025
LOAN003999,CUST002639,Home,1126312.9,12.68,240,2023-12-27
LOAN004000,CUST002432,Personal,20049.16,16.09,60,10/11/2024
LOAN004001,CUST001511,Home,411691.52,20.67,240,29/12/2024
LOAN004002,CUST002096,Home,1040453.22,8.35,360,2024-04-09
LOAN004003,CUST001714,Vehicle,142276.37,14.72,240,2021-10-06
LOAN004004,CUST000348,Vehicle,549904.04,15.52,12,19/06/2024
LOAN004005,CUST000836,Personal,129578.27,9.71,240,05/08/2022
LOAN004006,CUST001854,Personal,32537.22,23.52,24,2024-06-07
LOAN004007,CUST000876,Personal,102369.87,11.02,24,2021-08-07
LOAN004008,CUST002802,Vehicle,166357.13,11.38,240,07/01/2025
LOAN004009,CUST000385,Vehicle,88878.18,16.98,48,05/06/2024
LOAN004010,CUST002856,Personal,38705.14,16.32,36,18/05/2023
LOAN004011,CUST001391,Home,1728652.65,10.86,360,2025-12-26
LOAN004012,CUST001552,Vehicle,521234.9,12.51,24,2022-05-17
LOAN004013,CUST001700,Personal,54970.21,11.91,60,12/08/2022
LOAN004014,CUST000194,Personal,59839.97,11.11,120,2024-03-15
LOAN004015,CUST002104,Personal,18930.28,8.31,240,2026-01-25
LOAN004016,CUST001370,Personal,79225.0,13.35,120,24/03/2025
LOAN004017,CUST000412,Vehicle,498700.92,10.6,36,2022-12-13
LOAN004018,CUST002356,Vehicle,418736.86,19.91,48,20/04/2024
LOAN004019,CUST001790,Home,1505529.78,20.32,360,30/01/2024
LOAN004020,CUST001989,Personal,54854.31,9.64,12,2022-05-09
LOAN004021,CUST002835,Personal,38082.43,12.17,48,23/07/2022
LOAN004022,CUST000853,Home,1965133.74,24.8,180,2024-07-21
LOAN004023,CUST000376,Personal,31812.76,14.5,48,19/03/2023
LOAN004024,CUST000347,Home,669249.45,21.61,240,05/03/2023
LOAN004025,CUST000547,Vehicle,114351.97,24.18,36,2022-11-05
LOAN004026,CUST002972,Home,314818.0,8.47,180,25/02/2022
LOAN004027,CUST002981,Home,513661.05,20.95,120,20/12/2022
LOAN004028,CUST002510,Vehicle,100857.81,22.61,12,2021-09-15
LOAN004029,CUST000762,Vehicle,104986.33,18.78,36,2024-07-14
LOAN004030,CUST002909,Home,1707688.16,13.53,360,2024-10-08
LOAN004031,CUST002593,Personal,84504.7,10.66,120,31/01/2024
LOAN004032,CUST002460,Vehicle,378322.86,7.64,24,25/07/2023
LOAN004033,CUST000092,Personal,31300.71,16.06,240,23/06/2022
LOAN004034,CUST001634,Vehicle,265586.71,12.97,48,2021-10-08
LOAN004035,CUST000410,Vehicle,165381.52,11.96,60,2025-07-10
LOAN004036,CUST000969,Personal,29097.65,12.01,120,21/03/2025
LOAN004037,CUST001664,Vehicle,530885.81,8.09,12,12/11/2025
LOAN004038,CUST000648,Vehicle,573234.01,10.02,60,2022-07-20
LOAN004039,CUST001187,Vehicle,409864.13,12.34,240,15/05/2024
LOAN004040,CUST002537,Vehicle,425723.07,21.26,240,29/03/2025
LOAN004041,CUST002578,Home,436639.14,13.9,120,2025-08-30
LOAN004042,CUST000228,Vehicle,148903.64,15.85,120,2024-11-18
LOAN004043,CUST000532,Personal,119448.5,15.17,60,05/12/2025
LOAN004044,CUST002463,Vehicle,148798.97,13.62,120,03/08/2025
LOAN004045,CUST002968,Home,1916941.27,17.44,240,2023-05-05
LOAN004046,CUST001920,Personal,69016.13,15.18,48,2021-10-31
LOAN004047,CUST000988,Personal,141852.57,22.34,12,2024-08-24
LOAN004048,CUST001408,Home,971731.25,24.35,360,2024-05-09
LOAN004049,CUST002624,Vehicle,475596.85,17.63,240,2025-12-01
LOAN004050,CUST000344,Vehicle,435715.48,16.38,240,2022-10-22
LOAN004051,CUST002180,Vehicle,403651.67,18.61,36,30/01/2024
LOAN004052,CUST000385,Home,362571.35,19.41,240,02/02/2023
LOAN004053,CUST000660,Home,1947614.24,8.74,360,18/08/2022
LOAN004054,CUST002071,Personal,102862.63,21.91,24,16/06/2022
LOAN004055,CUST000342,Home,996209.03,19.84,240,18/03/2023
LOAN004056,CUST001213,Vehicle,418101.25,12.02,12,2024-01-09
LOAN004057,CUST000014,Personal,83893.58,9.05,240,2025-02-08
LOAN004058,CUST002651,Personal,15642.33,24.21,60,08/02/2025
LOAN004059,CUST002485,Vehicle,585388.58,11.76,36,2023-10-26
LOAN004060,CUST000621,Personal,149593.8,19.89,24,2023-06-28
LOAN004061,CUST001748,Vehicle,115927.32,14.59,48,10/04/2025
LOAN004062,CUST002173,Personal,123915.98,11.0,240,2026-02-04
LOAN004063,CUST002801,Vehicle,313150.64,23.69,12,2023-12-05
LOAN004064,CUST002830,Vehicle,333624.24,22.33,36,02/07/2024
LOAN004065,CUST002994,Personal,57975.36,9.51,12,2025-06-23
LOAN004066,CUST001385,Personal,57815.34,11.36,24,2024-11-05
LOAN004067,CUST000253,Home,961026.51,14.92,360,07/03/2026
LOAN004068,CUST002110,Home,338879.82,10.55,240,2021-12-12
LOAN004069,CUST002859,Personal,94836.5,16.09,240,2022-02-03
LOAN004070,CUST002658,Home,1967169.7,23.27,360,26/07/2021
LOAN004071,CUST001505,Home,562022.04,7.74,240,2021-09-20
LOAN004072,CUST002060,Vehicle,157373.93,12.41,60,2021-10-23
LOAN004073,CUST002994,Vehicle,356679.34,19.87,60,15/08/2021
LOAN004074,CUST002591,Home,1198316.56,19.3,360,2022-11-30
LOAN004075,CUST001287,Vehicle,461815.08,10.54,12,2021-07-26
LOAN004076,CUST000392,Vehicle,212384.73,15.02,240,2023-10-03
LOAN004077,CUST002890,Vehicle,164170.47,9.92,36,2025-02-24
LOAN004078,CUST001432,Personal,131868.07,8.42,240,18/04/2026
LOAN004079,CUST002467,Personal,133547.77,23.33,24,16/01/2022
LOAN004080,CUST002081,Vehicle,104517.86,13.93,36,2023-05-18
LOAN004081,CUST000700,Home,342038.22,22.85,240,28/09/2024
LOAN004082,CUST000430,Vehicle,409151.19,20.86,36,05/05/2026
LOAN004083,CUST002123,Personal,42740.23,15.56,240,20/03/2025
LOAN004084,CUST000658,Personal,51873.98,9.83,240,2023-05-26
LOAN004085,CUST000259,Vehicle,382806.28,14.42,120,11/12/2022
LOAN004086,CUST000966,Vehicle,520328.09,11.5,120,12/10/2024
LOAN004087,CUST002681,Home,1313829.97,24.8,240,2023-01-11
LOAN004088,CUST002009,Vehicle,571190.49,21.79,48,26/09/2021
LOAN004089,CUST001672,Home,871414.33,20.29,240,26/02/2022
LOAN004090,CUST001548,Vehicle,435612.07,12.66,12,06/04/2022
LOAN004091,CUST002122,Personal,99693.32,13.92,48,25/10/2023
LOAN004092,CUST002024,Personal,50053.15,12.73,60,2026-02-25
LOAN004093,CUST000710,Home,721634.11,13.15,180,2026-05-27
LOAN004094,CUST002281,Personal,128545.87,16.61,240,2026-01-24
LOAN004095,CUST000348,Home,1614340.0,9.06,120,2022-02-27
LOAN004096,CUST001058,Personal,121959.7,19.68,48,2024-09-12
LOAN004097,CUST000531,Home,1266728.64,10.79,240,2026-04-02
LOAN004098,CUST002208,Personal,112144.57,10.18,120,19/06/2025
LOAN004099,CUST002395,Vehicle,469702.32,10.64,12,23/11/2025
LOAN004100,CUST001352,Home,628229.67,12.28,180,24/02/2026
LOAN004101,CUST002578,Vehicle,280808.94,13.04,12,04/06/2022
LOAN004102,CUST001982,Home,1331143.84,20.99,120,2022-02-13
LOAN004103,CUST002871,Vehicle,472021.94,9.52,24,17/02/2025
LOAN004104,CUST001240,Personal,78772.13,20.64,24,22/10/2023
LOAN004105,CUST002249,Home,1047093.59,10.5,120,2025-12-04
LOAN004106,CUST002870,Vehicle,598602.04,22.41,48,2024-12-25
LOAN004107,CUST001847,Personal,85783.07,16.51,24,28/11/2022
LOAN004108,CUST001131,Vehicle,584162.43,18.25,120,04/09/2021
LOAN004109,CUST002456,Personal,104274.44,8.46,48,03/05/2024
LOAN004110,CUST001642,Home,888564.39,23.05,180,2021-11-16
LOAN004111,CUST001021,Home,1217773.02,19.39,180,2024-12-20
LOAN004112,CUST002434,Personal,143910.53,15.72,24,2022-08-17
LOAN004113,CUST001729,Home,1542271.88,12.96,240,10/07/2023
LOAN004114,CUST000496,Personal,5691.13,9.72,24,2023-06-04
LOAN004115,CUST000715,Home,648156.95,19.97,180,2021-09-30
LOAN004116,CUST001098,Personal,29130.73,8.74,24,11/09/2023
LOAN004117,CUST000334,Personal,79783.86,11.92,120,09/11/2023
LOAN004118,CUST002809,Vehicle,428637.74,24.13,24,2022-06-05
LOAN004119,CUST001619,Personal,77806.28,9.58,240,18/08/2021
LOAN004120,CUST000807,Personal,11582.6,10.05,48,2025-12-24
LOAN004121,CUST002932,Personal,98259.95,23.94,36,2024-10-17
LOAN004122,CUST001055,Personal,117975.69,15.27,36,2026-04-15
LOAN004123,CUST001079,Home,387160.25,20.94,360,2025-11-16
LOAN004124,CUST000131,Personal,100356.08,11.3,24,21/01/2025
LOAN004125,CUST001794,Vehicle,107147.8,22.11,24,2025-02-06
LOAN004126,CUST001640,Personal,111461.7,18.96,12,2022-07-25
LOAN004127,CUST002721,Personal,97663.63,14.14,48,18/11/2022
LOAN004128,CUST002979,Vehicle,550503.28,20.26,12,13/11/2024
LOAN004129,CUST002055,Home,684685.18,11.19,180,2026-04-21
LOAN004130,CUST001193,Personal,40763.56,21.1,60,2022-06-28
LOAN004131,CUST001556,Home,1543390.73,20.76,360,2024-12-16
LOAN004132,CUST001890,Home,1806463.21,18.04,120,21/07/2025
LOAN004133,CUST001447,Personal,45580.24,10.25,60,19/06/2026
LOAN004134,CUST001843,Vehicle,301880.11,19.97,240,13/10/2021
LOAN004135,CUST000094,Personal,12883.23,8.61,240,03/05/2024
LOAN004136,CUST001206,Home,866004.31,15.85,360,13/10/2025
LOAN004137,CUST001217,Personal,11254.69,12.03,240,2024-04-25
LOAN004138,CUST002014,Vehicle,287253.24,16.54,120,2025-01-09
LOAN004139,CUST002358,Personal,7631.39,22.27,240,2025-06-18
LOAN004140,CUST000879,Vehicle,558320.41,11.4,60,2025-01-31
LOAN004141,CUST001282,Vehicle,485286.96,21.25,120,2025-03-21
LOAN004142,CUST002088,Personal,94469.06,23.91,24,2022-12-22
LOAN004143,CUST001807,Personal,113967.83,20.3,24,2021-12-31
LOAN004144,CUST001109,Personal,140095.9,17.08,12,2023-05-17
LOAN004145,CUST001895,Vehicle,373878.85,11.47,60,2025-08-08
LOAN004146,CUST002548,Vehicle,330107.71,17.77,12,2024-03-30
LOAN004147,CUST002368,Vehicle,285974.67,9.14,240,2023-05-27
LOAN004148,CUST002302,Home,769937.41,14.72,360,2026-01-01
LOAN004149,CUST000277,Personal,116415.05,23.39,60,19/02/2025
LOAN004150,CUST002509,Vehicle,417497.02,24.01,120,23/03/2024
LOAN004151,CUST000336,Home,765941.85,8.24,240,22/02/2023
LOAN004152,CUST001370,Home,1048597.45,22.95,240,2024-09-16
LOAN004153,CUST002025,Personal,111798.75,9.86,60,27/07/2023
LOAN004154,CUST001948,Personal,128869.99,23.64,120,2024-06-02
LOAN004155,CUST000689,Home,1713376.88,15.98,240,2023-05-25
LOAN004156,CUST000278,Personal,15010.92,20.17,36,28/05/2026
LOAN004157,CUST002387,Personal,83610.26,15.14,36,04/05/2025
LOAN004158,CUST001669,Home,1410930.25,7.96,240,2022-04-17
LOAN004159,CUST002615,Vehicle,557640.92,23.27,36,15/11/2024
LOAN004160,CUST002650,Personal,93994.45,16.79,120,10/12/2025
LOAN004161,CUST001641,Vehicle,302091.74,21.22,36,2024-11-21
LOAN004162,CUST000080,Vehicle,470977.53,13.17,48,2023-07-28
LOAN004163,CUST001975,Vehicle,86681.13,22.28,12,18/04/2026
LOAN004164,CUST000641,Vehicle,595836.98,20.24,60,2021-12-28
LOAN004165,CUST000852,Home,420186.77,23.36,120,2022-10-24
LOAN004166,CUST002560,Home,1175852.02,19.23,180,2022-03-30
LOAN004167,CUST001086,Home,738931.59,18.98,240,11/02/2026
LOAN004168,CUST001818,Vehicle,554334.79,16.53,24,27/09/2024
LOAN004169,CUST002773,Vehicle,226998.97,20.18,48,14/10/2023
LOAN004170,CUST001588,Personal,71062.48,15.32,60,20/03/2024
LOAN004171,CUST001935,Personal,130759.08,14.97,24,2024-11-29
LOAN004172,CUST002952,Personal,70633.36,18.03,36,2025-12-10
LOAN004173,CUST000120,Personal,83967.77,17.94,60,2023-04-04
LOAN004174,CUST001663,Vehicle,122878.31,11.28,24,2026-01-31
LOAN004175,CUST000702,Home,427438.59,10.47,360,26/05/2026
LOAN004176,CUST002079,Vehicle,244798.99,22.56,24,12/04/2022
LOAN004177,CUST001041,Personal,75654.92,7.99,60,2023-03-31
LOAN004178,CUST001006,Personal,56451.19,10.74,36,2024-09-04
LOAN004179,CUST001973,Vehicle,141205.02,23.41,36,25/03/2025
LOAN004180,CUST000845,Vehicle,423710.66,7.95,60,2025-10-02
LOAN004181,CUST001948,Home,1567755.48,13.6,180,2024-05-21
LOAN004182,CUST002173,Home,1813895.03,9.45,240,2026-05-17
LOAN004183,CUST000409,Vehicle,372947.92,17.19,240,18/06/2025
LOAN004184,CUST002546,Personal,95429.05,20.54,36,15/08/2025
LOAN004185,CUST000161,Personal,119456.0,13.99,36,08/07/2023
LOAN004186,CUST000877,Vehicle,409589.15,19.58,60,2025-08-13
LOAN004187,CUST001855,Personal,11816.31,19.82,60,24/11/2025
LOAN004188,CUST002985,Personal,25182.75,18.96,240,09/06/2026
LOAN004189,CUST000482,Personal,23670.21,19.02,120,2024-03-29
LOAN004190,CUST001290,Home,757433.01,18.38,240,2024-02-14
LOAN004191,CUST001030,Vehicle,363847.96,21.1,36,25/05/2024
LOAN004192,CUST002131,Home,1351848.25,10.83,360,2022-10-26
LOAN004193,CUST001642,Home,436834.97,14.92,120,10/04/2024
LOAN004194,CUST001881,Home,808189.19,11.13,120,2026-03-15
LOAN004195,CUST002183,Personal,94505.05,7.76,36,16/03/2025
LOAN004196,CUST000104,Personal,46427.98,19.31,36,2024-12-06
LOAN004197,CUST000080,Vehicle,268274.7,19.08,36,10/06/2025
LOAN004198,CUST001112,Vehicle,116889.5,17.43,120,2023-12-22
LOAN004199,CUST000548,Vehicle,288803.38,9.85,120,2023-03-02
LOAN004200,CUST002094,Home,439413.44,18.54,240,2025-09-06
